text,source,category,rating,date,url,label
"Достоинства: Отличные технические характеристики, 4 камеры, большая память, большой объём батареи.
Недостатки: Несколько дешёвая комплектация.
Доброго времени суток уважаемые авторы и гости сайта! Сегодня расскажу Вам о своём новом телефоне. Но, так как я люблю всё расставлять по пунктам, то начну в том же порядке, в котором описываю телефоны. 1. Упаковка не оставила меня равнодушным, напротив, очень даже расстроила. Я понимаю, что серия А не является топовой, но нельзя же так пренебрежительно относиться к клиентам. Сегодня купил А, а завтра S, но если человек купил гаджет от Самсунг впервые и напал на такое отношение, вряд ли он захочет покупать потом ещё что либо. Теперь подробнее. В предыдущем отзыве я описывал модель Galaxy S7, ту коробочку было приятно держать в руках и если честно, я оставил её себе и держу в ней всякие мелочи типа наушников и так далее. Эту же стоит хранить только ради гарантии. Даже на фото видно, из какой бумаги она сделана. Ну да ладно, коробка не самое главное!) Вот она! Заветная надпись 128 ГБ. Да и то, что телефон сделан в Индии, меня порадовало, мне уже порядком поднадоело видеть на подавляющем большинстве того, что есть у меня дома видеть надпись сделано в Китае, хоть какое то разнообразие. Предостерегающая надпись. Производитель о нас заботится) 2. Комплектация чуть не заставила меня заплакать... Я наверное просто отвык от такого ужаса, так как в последние годы были только Гэлэкси. Зарядное устройство Проводная гарнитура Ключ для открытия слота под сим карту Конечно же сам телефон и всякие бумажки Собственно все то, что было и в Смартфон Samsung Galaxy S7 , но не совсем такое. 3. К скорости и качеству зарядки вопросов у меня нет, а вот пластик на ощупь совсем другой. Чувствуется, что он значительно дешевле. Стыки чувствуются довольно таки сильно и видны невооружённым глазом. Даже на фото Вы сможете увидеть разницу, между зарядкой на S7 и A51. Мелочь, а неприятно. Здесь зарядка в свёрнутом виде, но каково же было моё удивление, когда я её развернул! Её длина всего 80 см. Я не помню, какая длина провода была у предыдущего телефона, но здесь она явно короче. Всё равно я куплю себе дополнительные кабели и в машину и домой, но то, что в базовой комплектации, где как правило лежит хороший кабель, положили такую насмешку, мне не понравилось. 4. Наушник я такие не видел давно... может лет 10) Если честно, я забыл что такие бывают, вот честно забыл... они мне напомнили те наушнике, которые мне покупала мама в 90-х, когда я учился в школе и денег не было в достатке, в самом простом понимании этих слов... Это какой то кошмар... Я не говорю о том, что мне не нравится эта форма, да, я люблю так называемые капельки, собственно по этому я и искал себе очень долго гарнитуру, про которую уже писал отзыв, но эти наушники это что то... Вроде как не плохо выглядят на этой фотке верно? Но один проводок намного короче и не предусматривает возможность использовать их комфортно, один провод надо обернут вокруг шеи, а сама кнопочка на гарнитуре будет почти на ухе. Положу их в коробочку, пусть там же и лежат. Первый сюрприз, помимо формы это отсутствие регулировки громкости. Я всё понимаю, но сколько стоит эта регулировка в производстве 1 цент? 2? Мелочность... Долго думал, как передать толщину проводков, фотографировал на кухне, по этому решил приложить фотку. Это стандартная спичка. Как Вам толщина проводков? Думаю немного резко повернуть голову и провод порвётся. Но есть и значимый плюс! Собака их не перегрызёт, провод просто застрянет между зубов) 5. Сэкономили даже на ключе, пользуемся мы им конечно не часто, но такого ключа я ещё не встречал) Могли бы просто вместо ключа написать совет воспользоваться иголкой) Но, свою функцию выполняет и ладно. 6. В бумажках всё как обычно, стандартный набор, в отличие от С7, дополнительную гарантию я брать не стал. 7. А вот и сам красавчик) В руке сидит приятно, хотя и несколько неудобно, большой. Но а71, который я рассматривал несколько больше, по этому взяв его в руки, решил, что вероятность падения этого телефона на пол несколько ниже и выбрал 51) Стекло приятное, сам корпус выполнен качественно. Камер не пожалели, аж 4! Они несколько выступают, по этому обязательно куплю чехол, но пока в салонах с этим беда, пользуюсь аккуратно. Задняя крышка так же не обрадовала, но об этом предупредил ещё консультант, в отличии от серии С, в этой телефоне она пластиковая. Экономия во всём. Порт зарядки находится внизу, это понятно, но зачем внизу стали размещать и порт для наушников, мне не понятно. Какая то новая фишка у Самсунга. Кнопки теперь перенеслись на одну сторону, что не могу сказать, что неудобно, просто в первые дни было непривычно. Слот для сим карты и карты памяти перенесли с верхнего ребра, на боковое ребро, что в принципе не важно, так как пользуюсь им крайне редко. 8. Камер аж 4! Зачем их столько я не совсем понимаю, но наверное так лучше) Техническое описание камер я описывать не буду, скажу лишь что оно меня устраивает. Как снимает камера, Вы можете судить по фотографиям показанным в данном отзыве, кроме самого телефона, его я снимал на С8. Также все фотографии представленные в отзыве про Смартфон Samsung Galaxy S7 , сделаны на этот телефон. 9. Монитор яркий, мне нравится, цвета отличные, люблю яркие цвета Самсунга. Вот несколько фоток экрана на телефон... Так выглядят скриншоты экрана. Мне экран очень нравится. Большой и удобный. Хотя я по прежнему стараюсь смотреть в экран телефона поменьше. 10. Меню меня не удивило ничем. Правда пришлось удалить назойливые сообщения от Яндек Дзен, жаль полностью его удалить не получилось. В принципе, все мои приложения я перенёс с С7, так что всё привычное и родное) Настройки если и изменились, то настолько незначительно, что я этого не заметил. Расположение включалок и отключалок функций, можно настроить по своему, чем я и воспользовался. 11. Батареи мне хватает больше, чем на день, несмотря на моё использование телефона в течение дня. Объём батареи хороший, так что проблем с быстрой разрядкой нет. 12. Объём памяти 128 гб. Для меня это очень важно, и теперь я снимаю и видео и фото спокойно, не боясь заполнить карту. 13. Купил телефон я в салоне Мегафон и вот почему. Пройдя по МТС, Связной, и Мегафон, они не только предложили самую выгодную цену, 22 300 р., округленно, но и предоставили скидку в размере 2 300 р. за старый телефон. Так как у меня 2 Galaxy S4, один из которых сломался и не стоит починке, второй кстати ещё работает, я предложил им не работающий. В принципе можно даже принести кнопочный телефон, если у кого ещё остался и получить скидку в размере 2 300 р. что на мой взгляд очень не плохо. По этому я и отдал предпочтение салону Мегафон. Так как телефон сломался ночью, а ждать пока его привезут курьеры я конечно же не мог, мне и пришлось прогуляться до салонов связи. Это не реклама Мегафон, как у клиента у меня есть претензии, причём серьёзные, но цена у них оказалась самая выгодная. 14. Взаимодействие с моей любимой Bluetooth гарнитурой Hoco E7 отличное, правда пока пользуюсь ею только во время прогулок с собакой, за рулём в ""самоизоляции"" особо не поездишь) Стоит ли покупать телефон А 51? Да, да и ещё раз да. Несмотря на копеечную комплектацию, начинка у него что надо. Стоит он не дорого, мне он обошёлся в 20 000 р, а технические характеристики у него намного выше чем у 7 и 8 Galaxy серии S. Прогресс не стоит на месте и я понимаю, что за 2 года техника ушла вперёд. Но получить смартфон с такими характеристиками за эти деньги, по моему просто отлично. Выбирал я между Honor 20 pro и серией А 51 и 71. 71 для меняч слишком большой, а китайца не взял пожалуй потому, что во первых привык к Самсунгам, а во вторых не доверяю китайским брендам после HTC, как то не складывается у меня с их продукцией. Да, многие скажут, что я переплачиваю за имя бренда. Но Дамы и Господа! Имя бренда - это его репутация, а репутация стоит денег) Надеюсь мой отзыв помог принять кому то решение и был интересным. Спасибо за внимание и до новых встреч)",otzovik.com,otzovik.com,5.0,2020-04-16,https://www.otzovik.com/review_9840746.html,positive
"Достоинства: Отличная камера, дизайн, быстрая зарядка, яркая и насыщенная картинка
Недостатки: Цена, пластиковый корпус
Приветствую всех читателей отзыва! Сегодня хочу поделиться с Вами впечатлениями по своему новому приобретенному смартфону Samsung Galaxy A51, а также расскажу о плюсах и минусах. Купил я его взамен смартфону Samsung Galaxy A50, так как 2 раза были проблемы с дисплеем. В первый раз уронил его с высоты пояса, дисплей ""вдребезги"", во второй раз после ночной зарядки смартфона дисплей начал расплываться черным оттенком, будто залили чернила (за сутки дисплей стал полностью черным). Но тем не менее решил дать Samsung последний шанс и приобрел A51. За 3 недели использования, нареканий в работе не возникло никаких. Хотелось бы отметить плюсы и минусы. Плюсы: - 4 камеры (основная камера 48 МПик), качество снимков на высоте (можно сравнить с зеркальным фотоаппаратом); - аккумулятор 4000мАч с функцией быстрой зарядки; - красивый и тонкий дизайн; - 3D стекло; - новая операционная система Android 10. Минусы: - пластиковый корпус; - стекло Gorilla glass 3 (была в предыдущей модели А50, можно было и новее модель установить); - высокая цена. Дисплей смартфона имеет 6,5 дюймов, но за счет тонких рамок кажется небольшим и удобно лежит в руке. Все новые игры поддерживает без тормозов и глюков, памяти для обычной повседневной жизни хватает, если конечно не качать много фильмов. Комплектация смартфона стандартная, в комплекте идет: обычные белые наушники, зарядное устройство Type-C длинной 75 см., штифт для извлечения слота, руководство по эксплуатации. К покупке рекомендую, пока что все в нем нравиться, одна камера чего только стоит, но как писал выше использую всего не так долго, всего 3 недели. Если упадет с высоты 50 см и разобьется, дополню отзыв и изменю оценку.",otzovik.com,otzovik.com,5.0,2020-07-28,https://www.otzovik.com/review_10414906.html,positive
"Достоинства: Стильный, шустрый, удобный, получаются отличные фото
Недостатки: Пластиковая, маркая крышка, простенькие наушники в комплекте
Приветствую посетителей Отзовика! Совсем недавно передо мной встал вопрос о покупке нового смартфона, в моем Samsung Galaxy J7 2017 стал мало памяти и захотелось что-нибудь новенькое. Ассортимент смартфонов очень большой, прям глаза разбегаются какой же выбрать. Для себя я решила оценивать смартфон по следующим характеристикам: поддержка двух сим-карт, оперативная память от 4Гб, аккумулятор от 4000мАч, экран хотелось бы больше, чем 6.2 дюйма, но главное я хотела бы очень классную камеру. Рассмотрев несколько вариантов я остановилась на смартфоне Samsung Galaxy A51 SM- A515F/DSM о покупке которого пока не жалею) *Комплект* Продавался он в такой коробочке: Не смотря на компактную коробочку в ней находился полный комплект: смартфон, зарядное устройство к нему type-C (универсальный разъем), наушники, штифт для извлечения слота, гарантийный талон (на 12 месяцев) и краткое руководство. Конечно, было бы приятно если бы еще чехол был в комплекте (на первое время) или защитная пленка на экран, но этого не было. Все было запечатано в защитную пленку и аккуратно размещено внутри коробки. Зарядное устройство стандартное для Самсунгов, сделано во Вьетнаме (впрочем как и сам гаджет). Шнур не длинный, приблизительно 75см, розетка европейская, поэтому никаких переходников не нужно. Зарядное устройство отлично заряжает смартфон, а если еще включить функцию ""быстрая зарядка"", то за час будет 100%. Удобно, что в Самсунгах стали делать универсальный разъем и теперь не нужно думать какой стороной вставлять usb. На задней крышке смартфона была этикетка с краткой информацией о нем: Краткое руководство действительно краткое) Поэтому прочтение его не займет больше минуты, а польза будет. Особенно производитель обращает внимание на Предупреждения, что не следует делать и как продлить срок службы смартфона, его аккумулятора (к примеру, при использовании смартфона при температуре от минус 20 до 50 градусов возможно повреждение устройства, сокращение срока службы аккумулятора) . *Характеристики* Мне очень понравился внешний вид смартфона: большой экран и переливающаяся задняя крышка (из трех цветов я выбрала белый вариант). Экран в данном устройстве 6.5 дюйма (длина смартфона 158.5мм из них где-то 147мм это экран), разрешение 1080х2400. Изображение четкое, яркое, красочное. Приятно смотреть картинки, видео, читать статьи. Стекло имеет защиту от царапин Gorilla Glass3, это хоть и не сильная защита, но хорошо что вообще есть. По бокам корпуса расположены клавиши громкости, клавиша включения/отключения слот для сим-карт и карты памяти, он один. Кстати, Самсунг А51 поддерживает 2 sim-карты, типа nano-sim. В руководстве схематически указано как вставлять симки и карту. В моем предыдущем смартфоне оперативная память была 2Гб и мне ее реально не хватало. В А51 оперативка в два раза больше и сейчас я закачала все необходимые мне приложения, при этом память заполнена лишь на половину (это лишь нужные мне приложения, игр среди них нет, потому что я в них не играю). Процессор Еxynos9611 (всего восемь ядер, то есть два четырехъядерных набора), я не сильна в соответствующих терминах, отмечу лишь то, что смартфон работает быстро, шустренько открываются страницы и приложения. А мне большего и не нужно. Фронтальная камера расположена в экране смартфона, я так понимаю это одна из последних фишек производителей смартфонов. Камера для селфи 32 Мп. Я не большой любитель селфи, но от такой камеры не откажусь) Вот мышонок сделал селфи в комнате при искусственном свете: Samsung Galaxy A51 выделился основной камерой, точнее четырьмя. Встроенные четыре камеры 48Мп, 12 Мп, 5Мп и 5Мп привлекают внимание, радуют качеством фотографий. Для меня смартфон прост в применении, менюшка простая и легко в ней ориентироваться. А поисковик в помощь для тех, кому сложно) Также имеются советы и полное руководство пользователя, который также неплохо было бы прочесть. Аккумулятор стоит литий-ионного типа емкостью 4000мА*ч несъемный. При таком дисплее, мне кажется, меньшую и не стоит рассматривать. Если я плотненько использую смартфон для созерцания информации в сети, то мне заряда аккумулятора хватает на сутки. Если я использую смартфон лишь для общения (не включая интернет), то я могу не заряжать его и трое суток (мы ездили на выходные отдыхать и я телефон практически не брала в руки, лишь несколько фото сделала, так заряда аккумулятора хватило на всю поездку и еще 40% осталось). Качество звука отличное, чистое и довольно громкое (это конечно субъективное описание, но мне звучания достаточно). Со скриншотами эта модель выпендрилась: чтобы сделать скрин экрана необходимо ребром ладони по нему провести. Получаются скриншоты сразу, как только принаровишся их делать. *Фотографии* От качества фотографий я в восторге! Они получаются четкие, яркие и живые, цветопередача реалистичная. Мне легко сфотографировать любой объект/предмет и получить прекрасные фото. Причем независимо от макро/микро съемки объекта. Есть функция выбора ""лучшее фото"", когда устройство само подсказывает какой кадр лучший. Спецэффектов достаточно, есть все необходимые: размытый задний фон, красивое лицо, добавление стикеров и другие. Чаще всего в вечернее темное время у меня были проблемы с фото, нечеткие какие-то получались. А при помощи А51 даже при слабом освещении получаются хорошие фотографии. В полной темноте фото диско-шара без вспышки: За 1.5 месяца использования смартфона Samsung Galaxy A51 SM- A515F/DSM я полностью им довольна, да есть небольшие недостатки, но они субъективны и не портят общего впечатления от данной модели. Бамперы заказала с Али и пока жду их, так как у нас очень скудный выбор чехлов/бамперов на эту модель, а ценник заоблачный. Покупала смартфон в рассрочку на 24 месяца, общая цена составила 17990 рублей. А теперь хочу выделить достоинства смартфона Samsung Galaxy А51: + качество сборки + стильный дизайн и удобный формат + шустрый в работе + яркая, красочная картинка + чистый звук + прекрасное качество фотографий + относительно большая оперативная память (понимаю, что есть и больше, но мне пока и этой хватает, закачала все что хотела) + наличие SamsungPay и удобство использования + простота пользования (после J7 730 вообще было легко) + сканер отпечатка пальца работает идеально + функция ""быстрая зарядка"", ""лучший снимок"", Always in display +/- батареи при постоянном нахождении онлайн, частом зависании с телефоном в руках хватает на сутки +/- хорошо, что есть наушники в комплекте, но они простенькие +/- задняя крышка маркая, но этот недостаток устраняется при помощи бампера) За надежность 4 звезды, потому что рано мне о ней пока судить. Вот такое у меня создалось впечатление от использования Samsung Galaxy модели A51 2019года. Всего доброго! P.S. Если есть вопросы-пишите их в личку или в комментариях, я отвечу.",otzovik.com,otzovik.com,5.0,2020-02-05,https://www.otzovik.com/review_9436581.html,positive
"Достоинства: бюджетная линейка, мощный аккумулятор, быстрая зарядка, продолжительное время работы, красивый дизайн, удобный в использовании.
Недостатки: неудобная форма наушников, короткий шнур.
Здравствуйте. После покупки смартфона Samsung Galaxy А31 захотелось протестировать модель Samsung Galaxy А51, которую менеджеры расхваливают, как более удачную из-за большого объема памяти и лучших технических характеристик камеры. После семейного совета решили взять еще Samsung Galaxy А51 в красном и черном цветах. Для меня, неискушенного пользователя современными гаджетами и среднестатистического россиянина с доходом ниже среднего, обе модели выглядят привлекательно, благодаря оснащены красивому дизайну и современным наворотам. Какой же телефон лучше? Предлагаю сравнить! = Samsung Galaxy А31 или Samsung Galaxy А51? = 1. Упаковка. Продаются смартфоны в картонной коробке с изображением гаджета на обложке. Дизайн упаковки нарядный, схожий, выполненный в лучших традиций Samsung. В коробке есть все, что надо для функционирования телефонов: смартфон, зарядное устройство с разъемом type-C, наушники, ключ для извлечения слота с сим-картами, гарантийный талон на 1 год и краткое руководство - абсолютно идентичный набор в двух коробках. Несмотря на то, что порядковый номер Samsung Galaxy А51 следует за Samsung Galaxy А31, первая модель линейки вышла раньше второй. Samsung Galaxy А51 появился на рынке в конце 2019 года, а Samsung Galaxy А31 - весной 2020 года. Оба телефона относятся к среднем бюджетному классу смартфонов. Итог: счет 1:1. 2. Внешний вид. Сочетание современных подходов к оформлению, эргономичная форма, большой экран моделей, дизайнерское украшение задней панели выгодно подчеркивают достоинства внешнего вида смартфонов. Samsung Galaxy А31 у меня представлен в белом цвете, а Samsung Galaxy А51 - в черном и красном цветах. В продаже имеются модели смартфонов белого, черного и красного цветов. Samsung Galaxy А31 весит 185 грамма, а Samsung Galaxy А 51 - 172 грамма. Размеры смартфона Samsung Galaxy А 31: 73,1 * 159,3 * 7,9 мм. Размеры смартфона Samsung Galaxy А 51: 73,6 * 158,5 * 8,6 мм. Разница практически не ощущается. Держать в руках удобно обе модели. Корпус телефонов классический. Сборка выполнена качественно. Дисплей гаджетов, на мой взгляд, достаточно большой, удобный для просмотра изображений и видео, чтения книг с экрана. Размер изображения 2400x1080 пикселей. Тип дисплея Super AMOLED. Дисплей цветной, сенсорный. Цвета яркие и сочные, неоновые. Заставка смотрится нарядно и красочно. Итог: счет 2:2. 3. Документация. Краткое руководство и гарантийный талон содержат описание внешнего вида устройства и его характеристик на русском языке. Документация идентичная. Итог: счет 3:3. 4. Зарядное устройство и продолжительность работы. Работу устройств поддерживает литий-полимерный, несъемный аккумулятор. Мощность аккумулятора Samsung Galaxy А 31: 5000 мАч. Размеры смартфона Samsung Galaxy А 51: 4000 мАч. Зарядки Samsung Galaxy А 31 хватает на 97 часов при воспроизведении музыки и на 22 часа при просмотре видео. Зарядки Samsung Galaxy А 51 хватает на 87 часов при воспроизведении музыки и на 20 часа при просмотре видео. При активном пользовании функциями смартфонов зарядки хватает на 24 часа, при экономичном подходе - до 2-х суток. В настройках телефонов есть дополнительная функция - энергосбережения - при активном пользовании 63% на 5 дней. Я пока ею не пользовалась, но для поездок без возможности зарядить телефон данная функция сыграет свою роль. У обеих моделей смартфонов зарядное устройство имеет разъём USB Type-C. Кабель довольно плотный, но короткий - длинной 1 метр. С одной стороны это плюс, так как на зарядке не удобно пользоваться телефоном и есть возможность отдохнуть от захватывающих возможностей виртуальной реальности. В гаджетах предусмотрена функция быстрой зарядки - в течение 1,5 - 2 часов. В настройках телефона предусмотрена возможность отключения режима быстрой зарядки. Балл уходит Samsung Galaxy А 31 за большую емкость аккумулятора. Итог: счет 4:3. 5. Процессор и память гаджетов. Процессор в смартфоне Samsung Galaxy А31 - 8 ядерный MediaTek 6768. Частота работы процессора - 2000 МГц. Встроенная память - 64 Гб. Объем оперативной памяти - 4 Гб. Процессор в смартфоне Samsung Galaxy А51 - 8 ядерный Samsung Exynos 9611 Octa. Частота работы процессора - 2300 МГц. Встроенная память - 128 Гб. Объем оперативной памяти - 6 Гб. Я не сильна в технических терминах и характеристиках техники, отмечу лишь то, что оба смартфона работают шустро, быстро открываются приложения и загружаются web-страницы. Объем пространства смартфонов можно увеличить за счет карт памяти. Смартфоны поддерживает карты памяти MicroSD, MicroSDHC, MicroSDXC - полный набор. Максимальный объем карты памяти до 512 Гб. Балл уходит Samsung Galaxy А 51 за производительность работы процессора, больший объем оперативной и встроенной памяти. Итог: счет 4:4. 6. Мультимедиа. Смартфоны имеют встроенные аудиоплеер и видеоплеер, аудиоразъем. В комплектацию входят наушники. Длина гарнитуры чуть больше метра, один провод короткий - 15 см, другой длиннее раза в три. Они радуют глаз своим наличием, но в использовании мне не понравились. Форма наушников мне не понравилась. Звук по качеству хороший. Слушала аудиокниги на телефоне, музыку, смотрела видео. Широко известные форматы аудиофайлов (MP3, WAV, WMA, MID, MIDI и другие) легко воспроизводятся устройством. В игры я не играю, но ради интереса попробовала установить и поиграть в простую игру. Установка выполнена была быстро и при игре никаких сбоев не наблюдалось. Итог: счет 5:5. 7. Программное обеспечение и функции. Операционная система смартфонов - Android 10. Чаще других я использую приложения Google и стандартные инструменты (калькулятор, часы), поэтому производительность данной модели считаю высокой. Современные гаджеты оснащены слотом для двух nano-SIM-карт и поддерживает популярные в современном мире функции: Wi-Fi, Bluetooth, USB и другие. Для установки nano-SIM-карт предусмотрен ключ. В телефонах есть еще одна функция - идентификация пользователя. Она активируется при первом запуске телефона. В качестве способов защиты от несанкционированного доступа в гаджеты предусмотрены: защита пин-кодом, биометрическая система распознавания лица, отпечатков пальцев. Мудреные способы защиты смартфона от злоумышленников я не испытывала, поэтому не могу дать оценку ноу-хау. В телефоне много установленных заводских приложений, но что нравится, в данных моделях можно удалить ненужные приложения. В смартфонах достаточно много места для того, чтобы скачать нужные приложения из Play Маркет. Итог: счет 6:6. 8. Камеры и фотографии. Смартфон Samsung Galaxy А31 оснащен пятью камерами с разным разрешением: - первая сверху - камера 5 МР; - вторая по середине - основная камера 48 МР; - третья снизу - сверхширокоугольная камера 8 МР; - четвёртая снизу - камера для макросъёмок 5МР; - фронтальная камера - 20 Мп. Разрешение видеосъемки - 1920 x 1080 пикс. Смартфон Samsung Galaxy А51 оснащен пятью камерами с разным разрешением: - первая сверху - камера 5 МР; - вторая по середине - основная камера 48 МР; - третья снизу - сверхширокоугольная камера 12 МР; - четвёртая снизу - камера для макросъёмок 5МР; - фронтальная камера - 32 Мп. Разрешение видеосъемки - 3840 x 2160 пикс. На мой взгляд, камеры расположены в удобном месте и не выпирают наружу. Технология объединения четырёх камер в единую систему, визуально улучшает изображение. Есть тыльная, светодиодная фотовспышка, она работает, как автоматически, так и по пользовательской настройке. Недостатки: зум не способен постоянно работать между широкоугольным, стандартным и макрообъективом. Приведу примеры фотографий с использованием разных режимов, выполненные Samsung Galaxy A 51. Оценим качество снимков. Преимущество Samsung Galaxy A 51 в сравнении с Samsung Galaxy A 31 по данной категории незначительное. Итог: счет 7:6. 9. Цена на момент покупки. Смартфон Samsung Galaxy А31 - 16248 рублей. Смартфон Samsung Galaxy А51 - 20650 рублей. = Вывод = Впечатление от смартфонов Samsung Galaxy A 31 и Samsung Galaxy A 51 самое положительное. В своём ценовом диапазоне они не уступают другим более дорогим моделям. Телефоны качественные, хорошо укомплектованные, операционная система и приложения загружаются быстро и без проблем. Быстро заряжаются и долго держат зарядку. Смартфон имеет множество дополнительных функций и возможностей, с которыми ещё не разобралась полностью. Сравнительно большая память, даёт возможность сделать множество снимков и видео. За короткий срок пользования смартфоны ни разу не зависали и не подводили меня. Из недостатков могу отметить короткий шнур зарядного устройства и форму наушников. Рекомендую. Сравнивайте и выбирайте. Спасибо за внимание. Удачных покупок!",otzovik.com,otzovik.com,4.0,2020-12-08,https://www.otzovik.com/review_11079445.html,positive
"Достоинства: Камеры. Внешний вид. Интерфейс. Графика. Цена.
Недостатки: Фото в темноте. Быстро садится.
Уже третий раз делаю выбор в сторону Samsung. Да, яблоко- это статус, крутость, локаничность, в чем-то особенность, но давайте честно? Во мне присутствует адекватность и именно она не позволяет мне отдать 100 тысяч за смартфон. Samsung A51 собрал в себе все функции смартфона, которые необходимы именно мне: - выход в интернет (шустрый); - фото/видео, чтобы в любой момент я могла запечатлеть своих детей и тортики; -возможность видеозвонков, ведь родители живут в другом городе; - функция NFC, если раньше я не понимала зачем она, то сейчас я не понимаю, как без неё жить; - приложения Microsoft, работу никто не отменял; - ну и, он просто красивый! Покупка совершена в М-видео. Комплектация телефона стандартная: коробка, телефон, документы, наушники, зарядное устройство, иголка. Наушники здесь не вакуумные, обычные. Сам телефон тонкий, но увесистый. В руке держится уверенно и комфортно. Внешним видом и формами я более, чем довольна. Разбиремся с начинкой и функционалом. В отличие от моего прежнего Samsung A50 , в ""шторке"" появилось много новых и незнакомых значков и функций. Приложения тоже обновились, но все ходовые на месте. Одними из важных, это приложения Microsoft, в которых я работаю. Что мне очень нравится в Samsung, то что разбив свой телефон, я не переживаю, что все данные и контакты потеряются, я просто синхронизирую с помощью аккаунта в Google данные и все восстанавливается. Хочу отдельно и долго поговорить о камерах. Их аж 4 штуки. Мне нравится качество фото, особенно днем. Видео днем тоже превосходное, а вот при искусственном освещение и тем более в темноте присутствуют шумы. Фото со стандартными настройками 2400 на 1080 вполне неплохое. Фото сделанное днем. Улица. Фото днем в помещении. Фото при искусственном освещение в помещение. Стиль и функцию фото можно выбирать из предложенных в разделе ""еще"". Пройдёмся по каждой отдельно. Функция ПРО. Редко ее использую, настройки нужно выставлять самим, это наверное для тех дотошных, которые хорошо владеют фотоаппаратом. На исходных снимает так: Макросъемка. Мелочь берет идеально. Кажется, прекрасно для того, чтобы передать текстуру материала. Живой фокус. Размывает фон, делая акцент на главном. Тот шар, который был в макро. Еда. Сегодня модно фотографировать еду. Настолько модно, что сделали отдельной функцией. Еду я фоткаю часто). Ночь. Хотелось бы фотографии, сделанные ночью почище. Это фото было сделано в темноте. Без вспышки. Нравится очень функция ""волшебной палочки"", ею я пользовалась активно и в А50. Она здорово преображает фото. И вот как вышло. Что по остальным характеристикам. Динамики. При разговоре я слышу отлично, меня слышат отлично. Мелодия при полной громкости не фанит. Аккумулятор. У А50 зарядки мне хватало более, чем на сутки. А вот А51 утренних 100% хватит в лучшем случае до 10 вечера. Это мне не особо удобно. Браузеры, что родной, что хром быстрые. Что ещё нужно мне, как обычному юзеру? Да ничего. Я довольна. Цена. Купила его без одного рубля за 20 тыс. рублей. Учитывая то, что два предыдущих телефона разбила, приобрела оригинальный силиконовый чехол и заклеяла гидрогелиевой плёнкой экран, о которой я обязательно напишу. К покупке рекомендую!",otzovik.com,otzovik.com,4.0,2020-12-14,https://www.otzovik.com/review_11117684.html,positive
"Достоинства: Легкий, живучий, долго держит заряд
Недостатки: Сканер отпечатка
В декабре 2020 года я обновила смартфон. Дорогой брать не вижу смысла - я еще тот рукопоп, телефон часто выскальзывает из рук или могу смахнуть случайно... Выбор пал на Samsung A51. На тот момент это был мой третий смартфон от самсунга. В целом, все устраивает, менять производителя не хочу. Купила за 12 000 рублей (с учетом сдачи в трейд-ин предыдущего). И, в общем-то, менять я его не собиралась так быстро... но, увы, увлеклась фотографируя море... брызги волны попали в разъем для зарядки. Причем не скажу, что много, но этого хватило, чтобы смартфон вышел из строя. Больше он не заряжался. Муж подарил новый смартфон. А через неделю и А51 ""ожил"", стал снова заряжаться. Хотя в ремонте сказали, что после морской воды там нужно менять плату. А51 я отложила и стала пользоваться А53. О нем я писала - проработал два года и умер . Теперь у меня А55, но А51 тоже пользуюсь. Не буду много расписывать, выделю основные достоинства и недостатки: + смартфон живучий; + долго держит заряд; + легкий, тонкий, удобно лежит в руке; + предусмотрен слот для карты памяти; + шикарный экран; + есть разъём для проводных наушников (мне так удобнее, чем с беспроводными). - плохо работает сканер отпечатков пальцев. На сегодняшний день эта модель уже устарела. И камера делает не такие чёткие фото, как у новых моделях. И производительность меньше. Мне этот смартфон нужен для использования мессенджеров на второй сим-карты. Но в целом, вариант не плохой. От меня четыре балла. Спасибо за внимание!",otzovik.com,otzovik.com,5.0,2026-03-15,https://www.otzovik.com/review_18197650.html,positive
"Достоинства: Дизайн, цена, батарея, хорошо снимает видео, 128 Гб памяти
Недостатки: Сканер отпечатков пальцев часто не срабатывает; камера не фокусирует на близком расстоянии.
Доброго времени суток, уважаемые читатели. Наконец дошли руки написать про Смартфон Samsung Galaxy A51. Этот смартфон я купила для себя. Остановилась на данной модели, так как она меня устраивала по многим основным параметрам: цена не выше 20 тыс. руб., память 128 Гб, ёмкость батареи минимум 4000, возможность видеосъемки в 4К, цифровая стабилизация камеры. Собственно с заданным набором параметром это был единственный телефон в поиске... на нём и остановилась. В комплекте к телефону идут: зарядное устройство, наушники и кабель. Зарядное устройство очень быстро заряжает телефон. Цвет я выбрала белый. Дизайн приятный, белый цвет переливается перламутром. Экран большой, но телефон не кажется громоздким. Он прекрасно ложится в мою маленькую руку. Что касается основного минуса. В этом телефоне (как и по ходу во всех Samsung): с отпечатками пальцев прям беда. Ну не хочет он их по нормальному распознавать. Так что если для вас это важно, то сразу проходите мимо этого телефона. Я об этом знала заранее и уже испытывала на А31. Мне не принципиально, я отпечатками пальцев не любитель пользоваться, но для многих это важный момент. Фотокамера. Ну что сказать, я не сильный любитель фотографий на телефон и если есть под рукой фотоаппарат, то предпочту его. Но фотоаппарат под рукой не часто и всё равно большинство снимков в телефоне. Не могу сказать, что фотокамера идеальна (хотя их аж 4 сзади и одна спереди). Не плохо для телефона получается панорама: Широкоформатная фотография: Просто фото в обычном режиме в пасмурную погоду: Так же не плохо справляется с различными предметами, едой, цветами. Причём когда наводишь камеру на что либо, то есть функция распознавания того, что конкретно ты фотографируешь. Если машину, то появляется значек машины и тому бодобное. Вот к примеру скриншот экрана при фотографировании цветов (вверху появляется синий значок цветочка): А вот если очень близко приблизить телефон (сантиметров на 5), то с фокусировкой не справляется. Вот фото тех же цветов на расстоянии 7-8 см: А вот на расстоянии 5 см (надеюсь фото не удалят за размытость, это реально так фотографирует камера на очень близком расстоянии от объекта): В общем тем, кому нужен телефон конкретно из-за фотокамеры и является главным определяющим фактором при покупке, то стоит подумать подойдёт ли он вам. Видеокамера. Помимо самого распространённое формата 1920х1080, этот телефон может снимать в режиме 4К. Причём и на основную и на фронтальную камеры телефона. Понятное дело, что этот 4К будет отличаться от профессиональной и даже от самой обычной видеокамеры из за маленького размера матрицы, но в телефонах большой матрицы в принципе не существует. Видео получается очень хорошее (для телефона). Есть также встроенная цифровая стабилизация. Сглаживает скачки нормально, но появляются шумы (всё же это цифровая стабилизация, а не оптическая). Но иногда лучше снять со стабилизацией и чуть потерять в качестве, чем получить скачкообразное видео на котором можно потом глаза сломать. Без включенной стабилизации претензий к видео вообще нет. Можно снимать в обычном и в широкоформатном режимах. В сравнении с Huawei и Asus, на Samsung качество видео выигрывает. Но в 4К снимаю только когда нужно будет в редакторе чуть обрезать видео, что бы не сильно потерять в качестве. А так в основном снимаю в обычном формате так как 90% тех человек, которые смотрят мои видео... смотрят их либо с телефона, либо с компьютера. А так как разницу можно увидеть только на большом телевизоре, то нет смысла хранить кучу гигабайт видео. Батарея. Заряда при средней работе (интернет+камера+звонки) хватает примерно на сутки. Если постоянно включена камера, то хватает на день. Если отключен интернет, то заряда спокойно хватает на трое суток. Функции жестов. В телефоне имеются такие функции, как сделать скриншот экрана проводя одним движением руки по экрану; включение экрана поднятием телефона или двойным касанием; режим не угасания экрана пока вы на него смотрите (смарт отключение) и другие. Имеются сценарии Bixby. Это такие умные сервисы для облегчения жизни. Нужное приложение будет включаться само в определённое время, телефон сам будет переходить в режим экономии батареи и тому подобное. В общем много конечно лишнего, но и много нужного и довольно интересного. Подведу итог и отмечу плюсы и минусы этого телефона. Плюсы: + доступная цена на телефон (при многих подобных имеющихся функциях, аналоги стоят на много дороже); + приятный дизайн; + батарея; + возможность видеосъёмки в формате 4К на обе камеры; + имеется встроенная цифровая стабилизация (но вызывает небольшой шум изображения); + телефон удобно лежит в руке; + есть функция быстрой зарядки и в комплект входит хорошее зарядное устройство; + 128 Гб памяти; + есть функции жестов; + возможность безконтактной оплаты. Минусы: - полуработающий сканер отпечатков пальцев; - плохая фокусировка фотокамеры на близком расстоянии; - в телефоне ну очень много лишнего и как то всё сложнее и запутаней, чем в китайском Huawei (поэтому если меняете на такой телефон, то по началу будет как то ну очень не привычно). К слову, изначально в телефоне без установки моих каких то приложений уже было занято почти 11 Гб памяти. Не смотря на имеющиеся недостатки, по соотношении цены и качества поставлю 5 звёзд и рекомендую к покупке. Спасибо за внимание.",otzovik.com,otzovik.com,5.0,2020-10-04,https://www.otzovik.com/review_10728657.html,positive
"Достоинства: Отсутствуют
Недостатки: Весь телефон
Полтора года назад приказала долго жить батарея моего LG и пришлось идти за новым. Отслужил мне верой и правдой тот телефон 4 года, да и в основном все телефоны у меня служили долго, ну кроме этого. Шла я в магазин совершенно за другой маркой, но консультант уговорил, сказал, что это же супертелефон! Такая камера классная, фирма надёжная, даже не сомневайтесь, берите. У самого типа жена с таким ходит. Чтоб этот продавец из ДНСа икал всю оставшуюся жизнь. Вот не хотела же брать! Телефоны Самсунг мне не нравятся и никогда не нравились. Камера делала хорошие снимки не больше месяца, интернет плохо стал работать практически сразу, хотя симка была та же и оператор, и условия. Но самое главное, что первое время он постоянно присылал обновления ПО!! Просто постоянно! Приложения зависали и т. д. и в один ""прекрасный"" вечер он просто завис, я решила перезагрузить, выключила и больше телефон не включился. Сходила в ремонт, толку с ремонта ноль, а денег возьмут много. А проработал он всего полтора года. Бытовую технику от Самсунга брать можно, но телефоны никогда! У меня еще такая мысль была - продавец знал, что им завезли д@рьмо и поэтому так активно втюхивал. Никогда не покупайте телефоны этой ТМ",otzovik.com,otzovik.com,1.0,2022-02-15,https://www.otzovik.com/review_13077942.html,negative
"Достоинства: Экран,камера, цветопередача, ёмкий аккумулятор, объем памяти ,чистый звук, доступная цена
Недостатки: Короткий провод ЗУ ( около 80 см)
Приветствую, уважаемые читатели. Так уж получилось, что для выхода в интернет я использую исключительно смартфон, предыдущий выдержал год активного использования, после чего дети, уставшие от его выкрутасов, подарили мне Sumsung Galaxy A51. Новинка порадовала как стильным дизайном, так и функционалом. У смартфона красочный безрамочный экран, мощная батарея и 4 камеры на тыльной стороне корпуса, обеспечивающие достойное качество съёмки. Разблокировка с помощью биометрических данных, безусловно, это очень удобно. Однако работа сканера отпечатков зависит от множества факторов. Например, дома, в идеальных условиях получится зайти на рабочий стол с первого раза, а во время движения на улице проще воспользоваться паролем, чем дактилоскопическим способом. Sumsung использует в смартфонах самые лучшие матрицы Super AMOLED. Его дисплей может похвастаться яркими и контрастными цветами, идеальной глубиной черного цвета и максимальными углами обзора Большая 6,5 дюймовая панель отлично подходит для чтения и просмотра видео. Экран позволяет просматривать два приложения одновременно, а выдвижная боковая панель предлагает такие полезные инструменты, как линейка, компас, уровень Несмотря на крупную диагональ, девайс не выглядит массивным, благодаря тонким рамкам. Особенно меня порадовали 6 ГБ оперативной и 128 ГБ встроенной памяти. Наконец- то не нужно искать приложение, которое можно удалить. Потому что периодически пользуюсь всеми 149, пусть не ежедневно, но тем не менее ... Смартфон 2-х симочный, это тоже важно, поскольку активно использую 2 телефонных номера. Что касается скорости. Ее достаточно, чтобы без особых трудностей пользоваться соцсетями и мессенджерами. Обратила внимание, что особенно тормозит смартфоны приложение WhatsApp, если вы участник 20-25 чатов, гаджет начинает постепенно подвисать. Sumsung Galaxy A51 пока отлично справляется с нагрузкой. Отдельно хочется отметить мощность аккумулятора 4000 мАч, позволяющую использовать устройство без подзарядки на протяжении всего дня. Комплектное зарядное устройство наполняет батарею примерно за 1,5 часа. Гаджет оснащён чипом NFC, что позволяет расплачиваться в магазинах с помощью смартфона. Вот, пожалуй и все. Желающие подробней узнать о технических характеристиках без труда найдут информацию в сети, я не очень в этом разбираюсь и рассказала об основных моментах. Смартфон Sumsung Galaxy A51 полностью оправдал мои ожидания, отлично справляется с поставленными задачами и идеален для бытового использования. Ставлю высокую оценку и рекомендую к покупке.",otzovik.com,otzovik.com,5.0,2020-01-18,https://www.otzovik.com/review_10049030.html,positive
"Достоинства: Быстрая зарядка, энергосбережение, биометрия и безопасность, система NFC, BIXBY, искусственный интеллект AI.
Недостатки: Скользкий, узкое панорамное фото, водопроницаемый.
Я собиралась поменять свой телефон Samsung Galaxy J1 осенью, но в связи с последними событиями, решила ускорить процесс. Располагая конкретной сумой в 20 тыс. рублей, пошла в магазин Связной выбирать себе телефон. Исходя из некоторых соображений, сразу обратила внимание на модель Samsung Galaxy A51. Во-первых, меня привлекла цена по акции; во-вторых, очень стильный и модный дизайн у смартфона показался мне; в-третьих, технические данные гораздо превосходили моего старого телефона. И самое главное - Самсунги никогда не подводили меня в процессе эксплуатации и зарекомендовали себя только с положительной стороны, а учитывая привычку пользоваться качественным брендом, окончательное решение к покупке данной модели приняла быстро. Но акция - всего лишь хитрый маркетинговый ход, который оказался выгодным для сотрудников магазина, но не для меня. Чтобы приобрести смартфон по обещанной цене - 17 990 рублей, я должна купить в нагрузку защитное стекло для телефона за 1 000 рублей, его родной чехол за 3 500 рублей (он продавался отдельно) и заплатить за настройки смартфона 2 000 рублей. Не хилая сумма получается в итоге! Зачем мне покупать все эти атрибуты, если нет в них необходимости? Поэтому я отказалась от скидки и купила телефон по его установленной, без акции, цене - 19 990 рублей. С недовольным лицом, менеджер по продаже вынужден был мне вручить смартфон после оплаты за покупку. Но зато какая я была сияющая, когда в моих руках оказалась компактная белоснежная коробочка из картона с глянцевым покрытием и ярким оформлением. С боковой стороны упаковки указаны полный серийный номер модели, цвет смартфона, размер гигабайта 64 и штрих код изделия. КОМПЛЕКТАЦИЯ. Раскрыв упаковку, вначале увидела телефон заключённый в цветную плёнку, на которой указаны важные технические данные смартфона. Внутри компактно размещены зарядное устройство и гарнитура, отдельно обёрнутые в слюду. Вилка питания от зарядного устройства упакована отдельно. У зарядного устройства разъём USB (тип С), кабель довольно-таки плотный внушительной толщины длинной 1 метр. Есть функция быстрая зарядка - в течение 1,5 - 2 часов. Зарядки хватает на 96 часов при НЕактивном пользовании телефоном, при активном пользовании зарядки хватает на 48 часов, при беспощадной эксплуатации 24 часа! Время работы в режиме прослушивания музыки 87 часов. Ещё один полезный момент есть, если вдруг при быстрой зарядке телефон сильно нагревается, в настройках можно отменить этот режим и устройство будет заряжаться менее быстро, тогда телефону не грозит перегрев. Возможно, это рассчитано на тот случай, когда техника исчерпает свой ресурс, но мой телефон, пока, новый и никаких перегревов я не заметила. Ещё есть дополнительная функция, которую найдёте в настройках - супер-жёсткое сбережение при активном пользовании 63% на 5 дней! Я пока ею не пользовалась - не было повода, но в поездках наверняка подойдёт этот вариант. Гарнитура. Наушники ни супер-пупер, но вполне приличные в классическом белом цвете. Они радуют глаз стильным и современным внешним видом, максимально комфортные в использовании. Если не эксплуатировать их по-чёрному ( не спать в них), то прослужат долго. Качество звука сохраняется, как на улице, так и в шумном помещении. Длиной они чуть больше метра, один провод у наушника короткий - 15 см, другой более длинней раза в три, его вполне хватает сделать оборот вокруг шеи. Наушники удобные имеют анатомическую форму ушной раковины. В них даже можно принять горизонтальное положение, но лучше этого не делать, чтобы дольше прослужили. В наушниках встроены динамик с внутренней стороны и микрофон с внешней, через них можно не только слушать музыку, но и разговаривать по телефону. К наушникам легко подсоединять другие мобильные устройства типа часы и компьютер, но они не подходят к старым устройствам. Один минус, если потерять один наушник, то гарнитура выйдет из строя. Это кнопка управления, с помощью которой можно регулировать громкость, переключать и воспроизводить аудиофайлы, принимать звонки. Штекер вставляется в нижнюю часть телефона. Краткое руководство и гарантийный талон вложены в отдельную картонную коробочку на самом дне упаковки. С обратной стороны коробочки, прикреплён ключ-скрепка, которым открывается слот. КОНСТРУКЦИЯ Слот для сим-карт находится в верхней части смартфона, слева. Открыть его просто, вставляем ключ до упора в специальное отверстие и он автоматически выдвигается. Затем вручную вытягиваем слот до нужного расстояния, чтобы извлечь или вставить карты. У слота имеется три окошка, рассчитанные на две сим-карты и карту памяти. В гнездо подходит только nano сим-карта. У меня сим-карта МТС старого образца, менять не захотела, поэтому её обрезали в салоне сотовой связи, карты других мобильных операторов меняют. В верней части дисплея, справа, две клавиши - питания и регулировка громкости. Нажатие и удержание клавиши питания запускает к работе телефон и даёт возможность сделать перезагрузку или блокировку. Таким же способом запускаем голосового ассистента Samsung Bixby - дополнительная возможность, её можно отключить в настройках. В верхней части дисплея фронтальная камера для селфи и общения по скайпу, а на корпусе отверстие для микрофона, который необходим для записи видео. В нижней части по центру находится универсальный разъём (USB тип С) для зарядки телефона, для наушников 3,5 мм и динамик с микрофоном. Динамик звучит ровно без басов, он имеет поддержку блютуз и аудио, что помогает улучшить качество звука. ОБЩАЯ ХАРАКТЕРИСТИКА Наконец пришло время познакомиться со смартфоном поближе. Смартфон Samsung Galaxy A 51 - появился в начале этого года. Он имеет оперативную систему Android 10 и управляется экранными кнопками. Одним из достоинств является бесконтактная оплата при помощи технологии NFC, особенно это сейчас актуально, когда в мире стремительно распространяется инфекция коронавируса. Основным достоинством его является несъёмный аккумулятор ёмкостью 4000 мАч, батарея имеет способность быстро заряжаться и длительное время держать зарядку. Есть функция биометрия и безопасность, которая поможет защитить устройство от постороннего проникновения в телефон или его воровства. При помощи датчика отпечатков пальцев (в 3-х вариантах), сканера лица, расположенных на экране, в телефон попадёт только хозяин устройства. Для контроля предусмотрен пароль, который периодически запрашивается для безопасности устройства. Эта функция, как и все остальные, работает безукоризненно и с ней нет проблем. Тех, у кого есть дети школьного возраста, телефон порадует функцией родительский контроль, что поможет ограничить время нахождения ребёнка в телефоне. В наличии искусственный интеллект - AI, достаточно взять в руки смартфон, даже в перчатках, и он оживает, экран загорается и не гаснет до те пор, пока на него смотришь. Телефон имеет связь с windows компьютера, можно отвечать на планшете с него. Все эти функции устанавливаются в настройках при необходимости. Но больше всего меня радует большая память - 64 гб, которой хватает сполна, чтобы делать снимки, записывать видео, скачивать любимые приложения и слушать музыку. Размеры смартфона тоже устраивают меня 73,6 * 158,5 * 7,9 мм; вес: 172 г. Телефон оптимального размера, тонкий изящный профиль придаёт особый шик изделию, корпус которого сделан из прочного поликарбоната. Яркий и красивый внешний вид производит впечатление солидного устройства премиум-класса. Но есть один минус - телефон очень скользкий, поэтому сложно удержать его в руках, неосторожное движение и смартфон может выскользнуть из рук. На дисплее фабричное стекло, оно кажется тёмным, когда телефон в отключенном состоянии. Размер экрана с дисплеем 6,5 дюймов. Тип сенсорного экрана мультитач ёмкостный, с автоматическим поворотам экрана. Боковая панель выдвигается и можно сделать скриншот. Живые яркие обои - украшение включенного дисплея, но при желании их можно сменить на свой вкус, в арсенале настроек есть выбор. Экран обладает преимуществом в калибровке и качестве перед другими устройствами Samsung. Насыщенность дисплея можно регулировать в настройках, можно выбрать цветовой профиль ""Естественный"" или ""Яркий"". Имеется ""Ночной"" режим, при котром чётко видны изображения. Чтобы загорелся экран, достаточно коснуться его пальцем, как я уже писала выше. Телефон очень чувствительный, но можно настроить функцию защиты от неосторожного движения. Корпус с перламутровым покрытием необыкновенно красивого красного цвета. В верхней части корпуса располагаются 4 камеры AI и фонарик. Первая сверху - камера глубины 5 МР (F2,2) Вторая по середине - основная камера 48 МР (F2,2) Третья снизу - сверхширокоугольная камера 12 МР Четвёртая снизу - камера для макросъёмок 5МР (F2,4) Камеры расположены в удобном месте телефона (на мой взгляд) и не выпирают наружу, как это сделано у некоторых других моделей смартфонов. Техника объединения четырёх камер в одну, визуально улучшает изображение. Качество снимков можем оценить позже. Есть тыльная, светодиодная фотовспышка, она работает, как автоматически, так и можно настроить в ручную, по потребности. Максимальная частота кадров видео 240 в секунду. Но есть одна проблемка - зум не способен постоянно работать между широкоугольным, стандартным и макрообъективом. Наклеенный на корпусе ярлык говорит о том, что страна-производитель смартфона Вьетнам. Я уже упоминала, ширина в профиль составляет около 8 мм. Разблокированный дисплей. В телефоне много установленных заводских приложений, но что нравится, в отличии от других смартфонов, здесь я могу удалить ненужные. И достаточно много места для того, чтобы скачать нужные приложения из Play Маркет. Значки приложений размещены в режиме затемнения, чтобы лучше видеть, но если хотите можно поменять фон. Движением пальца вниз спускаем занавеску, на которой отмечены дополнительные возможности и функции смартфона. Я все функции комментировать не буду, они более менее понятны, а вот про эффект синего фильтра скажу пару слов - это режим защиты зрения, чтобы глаза не уставали при длительном контакте с телефоном. Яркость экрана настраивается автоматически и вручную. Очень удобно, когда дисплей меняет освещение в зависимости от места нахождения и времени суток. А теперь можно посмотреть качество фото. Этот снимок сделан в обычном режиме. Фотографии в режиме ФИЛЬТР. То есть мы имеем возможность выбора тональности для снимка, от светлого классического до тёмного оттенка. Это самый тёмный тон. Обычное фото. Режим ЖИВОЙ ФОКУС. Здесь срабатывает искусственный интеллект, он всегда безошибочно выбирает нужный объект, а всё, что находится на заднем плане, замыливает. Панорамное фото, сделанное в горизонтальном положении телефона. Качество съёмки, конечно, чёткое, но мне не нравится, что слишком узкое фото получилось. Хотелось, чтобы оно было пообъёмнее. Режим МАКРОСЪЁМКИ. Режим макросъёмки, на мой взгляд, самый эффектный. Обычная съёмка при дневном освещении. Уличная съёмка в пасмурный день. Все цвета передаются в натуральном виде. Впечатление от Samsung Galaxy A 51 самое положительное. В своём ценовом диапазоне он не уступает другим более дорогим моделям. Телефон качественный, хорошо начинён, очень плавный в работе, загружается без проблем, быстро передаёт и принимает файлы, связь поддерживает качественную, что в приложениях, что в обычном разговоре по телефону. Быстро заряжается, долго держит зарядку. За два месяца пользования ни разу не зависал и не подводил меня. Смартфон имеет множество дополнительных функций и возможностей, которые описала выше и с которыми, не исключаю возможности, ещё не разобралась до конца. Но обо всех основных функциях, рассказала. С ним не стыдно показаться в приличном обществе и не скучно будет в длительной поездке. Сравнительно большая память, даёт возможность сделать множество снимков и видео. Из минусов могу отметить только то, что он слишком скользкий и есть вероятность упустить из рук, что панорамные фото слишком узкие получаются и что, к сожалению, он водопроницаемый. Но я думаю всё же достоинства сполна перекрывают незначительные недостатки, которые можно решить. Поэтому с удовольствием рекомендую своего нового друга старым друзьям и не только!)",otzovik.com,otzovik.com,5.0,2020-01-03,https://www.otzovik.com/review_9956117.html,positive
"Достоинства: Дизайн, Экран, Работоспособность.
Недостатки: Отпечаток, звук и дизайн камер на задней панели.
Всем здравствуйте. На днях прикупил жене сей девайс. Когда его берешь первый раз в руку, такое ощущение, как будто держишь телефон за сотку. У меня самсунг А 50, и разница между ними, ну очень внушительная. После прохождения процедуры настроек, весь день сравнивал два аппарата. Экраны мало чем отличаются, за исключением расположения камер. Но в 51 не покидало ощущение, что он лучше светит, цвета ярче и насыщенней. Отпечаток также подтупливает, как и в 50, но срабатывает лучше. Для любителей музыки оставили джет 3.5. Если вы любитель погонять в гоночки типа асфальт, то работает все исправно и вроде не лагает, может пока новый. Батарейка конечно держит, но стоит поиграть в весомые игры или посидеть в ютьюбе, начинает двигаться вниз довольно быстро. Звук на самом верху орет так, что аж динамик начинает дребезжать, а если убавить, то почему-то звук становиться как будто на 3 нажатия ниже. Про камеры сказать ни чего не могу, так как не разбирался в них да и селфи это не мое, фотки хорошие и ладно. Поменял бы я свой 50 на 51? - однозначно! Но жена сказала фиг тебе. Цена конечно завышена, но за имя создаваемое годами, тоже надо платить. Так что, если вы думаете купить его или нет, то я бы вам сказал однозначно ДА!",otzovik.com,otzovik.com,5.0,2020-01-20,https://www.otzovik.com/review_9346129.html,positive
"Достоинства: Красивый и многофункциональный!
Недостатки: Нет.
Этот телефон выбрали, в первую очередь, из за хорошей памяти: 128 Гб. и фото камер. Их аж 4 штуки+ 1. Смартфон так же имеет функцию входа по отпечатку пальца с передней стороны. Он очень тоненький, это уже в сравнении с М 30s и легче по весу. Выбрали цвет красный металлик, очень стильно смотрится! Взяли позже на него защитное стекло и защиту корпуса. Очень много функций в нем, во всех еще и не разобрались. Например : таймер при фотографии, или фото сэлфи при поднятии руки вверх! В наборе идут наушники, но по чему то мне они показались не удобными. А вот фото цены и некоторых параметров. Смартфоном очень довольны, ну а по цене: у каждого свои возможности, дорого, или нет. Брали его в DNS, а вот на следующий Смартфон, за счет баллов получилась приличная скидка!",otzovik.com,otzovik.com,5.0,2021-03-06,https://www.otzovik.com/review_11586421.html,positive
"Достоинства: Хорошее соотношение цена-качество
Недостатки: В целом норм
Пользуюсь телефоном более полугода, до этого был с примерно аналогичными характеристиками тоже Самсунг. Камера хорошая, снимки получаются качественные. Селфи-камера конечно уступает, но для такой стоимости нормально. Распознавание лица очень раздражает, не всегда распознает, тем более не делает это быстро, поэтому отключила. В целом неплохо, батарею держит при активном использовании полдня, при щадящем режиме может пару дней. В целом хороший телефон, не тупит, шустрый, экран большой, цвета сочные. Рекомендую.",otzovik.com,otzovik.com,5.0,2020-08-29,https://www.otzovik.com/review_10567839.html,positive
"Достоинства: Цена, экран, камера, память.
Недостатки: Нет.
Здравствуйте, дорогие читатели этого отзыва. Сегодня я расскажу о своём новом смартфоне, который купил совсем недавно. Смартфон Samsung Galaxy A51 вышел только в этом году, до этого хотел приобрести А50. Но сравнив две эти модели, решил остановиться на новинке этого года. Смартфон мне обошёлся всего за 14 200 рублей в магазине М Видео, это не очень дорого, если учитывать, что сначала его продавали за 20 000 рублей. Я конечно же решил воспользоваться такой выгодой и приобрести смартфон со скидкой. Упакован телефон в довольно привлекательную коробочку. Единица после пятёрки говорит о том, что модель похожа нпэа предыдущую, но какие-то значительные отличия здесь присутствуют. Ещё, не успев его включить, сразу обращается внимание на эти самые отличия, а именно это 4 камеры, функция быстрой зарядки, сканер отпечатков пальцев. Но кстати последнее было и в более ранних версиях смартфонов. А вот 4 камеры и быстрая зарядка-это действительно что-то новенькое. В комплекте: кабель USB, штифт для извлечения, краткое руководство и гарантийный талон. Наушники недорогие, но хоть такие положили, в отличие от моего предыдущего телефона. Экран немного меньше, чем у А70, по весу так же меньше. Сзади мы можем и увидеть эти четыре камеры. Корпус сделан из пластмассы, я выбрал чёрного цвета, а есть ещё белый и красный, но это уже у кого какой вкус. Цвета очень яркие, хотя здесь яркость меньше среднего уровня. Хорошо видна каждая деталь, каждый элемент. А вот и главное меню. Операционная система одна из новых: Android 10. Закачено большое количество полезных приложений, некоторые из них уже встроены в телефон, такие как Office mobile, шагомер, samsung pay. Поисковые системы: яндекс, google. Память составляет 64 Гб (есть ещё 128 Гб, но я остановился на этом варианте), это довольно много места, хватит на все необходимые вам приложения, а для фотографий можно взять и отдельную карту памяти. Слот Sim-карты находится сбоку, где клавиша громкости. Чтобы вставить карту, необходимо обязательно использовать штифт (предлагается отдельная инструкция в кратком руководстве). Хотелось отдельно поговорить о камере (главная-48 Мп, что больше, чем у других телефонов за такую цену). Существует несколько режимов съёмки: фотография, живой фокус, макросъёмка, замедленная и сверхзамедленная, еда. А также есть сэлфиможди (создание персонажа с помощью лица), стикеры (чтобы сделать какое-нибудь весёлое фото). Пропорции фотографий можно менять. Вот несколько фотографий. Снимки получились с высокой чёткостью, почти как на фотоаппарате. Первая фотография-это обычный режим (48 Мп), вторая-макросъёмка, при которлй надо подносить камеру очень близко к определённому объекту, чтобы запечатлить мелкие детали. Что касается быстрой зарядки, то это правда. Заряжается быстро на все 100%, а разрежается очень медленно. Без интернета можно пользоваться больше суток без какой-либо зарядки. Ещё есть дополнительные инструменты: компас, счётчик чисел, фонарик, уровень поверхности, линейка. Новые функции: сканирование QR-кодов, связь с Windows. Обоев и тем загружено совсем немного, но можно и закачать много других на любой вкус. Защита на высочайшем уровне: рисунок, pin-код, пароль, лицо, отпечатки пальцев. Теперь подведём итог насчёт смартфона Samsung Galaxy A51: недорого (я бы даже сказал дёшево для такой модели), отличная камера (фотографии сверхчёткого качества), память (64 Гб или 128 Гб-хватит на множество приложений), аккумулятор (держит заряд больше суток), операционная система. Недостатков нет. Конечно же рекомендую к покупке, если будете выбирать, то из всех берите Samsung Galaxy A51!",otzovik.com,otzovik.com,5.0,2020-04-24,https://www.otzovik.com/review_9893937.html,positive
"Достоинства: Экран, неплохое ощущение в руке, тройной слот, NFC
Недостатки: Цена! Слабый процессор, медленный сканер, пластик корпуса
В начале отзыва сразу скажу, что специально я данный Samsung грязью не поливаю, просто не понимаю как можно продавать столь посредственный смартфон за не малые деньги. Если бы на нем была надпись не ""Samsung"", а ""Xiaomi"", то стоил бы он максимум 12.000-13.000, а не как А51 у официалов 19.990. Я только за 2019 год попробовал в работе более десятка разных смартфонов и знаю что говорю. Начну с плюсов (но в большинстве своем у конкурентов они тоже есть). 1. Экран отличного качества (хоть я и не люблю Амоледы) - яркость и углы обзора отличные. 2. В руке лежит удобно. 3. Работающий NFC. 4. Тройной лоток под 2 сим-карты и карту памяти. 5. Отличный выбор анимации для ""always on display"". И на этом все! Во всём остальном он сливает конкурентам примерно по той же цене от Xiaomi (Mi 9lite, Mi 9T, Redmi Note 8 Pro) и от Realme (XT, X2 и даже 5 Pro). По поводу дизайна не буду ничего говорить - дело вкуса, но по мне Samsung A50 симпатичнее! 1. Процессор по работе может сравниться только со Qualcomm Snapdragon 660 и 665, а уж никак с 710 и 712, а уж тем более с 730 и 730G, ну и MediaTek Helio G90T легко Эксинус от Самсунга уроет. Вообщем тут отставание в трендах минимум на год. 2. Материалы корпуса! Явная попытка экономии! 3. Сканер отпечатков пальцев в экране тормозит по сравнению с Ми 9 Лайт и особенно Рилми X2, хотя и работает лучше чем у А50 в плане срабатываний. 4. По фото на основную камеру превосходства над всеми вышеперечисленными конкурентами явно не будет. Фронталка же не плохая, но и не привосходит ни Mi 9 lite, ни Realme X2 5. Ёмкость батареи обычная по нынешним временам, но процессор то не самый энергоэффективный и поэтому тоже проиграет конкурентам. 6. По оперативной и встроенной памяти он тоже уступает. Подведу итоги: 1. Смартфон имеет право на существование, но не по цене близкой к 20 тысячам! За эту цену море более лучших смартфонов!!! Если бы он стоил не 300$, а скажем 220-230$, то у меня не было бы к нему столько претензий. А так платить в 2020 году по существу за один экран глупо, что было бы нормально год назад сейчас уже дорого. 2. Своих покупателей он найдет из тех, кто ведётся на имя и боится пробовать что-то менее известное, но лучшее (и уже находятся среди моих знакомых - так я и познакомился с этим смартфоном). 3. Я точно не рекомендую к покупке!!! Призываю не бросать деньги на ветер и купить что-то подобное за меньшие деньги (например, Redmi Note 8T хоть и не с Амоледом, но не уступит во всем остальном кроме ощущения в руке, который можно за 11.000 или Redmu Note 8 Pro, который хорош для игроманов) или за ту же +/- сумму, но явно лучше (Mi 9 lite, Realme X2 просто рвут во всем Samsung A51)!!!",otzovik.com,otzovik.com,3.0,2020-02-06,https://www.otzovik.com/review_9439371.html,neutral
"Достоинства: Качество, производительность. Не тормозит.
Недостатки: Для меня нет, меня все устраивает.
Доброго времени суток. Данный отзыв я планировала написать почти год назад, вот, ловите, может кому пригодится!) Samsung A51 я получила в подарок 2 года назад. Яндекс подсказал, что в данный момент стоимость смартфона составляет приблизительно 22 000 российских рублей. На разных сайтах цены немного разнятся. Телефон оснащён тройным лотком на две сим-карты и карту памяти. В моем случае, на смартфоне 4 Гб оперативной памяти и 64 встроенной. Так как игры и фильмы на телефон я не скачиваю, постоянно очищаю его от ненужного мусора, кэша и прочей ерунды, памяти мне хватает с головой. Если кому-то покажется мало встроенной памяти, то можно ее расширить до 512 Гб, поставив флешку. Самсунг получил AMOLED-дисплей, который выигрывает у IPS. Он гораздо ярче, насыщеннее. Смена кадров происходит быстрее, за счет этого не происходит резких рывков, переход более плавный. Разрешение экрана 2400 х 1080 пикселей. Для данной плотности, характерно четкое изображение. Мне нравится качество картинок и сделанных мною фотографий. Экран 60 ГЦ. Корпус телефона сделан из пластика, который очень красиво переливается. Эта модель смартфона выпускается еще в белом цвете. Размер экрана 6,5 дюймов: Мне удобно его держать в руке. До этого, у меня был телефон поменьше, поэтому поначалу было немного непривычно. Но теперь мы как единое целое) Вот собственно и задняя часть телефона: Слева Лоток для сим карт, карты памяти: Качелька громкости и кнопка питания расположены справа. USB порт, разъем для наушников и динамик внизу. В комплекте идут наушники: И зарядное устройство: А так же краткое руководство об эксплуатации. Что касаемо безопасности. Можно поставить пароль, состоящий из цифр, можно запаролить рисунком, а так же поставить распознавание лица и отпечаток пальца. К слову, последний вариант не всегда у меня срабатывает. Возможно, чувствительность снижает наклеенная на экран гидрогелевая плёнка. Камера на телефоне хорошая - 48МП. Смартфон оснащен ульраширокоугольной линзой. Можно выбирать варианты съемки- панорама, портрет, макросъемка и так далее. Ниже я прикреплю фото, сделанные на Samsung. Видео можно снимать в разрешении 4к, можно подобраться близко к объекту. Фокус хорошо срабатывает там, где необходимо. Есть так же функция стабилизации. Фронталка оснащена 32 МП линзой, которая могла бы снимать лучше. Автоматическая оптимизация в зависимости от сцен. Камера определяет что перед ней и подстраивается. Очень удобная функция- переключаться между вкладками : Вот так выглядит рабочий стол: Иконки симпатичные, вполне понятны и без подписи. Кому не нравится, тот может поменять тему) Браузерные игры телефон тянет без проблем, например: Ничего не тормозит. Постоянно обновляется. В данный момент у меня 12 андроид: Вышел смартфон в 2019 году. И, как мне кажется, актуален и до сих пор. Многие говорят что это один из самых красивых смартфонов Samsung. Не только в серии А, а в общем. Почему? Я думаю потому что рамки минимальные, камера маленькая, никак не мешает вообще. Он не тяжелый, аккуратной формы. Удобно лежит в руке как я писала выше. Процессор 8 ядер. Может и не самый мощный среди конкурентов, но меня никак не подводил за 2 года использования. Все тянет как нужно) Я вообще не особо играющий человек. Мне этого хватает с головой. Так же встроен модуль NFC. Батарея 4000мА. Мне хватает на 1 день, если активно использовать телефон. Примерно на 3, если не особо трогать. Поддерживает 4 G. Это самый продаваемый самсунг за 2020 год. Другие не имеют такой мощной поддержки, так как обновления выходят очень часто. Я бы могла еще долго писать, ведь это не все достоинства смартфона. Здесь еще очень много всяких функций и плюшек интересных) У мужа тоже самсунг, но чуть проще - А50. Он не слишком отличается от моего. Так что смело могу рекомендовать Samsung А51. Спасибо за внимание!)",otzovik.com,otzovik.com,5.0,2022-10-18,https://www.otzovik.com/review_13896957.html,positive
"Достоинства: камера, цена
Недостатки: Нулевой сервис продажи, не найти старших при проблемах.
Телефон сразу после покупки сломался, через 15мин после первого звонка. Вернуть или обменять (фирменный магазин проспект мира 112). Продавец отказался((. Причина выход из магазина с телефоном. Тестите всё в магазине и только потом чехлы и стёкла по трёшнику покупайте. Cервис в этом плане похож на рынок с кидалами. Кучу звонков в СамсунгСервисы прям с прилавка. без результатно. И ни кто не помог обменять, желание осталось только вернуть все деньги. Да и когото уберечь отзывом от таких оплошностей.",otzovik.com,otzovik.com,1.0,2020-01-16,https://www.otzovik.com/review_9326115.html,negative
"Достоинства: Нет
Недостатки: Сплошные
Пользуюсь уже 2 года. Как с самого начала не понравился, так и не нравится до сих пор. Половина функций просто не нужна. Ну зачем мне менять рабочий фон каждые две недели? Вход по отпечатку пальца настроен с самого начала. Замучилась. Палец приходилось прикладывать под определенным углом, который не всегда возможно было повторить. По-другому не открывался. В итоге, использую пин-код. Нет светового маячка о пропущенных звонках. Камера не радует. Отвратительная. Снимки приличные можно делать только на близком расстоянии. Пейзажи выходят только когда освещение очень хорошее. С установкой приложений проблем не возникало. С памятью тоже. Заряд вроде держит нормально. При небольшой загрузке 3 дня. Но когда перегруз сообщений из вотцапа или позависаешь в ТикТок - сразу садится. Никому не советую. Берите другую модель.",otzovik.com,otzovik.com,3.0,2022-01-07,https://www.otzovik.com/review_12898055.html,neutral
"Достоинства: экран, размер, звук, слот на симки и карту памяти, фотокамеры, цена
Недостатки: встроенной памяти маловато
Доброго времени суток всем читателям моего отзыва! Мой предыдущий Самсунг А8 работает на полную катушку уже третий год и к нему у меня возникли 2 вопроса, первый и самый важный фотокамеры перестали ловить фокус, в большинстве случаев фото выходят смазанными или мне нужно долго ловить чёткость, но даже то что на экране при фотографировании смотрелось отлично на фото выходило не всегда качественно, а тот факт что мы все-таки отказались от фотоаппаратов в поездках, да и по работе часто нужны четкие снимки для клиентов и для рабочих аккаунтов в соцсетях сделали из этого казалось бы небольшого неудобства ощутимую проблему. Второй момент это быстрая потеря заряда батареи, порой и на рабочий день не хватает. Телефон нам обошелся в 14 с копейками тысяч, китайский собрат стоит столько же, но Xiomi Mi 10 я уже пробовала перейти на отличный по всем показателям смартфон от китайского производителя, кстати аналогичный Самсунг стоит порядка 60 тыс. рублей, так что меня задавила жабка. Так вот я не смогла приспособиться к интерфейсу Сяоми и отдала его мужу. Я не буду много расписывать об аппарате, технический параметрах и делать фото с линейками, он уже давно не новинка и многие о нем знают не понаслышке. В комплектацию входит зарядное, и как не странно наушники с проводом, я думала их уже не выпускают ну и не комплектуют ими, но ошиблась. Цвет красивый жемчужно-голубой, сделан телефон именно в Корее. Что категорически не понравилось, так это уже загруженные приложения от которых оказалось очень сложно избавиться, все что относится к Яндексу это ужас и хлам кроме карт и поисковика. Также выбесили ""рекомендованные приложения"" которые тоже начали грузиться самопроизвольно, при этом я не смогла остановить загрузку, пришлось все удалять позже. Вот зачем мне Одноклассники, у меня и аккаунта там нет, зачем мне Джум, алиэкспресс и прочая лабуда... Вот этой принудиловкой производители бесят! Перенос всего что было на предыдущем рабочем не вышел, там эпл, так что я продублировала свой личный старый телефон самсунг, очень удобно... контакты почти те же.)) Ну и фото на новый смартфон - вид из окна, качество очень хорошее. Ну и немного деревенских видов с огорода.) Опять-таки, сравнивая со своим личным телефоном, качество фото: небо и земля. Звук отличный, экран очень мощный, цвета сочные и яркие, теперь общение с дизайнерами и клиентами проходит удобнее, мне не надо делать тысячи фотографий чтобы уловить структуру и цвет материалов. Памяти мне еще хватает, пока карту памяти не вставляла (кстати в слоте для карт, в отличие от моего смартфона самсунг гэлекси А8, три места), аккумулятор держит до 3-х полных дней, зависит от интенсивности ведения переговоров. Телефон довольно шустрый, все простые офисные простые программы работают в хорошем режиме. Для рабочего телефона идеален, если рассматривать лично для себя, мне точно будет не хватать памяти, конечно можно поставить карту памяти, тем более слот рассчитан на 2 симкарты и одну карту памяти... но в целом, если меня все устроит я перенесу личную симку и карту памяти и перестану бренчать тремя телефонами в сумочке.) Конечно интерфейс упрощен, значки смотрятся дешево, но думаю что это исправимо, просто я пока не осознаю телефон своим и не заморачиваюсь с оформлением. За такую цену телефон идеален, тем более обновления на него будут приходить несколько лет, в отличие от того же рабочего яблока, который давненько без обновлений и работал в основном как звонилка и на мессенджеры.) Спасибо за внимание.",otzovik.com,otzovik.com,5.0,2021-08-12,https://www.otzovik.com/review_12292445.html,positive
"Достоинства: Селфи камера, удобен в руке, яркий экран, хорошо держит батарею
Недостатки: пока не обнаружила
Всем привет. Хочу поделиться с вами опытом пользования Galaxy A51. История очень простая. После очередного ремонта айфона я плюнула на все и пошла за самсунгом. Выбирала больше конечно по красоте) Но была очень удивлена когда я поняла, что Самсунг гораздо лучше чем айфон! Экран просто бомба! Яркий, сочный. Телефон очень быстро реагирует на действия. От камеры я вообще в восторге, особенно от селфи камеры! Если включаешь режим вспышки, экран становится белым и фотки получаются огонь)За время эксплуатации ни разу не завис, батарейку держит великолепно! Весь день его из рук не выпускаю, то звонки, то работа, то соц сети, а он не разряжается) Единственное неудобство было привыкнуть к андройду, но за два дня он стал как родной)",otzovik.com,otzovik.com,5.0,2020-01-19,https://www.otzovik.com/review_9340274.html,positive
"Достоинства: Отличная камера, быстрая зарядка, очень яркий красивый дисплей
Недостатки: Иногда при зарядке нагревается корпус, не критично
Здравствуйте мои дорогие читатели и гости сайта Отзовик. Не так давно стала обладателем телефона Самсунг а 51. До этого момента телефоны были разные а вот Самсунг для меня в новинку. С чего начну- телефон хотела красный, но как оказалось что это редкость и в нашем городе в данном цвете телефон можно было купить только на заказ, а ждать совершенно не хотелось, полетел старый телефон и взяла в чёрном цвете, был ещё белый- очень красивый, но вариант с витрины рассматривать не стала. Брала в Эльдорадо, телефон на 64 гб обошёлся мне всего в 16990. Плюс 1699 р пришли баллами на карту. Так что считаю покупку довольно удачной по цене. Телефон очень классный- большой яркий безрамочный экран, три основные камеры и одна камера на самом экране. По началу было очень непривычна встроенная камера на дисплее, теперь её даже не замечаю. Батареи вполне хватает на день, заряжпется очень быстро- примерно за полтора часа. Вообще то с техническими характеристиками можно ознакомится на любом сайте. Добавлю лишь что телефон отличный, не жаль потраченных денег. Есть "" живой фокус"" фото при максимальной размерности получаются как у профессиональных фотографов. Верный выбор, аппарат достойный. Добавлю немного фото с камеры телефона. Всем спасибо за внимание е. Удачных покупок и отличного настроение в любую погоду. До новых "" встреч"". До свидания)",otzovik.com,otzovik.com,5.0,2020-07-09,https://www.otzovik.com/review_10323750.html,positive
"Достоинства: Камера, динамик, батарея, быстродействие.
Недостатки: На мой взгляд, нет.
Пришла пора сменить свой старый смартфон на что-то свеженькое. В выборе новой игрушки я не принимала участие, муж этим занимался. Правда, я выдвинула ряд требований. И в результате мне подарили вот такого симпатяжку. В комплекте - документация, зарядное и наушники. Край зарядного овальной формы, что очень удобно, любой стороной можно вставить. Наушники средненькие. Но у меня есть беспроводные, так что эти - ""чтобы было"". Корпус тонкий очень, люблю такие. Кнопочки-динамики - стандарт. Гнездо для сим и карты памяти как у всех стандартных смартфонов - выдвижное, посему в комплект, разумеется, входит и ключик. Технические характеристики здесь приводить не буду, они есть в соответствующем разделе. Камеры достаточно приличную картинку дают. Но... Насколько лучше или хуже того же хуавей, судить не возьмусь. При этом, камеры у А51 функциональнее, цвета самого экрана на порядок ярче. Сеть ловит нормально, и мобильную, и вай фай. Слышимость при разговоре в разы лучше, чем в предыдущем моем аппарате. Не тормозит, возможно, это ещё впереди. Есть много полезных функций, к примеру, функция бесконтактной оплаты. Лёгкий, тонкий, симпатичный. Заряд держит прилично. Эксплуатирую и в хвост и в гриву - часов на 5 хватает. Но в остальном - самый обычный безрамочный смартфон все ещё из категории бюджетных. Рекомендую с отметочкой 5.",otzovik.com,otzovik.com,5.0,2021-06-17,https://www.otzovik.com/review_12066661.html,positive
"Достоинства: Экран, автономность, компактность
Недостатки: Сканер отпечатка пальца, процессор, камера
Здравствуйте, уважаемые читатели! Давайте знакомиться. Меня зовут Артём. Я работаю продавцом-консультантом в одной из сетей супермаркетов электроники в Украине. И представьте себе консультанта, который говорит все на «чистую воду», без личной мотивации. Прежде чем написать отзыв о каком-то продукте, я тестирую его в течение нескольких недель. Буду рад услышать от Вас вопросы, и будьте уверены, ответы только честные !!! Но это не все, я с радостью помогу Вам выбрать смартфон в зависимости от Вашего бюджета и потребностей. В этой статье хочу рассказать Вам о своем опыте пользования смартфоном Samsung Galaxy A51. Хочу сказать, что к южнокорейской компании я всегда относился с уважением. Более того, я часто пользовался ее продукцией. Первое впечатление: Для теста мне достался смартфон Samsung A51 6/128 Gb в цвете White. Нужно отметить, что цветовая гамма в данной модели довольно богата. Особенно круто смартфон выглядит в цвете Red и Blue. Несмотря на диагональ экрана, смартфон получился довольно компактным. Он идеально лежит в руке, и пользоваться им одно одно удовольствие. Как и в прошлогодней серии Note, в Samsung A51 моно-каплю заменили вырез на экране под селфи камеру. Считаю подобное решение довольно правильным, поскольку новейшие технологии должны быть не только в флагманских устройствах. А вот от чего я действительно был в восторге, то это 6,5 ""безрамочный Super AMOLED экран смартфона. Производительность: Сердцем Samsung A51 стал Exynos 9611 с тактовой частотой до 2,3 ГГц, который работает в соединении с графическим процессором Mali- G72 MP3. Если обратить внимание на цену устройства, то данное решение выглядит довольно странным. Поиграть в современные игры на средних настройки можно, но проседание кадров будет постоянно Вас преследовать. В синтетическом тесте Antutu Benchmark, Samsung A51 6/128 Gb набирает 189000 баллов. Камера Смартфон получил сразу четыре камеры: 48Мп (f / 2.0) + 12Мп (f / 2.2) + 5Мп (f / 2.4) + 5Мп (f / 2.2). Запись видео устройство делает в формате 4K UHD, однако оптическая стабилизация видстуня. Фронтальная камера Samsung A51 получила модуль на 32МПа (f / 2.2). Снимки получаются хорошего качества с отличной стабилизацией и передачей цветов. Автономность: Смартфон имеет аккумулятор емкостью 4000 mAh и поддерживает функцию быстрой зарядки. Для 100% заряда хватает всего 2:00. Устройство проигрывает видео более 15 часов, а для повседневного использования батареи хватает на два дня. Минусы: Среди многих достоинств, Samsung A51 получил и ряд минусов. Одним из них стало подключение смартфона к гарнитуре и колонки через Bluetooth, - то прослушивание музыки, просмотр фильмов или телефонные разговоры - звук регулярно исчезает на несколько секунд. Оказалось, что подобная проблема возникает у многих пользователей данной модели. Samsung A51 получил пидекранний сканер отпечатков пальцев. Работает он довольно медленно. Иногда разблокировки выполняется только с 3-5 попытки. Но самым большим разочарованием стала основная камера смартфона. Фото с расстояния постоянно размыты, никакой четкости и стабилизации. Цветопередача нуждается в доработке. Выводы Samsung Galaxy A51 получился довольно не плохим смартфоном, но с большим списком компромиссов. Данный гаджет станет хорошим другом для людей, которые прежде всего ценят экран и недолюбливают ежедневно заряжать смартфон. Однако для геймеров любителей мобильных фото следует присмотреться к другим устройствам.",otzovik.com,otzovik.com,4.0,2020-04-11,https://www.otzovik.com/review_9801616.html,positive
"Достоинства: Быстродействие, дисплей, мультимедийные возможности, объём памяти.
Недостатки: Аккумулятор.
Предисловие. Этой зимой решил полностью обновить свои парк смартфонов! Кое-как удалось отвесить пинка своей жлобской натуре и наконец раскошелится на достойные девайсы. Начал с замены почтенного пенсионера ZTE V815W на гениальный во всех аспектах Realme C3, и скрепя сердцем, всё-таки решился отправить на пенсию достойнейший Meizu MX4 Pro. На замену последнему(Meizu MX4 Pro: если кто не понял) неспроста бы выбран смартфон Samsung Galaxy A51, так как, гаджет имелся у моего знакомого, и у меня была возможность довольно продолжительное время изучать его в мельчайших подробностях. Что будет в моём отзыве: Общие, объективные(по возможности) впечатления от использования, и попытка понятным языком выделить все достоинства (коих к слову, не счесть) Чего не будет: ""Машинного"" перечисления характеристик, маниакальный фотоотчёт под моноклем — не мой стиль, замеров с линейкой (данный подход не критикую, если он действительно к месту). Начнём пожалуй с комплекта поставки. Симпатичная, белая коробочка с принтом, вот в общем-то и всё. Как вы можете заметить, данная версия на 128гб памяти. Зарядка на 2 ампера, простенькие наушники, и кабель usb type c — для подключения к компьютеру и зарядки. И, собственно говоря, сам аппарат. Кроме наклеенной транспортировочной плёнки, особ выделить нечего. Многим не нравиться, что корпус смартфона выполнен из пластика, я отвечу на это так: велика ли разница, если телефон будет в чехле? Galaxy A51 на сегодня, ясно даёт понять конкурентам: «Кто является шеф-поваром на кухне высоких технологий и вершин дизайнерского ремесла.» С появлением A51, Samsung явно намеревается стать полноправным правителем среднего ценового сегмента. И скажу вам не кривя душой: притязания на трон вполне обоснованы, потому как благословенны непревзойдённым гением Омниссии. ""На бумаге"", равно как и на деле, устройство обладает всеми качествами отличного смартфона среднего класса: современный дисплей с тонкими рамками, аккумулятор большой ёмкости, четыре камеры, разъем для наушников и расширяемая память — в среднем за 19 - 20 тысяч рублей. На самом деле это… превосходные характеристики за такую то цену! Его вычислительная мощность ничуть не уступает производительностью смартфонам, которые стоят почти вдвое дороже! Относительно камер и качества съёмки/фото, я ничего путного сказать не могу, как мной уже упоминалось ранее в обзоре на смартфон Realme C3 Realme C3 — Откровение Омниссии. Бюджетный зверь попирающий флагманы! Многие упрекают Samsung за сомнительный выбор в пользу собственного ""камня"" : Exynos 9611. Нетрудно догадаться от кого исходят такие поношения, конечно же — это адепты Qualcomm Snapdragon, которые в принципе не осведомлены о существовании других процессоров. В ""синтетических"" тестах производительности (с использованием Geekbench 5, AnTuTu и других) Galaxy A51 показывает превосходные результаты по многоядерности, показатели производительности на одно ядро — ещё лучше. Тесты в играх проводимые лично, показали следующие результаты: 1) PUBG Mobile — в среднем показала 29-30 FPS, пресет графики: высоко. 2) Call of Duty: Mobile — 37-40 FPS, пресет графики: средний. 3) World of Tanks Blitz — стабильные 40 FPS на ультра настройках (без фризов и статеров) 4) Mobile Legends: Bang Bang — 35 FPS на высоком уровне графики 5) FREE FIRE — 45-50 FPS на ультра настройках (идеально бегает) Исходя из данных результатов можно смело отметать в сторону все необоснованные заявления и критику. Цифры — говорят намного больше, нежели голословные обвинения обиженных фанатов (сами знаете какой продукции и фирмы) Есть небольшие вопросы по автономности: как мне кажется, аппарат имеющий аккумулятор ёмкостью 4000 мАч, должен работать немного дольше чем полторы суток. Сеть и интернет: Поддерживает все распространённые в наших широтах стандарты и диапазоны: начиная с GSM и заканчивая LTE. Приём сигнала отличный и стабильный, интернет ""бегает"" со скоростью спринтера олимпийца. Динамики: И тут никаких претензий. Разговорный — имеет чистый, чёткий и в меру громкий звук, основной — выделяется общим качеством: не супер-пупер, бывает и лучше, чего уж греха таить, но всё же на весьма достойном уровне. Дисплей: Неоспоримым достоинством является 6,5-дюймовый Super AMOLED экран, защищённый закалённым стеклом Gorilla Glass 3-го поколения: цвета сочные, насыщенные (имеет разрешение 2400 x 1080 пикселей) с достаточным запасом по яркости, чтобы читать в условиях интенсивного, солнечного света. Тонкие лицевые панели и перфорированная камера для селфи придают ему современный вид. Отдельной похвалы заслуживает фирменный программный интерфейс Samsung. Девайс из коробки имеет android 10-й версии. Samsung обещает, что будет поддерживать обновление программного обеспечения A51 в течение трех лет, с периодическими обновлениями безопасности. Немаловажная деталь, учитывая тот факт, что некоторые производители ограничиваются одним годом. В распоряжении у вас имеется 128 ГБ встроенной памяти(доступно только 107, ибо система тоже кушать просит), а также возможность её расширения с помощью карты Micro SD до 512-ти гб. Объём оперативной памяти — 6 гб. Присутствует модуль NFC — технология безналичной, бесконтактной оплаты. От себя добавлю, что данную покупку, я целиком и полностью подвожу под категорию «толковая». Если вы ищете не дорогой и производительный аппарат, рекомендую присмотреться к Samsung Galaxy A51. P.S. Ни в коем случае не отношу себя к почитателю определённого производителя. Я привык с умом и ответственность подходить к покупкам, у меня, знаете ли — деньги в карманах сами собой не появляются. Если на сегодняшний день моим критериям подбора соответствует продукт фирмы Samsung, значит его и выбираю.",otzovik.com,otzovik.com,5.0,2021-02-18,https://www.otzovik.com/review_11492085.html,positive
"Достоинства: Шустрый аппарат
Недостатки: Недолговечен
Здравствуйте дорогие отзовичане. Вот гуляя по сайту, набрёл на отзыв о смартфоне Samsung Galaxy A51. Бааа, да у меня ж был такой гаджет, был, но не долго. Куплен он был в одном из сетевых магазинов мобильных телефонов и аксессуаров к ним, в январе 2020-го года, за 21 000 рублей. Послужил он верой и правдой 2 года и 10 месяцев. Аппарат очень хороший, работал шустро. Качество фото хорошее, звук хороший. Я не спец по девайсам, не могу все рассказать. Этот смартфон меня вполне устраивал. Вот в этой коробочке он был куплен. Произведён сей девайс был в Индии, я надеялся на его долгую службу, все ж не Китай. Вот он, совсем не работает. Мастер сказал если только на запчасти. Вот такой красивый с обратной стороны. Хороший, шустрый, но не долгий.",otzovik.com,otzovik.com,4.0,2023-06-21,https://www.otzovik.com/review_14868487.html,positive
"Достоинства: Комплектация. Бренд.
Недостатки: Сломался по тупому.
Здравствуйте дорогие читатели. Я, как и многие авторы огорчен, что эти заработанные копейки не удается применить по назначению. Но разве деньги главное в нашей жизни? Друзья, представляю вашему вниманию великолепный смартфон Samsung Galaxy A51, сегодня его можно купить с рук через авито, юлу и т. д. и в некоторых небольших точках продаж. Потому многим будет интересно узнать о нем подробности. Классика жанра. Достоинства: 1. Крепкий экран. Горилла глас 3 или 4 поколения. Наклеивать хрупкое «защитное» стекло поверх закаленного - это как пульт обклеивать полиэтиленом в СССР и чуть позже... Глупо, устарело и лишняя трата денег, времени. Подобное стекло стояло на моём самсунге s7 упало стеклом на щебень и нормально. Gorilla glass 4 - удар держит хорошо. 2. Суперамолед экран это просто сказка. Радует глаз миллионы цветов. Full HD разрешение - пиксели не видны. Высокая яркость в солнечную погоду – замечательно. 3. Быстрая зарядка через Type C. 4. Блок камер (4 штуки) середнячок среди всех самсунгов, но достоин конкуренции, среди флагманов прочих телефонов 2020 года. А главное, есть в нём макросъёмка! 5. Компактный. Небольшое потребление энергии позволила производителю создать тоненький телефон, а с тонким чехлом смотрится просто замечательно и элегантно. 6. Наушники в комплекте и 3,5 Jack на борту. Качество музыки на 3 в них, но они есть. Новые телефоны не имеют наушники, более новые не имеют и 3,5 джека. А жаль. 7. Самсунг пей с добавлением карт МИР - это деньги всегда с собой. 8. 64 Гб и 4 оперативной памяти – это золотая середина. Ни разу не ощутил недостатка ни в том, ни в другом. Недостатки: 1. Сканер отпечатков работает плохо и потому не используется. 2. Сломался через полгода таким образом: На день рождения пришло много сообщений ватсап и т. д., и телефон завис, после перезагрузки экран уже не включился, хотя, тачпад работал и можно было отвечать на телефонные звонки. Компания озон, после некоторых замешательств забрала его по гарантии и вернула деньги. Спасибо за гарантию. Вот такие вот дела. Мир всем!",otzovik.com,otzovik.com,1.0,2022-03-09,https://www.otzovik.com/review_13159018.html,negative
"Достоинства: Экран, батарея,
Недостатки: Камера медленная, но снимает не плохо днем, ночной режим практически никакой, Exynos 9611 работает на уровне 18 года процессоров Snapdragon и всё как не крути тормозит.
Хочется начать с того, что мне реально повезло и я получил это смартфон как приз участвуя в конкурсе на работе. Это первый внушительный приз в моей жизни. Так как имею уже Mi9T который меня полностью устраивает решил попробовать Самсунг как временное решение с будущей сменой своего смартфона на данный бренд. Итак комплектация самого телефона достаточно стандартная, но у него есть даже наушники, которые многие заменили чехлом, а именно китайские производители как Xiaomi например. Блок для зарядки и кабель, кстати в черном цвете блок и кабель тоже черные. В сравнении с моим MI9T по габаритам в руке лежит примерно одинаково. Корпус у смартфона пластиковый, но сделан достаточно красиво и по дизайну очень интересен. Камеры буковкой L в выделенном модуле смотрятся интересно, а камеры 48+12+5+5 Мп снимают если честно не больно то и хорошо. Первое, что мне бросается в глаза это отверстие под фронталку, но немного походив не особо замечаешь этого хотя полоса в играх остаётся. По толщине и весу А51 он достаточно тонкий и лёгкий. Даже камера фронтальная меньше предыдущего флагмана S10e по размерам. Сразу на нем видны все отпечатки на задней панели и поэтому только чехол нужно одевать на него. А вот минусом этого смартфона можно назвать скорострельность камеры после нажатия на фото он долго думает по сравнению с Mi9T всё же Exynos 9611 сильно уступает чипам Snapdragon 700й серии и ближе к 600 серии которые были в Сяоми в 18 году. Первое включение заняло около трех минут миниум. Телефон тупил сильно на старте. Всё обновилось по воздуху и не обошлось без яндекса который засунули туда как дополнительный продукт. Стал работать пошустрее. Когда открыто несколько приложений, тоже как то начинает работать медленно всё же 4гб оперативной памяти сказываются на производительности и процессор. По поводу громкости динамика могу сказать сильных отличий не заметил ни лучше и не хуже однозначно. Итак переходим к экрану и тут я был удивлен не очень хорошим качеством олеофобного покрытия и у меня со стеклом на Mi9T из китая палец скользил так же как и на А51 без стекла, а то и хуже, я был сильно этому удивлен. Видно по этому как правило Самсунг часто делает хорошие скидки и честно реальная цена данного смартфона ну ни как не может превышать 12-13 тысяч рублей, на мой взгляд это его придел. Полный тест драйв фотографий я не делал, но немного поснимал и вот, что получилось. при хорошем освещении в целом притензий нет, но скорость ни его конек вот к примеру фото на S10e Разница очевидна, да я понимаю не сопоставимо сравнивать бюджетник и флагман, но скорось у камеры так себе. И вот ещё пример уже Mi9T ночью со вспышкой и не только. Да смартфон внешне красивый, цвета яркие, не обращаю внимания на пластик, но после чуть дороже смартфона тормоза прям бросаются в глаза особенно с камерой можно потерять красивый кадр пока она откроется и сработает приходится ждать долго. Плюсом можно отметить батарейку которая уверенно держится целый рабочий день. Мне нравится Самсунг, но данная модель увы меня лично не впечатлила может стоит чуть переплатить и купить что то на Snapdragon. Например М51 он будет по мне так намного интереснее ведь он на Snapdragon. Поэтому А51 был быстренько продан и ни капельки не жалею об этом. За 16 и более не могу вам его порекомендовать, красная цена ему 12-13 тысяч если будите брать учтите это. Всем спасибо за внимание, мой вердикт это 3 балла не более того. Увы Самсунг меня огорчил этим блогбастером.",otzovik.com,otzovik.com,3.0,2020-10-26,https://www.otzovik.com/review_10837407.html,neutral
"Достоинства: Хорошая камера. - Оптимальный размер. - Мощный аккумулятор. - 8-ми ядерный процессор. - Отличное разрешение. - Комплектация
Недостатки: Дизайн
Доброго времени суток, мои уважаемые читатели! Недавно я решил приобрести себе новый смартфон на замену старого Huawei P40 Pro . Уж очень давно хотел попробовать уже не такой современный, так как смартфоны стали выходить очень часто, флагман от Samsung. Мой выбор пал на Samsung Galaxy A51. Спустя три месяца использования я хочу поделиться своим мнением о нём. + При покупке меня привлёк 8-ми ядерный процессор. Он стоит почти во всех телефонах Xiaomi, даже не в таком новом смартфоне, Xiaomi Redmi Note 6 Pro . Однако частота работы здесь выше 2.3ГГц. + Камера. Сейчас это фишка практически любого телефона и этот смартфон не исключение. У телефона 4 модуля камеры и снимает он очень качество. Особенно мне понравился режим портрета, так как фон смазывается равномерно и нет захода на лицо, оно выделяется равномерно. + Батарея. Ёмкость батареи 4000мАч. Мне этого хватает на целый день при активном использовании и у меня не разу не было проблем с тем, что не хватает зарядки. С покупкой этого смартфона я практически забыл про существование портативной зарядки, теперь использую только для зарядки наушников. + Габариты. Телефон очень лёгкий - всего 147 грамм и приятно сидит в руке. Даже после длительного использования мышцы кисти не устают. + Разрешение. У смартфона разрешение 2400х1080 и мне очень нравиться смотреть на нём сериалы, так как качество передаётся почти так же, как на экране телевизора или ноутбука. + Комплектация. Сейчас не часто кладут в упаковку смартфона наушники. Однако этот смартфон является исключением. В комплектации идут зарядка, наушники и ключик для отсека с SIM-картами. - Дизайн. Единственный минус, который я могу выделить у этого телефона - дизайн. Меня он немного расстроил. Телефон выглядит не как флагман, а просто кнопочный телефон, у которого убрали кнопки. Однако к этому быстро привыкаешь и через месяц уже не замечаешь подобных вещей.",otzovik.com,otzovik.com,5.0,2020-06-22,https://www.otzovik.com/review_10239342.html,positive
"Достоинства: Экран
Недостатки: Телефон сам один большой минус
Читал в интернете отзывы о нем, смотрел видео. Телефон все хвалят. Ну скажем так, и отзывы и видео про плачены. На самом же деле телефон очень такой посредственный. Думаю что нравится он может только фанатам Самсунг. Адекватный пользователь за те же деньги возьмёт аппарат по лучше. Тот же Xiaomi или Хуавей или Хонор. Хожу с телефоном уже две недели и вы знаете, все эти две недели у меня присутствует желание поменять его на какого нибудь китайца бюджетного. За две недели я понял что внёс нет не чего, за что можно было бы отдать 22000 р. Единственным плюсом является экран ... и тот вызывает вопросы в плане настроек и оптимизации. Что касается минусов ... Процессор огромный минус ... телефон даже с 6 гигабайтами оперативной памяти, моментами очень долго думает. Опять таки, что касается оперативной памяти на бумаги 6 гигабайт, по факту 3 так как остальные три заняты оболочкой. Батарея тут 4000 мили ампер но телефон вообще не держит заряд, надо постоянно находиться рядом с разеткой. Что касается отпечатка пальца, то это вообще печаль. Мало того что вшили в дисплей ... так ещё и работает с горем пополам, про регистрацию отпечатка я вообще молчу ... я чуть не заплакал пока пытался его зарегистрировать. К кнопке питания тоже есть вопрос. В ней такой люфт, что нажимая на нее складывается впечатление что у тебя в руках дешёвая китайская подделка. В общем я не стану рекомендовать этот аппарат даже фанатам Самсунг. Тот же гелакси А3 2017 года на много лучше )",otzovik.com,otzovik.com,1.0,2020-04-10,https://www.otzovik.com/review_9796398.html,negative
"Достоинства: Отличный смартфон с многочисленными характеристиками
Недостатки: разблокировка экрана посредством отпечатка пальца можно улучшить
Более года я пользуюсь этим замечательным подарком на день рождения - меня до сих пор абсолютно всё устраивает! Удивлять функциями современного смартфона я не буду, но отмечу некоторые нюансы. Например, данный смартфон можно разблокировать, традиционно набрав на экране свой код, либо используя функцию распознавания лица (для меня новинка!) или отпечатков пальца. Правда, мне кажется, на прошлом моём смартфоне Honor решение разблокировки при помощи отпечатка пальца технологически было удачней - более удобно с тыловой стороны смартфона прикладывать палец, но в целом уже привык прикладывать палец с экрана. Наверное, самое явное преимущество - это набор из четырех камер - таких прекрасных фотографий я ещё не делал. Цифровой zoom - 10. Читатели моих отзывов в полной мере могут это оценить, просмотрев фотографии о природе после января 2021 года! Если кто заинтересовался этим преимуществом, то рекомендую прочитать технические характеристики камер на официальном сайте. В руке смартфон помещается очень удобно. Размер 158,5х73,6х7,9 мм. Назову самые для меня нужные характеристики телефона: восьмиядерный процессор 2,3 ГГц, память: 128 Гб, ОЗУ - 6 Гб, аккумуляторная батарея рассчитана на 4000 А*ч, есть несколько датчиков... Перечислять оснащенность этого смартфона можно ещё долго, но лучше самим об этом прочитать. Samsung Galaxy A51 реальный помощник! Мини-офис в твоей руке, удобный развлекательный проигрыватель - аудиокниги, музыка и фильмы всегда рядом! Навигатор тоже) В общем рекомендую этот смартфон к использованию! P.S. Цена прошлогодняя, сейчас, несомненно, нужно уточнить в магазине.",otzovik.com,otzovik.com,5.0,2022-02-13,https://www.otzovik.com/review_13067207.html,positive
"Достоинства: скорость
Недостатки: нет
Пользуюсь телефоном с лета 2020, поэтому знаю все плюсы и минусы. Плюсы: - Очень яркий приятный дисплей, лучший в данном ценовом диапазоне, на солнце всё видно; - Отличный звук в наушниках и БТ-колонке, есть эквалайзер. Некоторые писали что музыка через bluetooth заикается, но у меня такого не было ни разу, ни после покупки ни после обновлений телефона, всё отлично; - Хорошая батарея, нравится, что её поведение не меняется со временем, каждый раз стабильно и одинаково по времени держит заряд, можно рассчитывать на неё; - Камеры, особенно фронтальная. Очень классно фоткает; - Был удивлён функции ""Рабочий профиль"". Мой работодатель активно использует корпоративные мобильные приложения. И в этом телефоне реализовано это всё на высоте. Плюс мои рабочие данные очень надежно защищены. - Есть защищённая папка; - Samsung Pay; - Можно использовать карту памяти совместно с двумя сим картами; - Регулярно прилетают обновления. Производитель активно поддерживает и улучшает свой продукт; Минусы: - Сканер отпечатка пальца, работает очень медленно, а первые месяцы после покупки вообще срабатывал один раз из пяти, но Samsung молодцы, после нескольких обновлений, стал работать более-менее, а именно срабатывает почти всегда, но медленно; Безграничный экран Galaxy A51 позволяет ощутить эффект максимального погружения. Теперь ты можешь играть, смотреть фильмы, бродить по сети и работать в многозадачном режиме без перерыва на ярком 6.5-дюймовом sAMOLED экране с FHD+ разрешением. Погрузись в контент с головой благодаря тонкой рамке дисплея и максимальной площади полезного пространства. Ритмический узор на экранной теме Galaxy A51 гармонично сочетается с элегантными пастельными тенями Черного, Белого или Красного цвета. Яркая задняя панель дополняет общую стилистику смартфона, идеальная эргономика которого позволяет комфортно камера Galaxy A51 и интеллектуальное ПО позволят тебе записывать видео профессионального уровня. Создавай яркие и живые видео даже во время самых головокружительных приключений благодаря Систем Звук. У этого смартфона весьма неплохое звучание, которое способно раскачать наушники или колонку, но совершенно непонятные мне программные способы обработки звука. Эквалайзер есть, и он очень хорош, так как запоминает профили (динамик, наушники) и имеет 9 полос. Однако - когда играет музыка, очень заметно, что в телефоне по умолчанию задействована какая-то то-ли нормализация, то-ли компрессия, из-за чего звук захлёбывается, смешивается в кашу и нужно довольно долго ковырять эквалайзер чтобы хоть как-то избавиться от этой проблемы. Итоги: надеялся получить уже доработанный после всех обновлений смартфон, чтобы не было каких бы то ни было проблем, но увы. Как оказалось, обновлений было всего два и они оказались несущественными, возможно причиной этому послужила нынешняя ситуация в мире. Тем не менее, телефон очень понравился, работает плавно, батареи хватает на достаточно большой промежуток времени. Дизайн приятный, держать в целом удобно. В остальном - время покажет, на сколько удачная модель. Надеюсь получать обновления системного программного обеспечения. Тем не менее, телефон очень понравился, работает плавно, батареи хватает на достаточно большой промежуток времени. Дизайн приятный, держать в целом удобно. В остальном - время покажет, на сколько удачная модель. Надеюсь получать обновления системного программного обеспечения.",otzovik.com,otzovik.com,5.0,2021-06-20,https://www.otzovik.com/review_12075308.html,positive
"Достоинства: Дизайн, экран, качество сборки, вариативность цветов корпуса, хорошая производительность, хорошие фото возможности.
Недостатки: Пластиковый нежный корпус, нет прогресса по мощности в сравнении с А50, в 2020 году нет функции уменьшения мерцания экрана (ШИМ)
Samsung galaxy A51 - это результат работы компании над ошибками прошлой модели без координальных изменений. По прежнему узнаваемый, по прежнему пластиковый и по прежнему классный. ДИСПЛЕЙ Первое, что в нём подкупает, так это передняя панель 6,5 дюймов Full HD + SuperAmoled матрица с аккуратным круглым вырезом под селфи камеру. Южнокорейцы поработали над подбородком и теперь он достаточно маленький, рамки тоже похудели. Плюс infinity O дисплей и иногда тебе кажется что держишь модель минимум тысяч за 40. Красивый, элегантный, очень привлекает. ПРОЦЕССОР Установлен exynos 9611, в а50 9610 - разница практически не заметна, чисто косметическая замена. Работает хорошо, но иногда подзадумывается когда много приложений открыто. Запускает требовательные игры на средне-высоких настройках типо PUBG Mobile, Call of Duty Mobile или WoT blitz. Задняя крышка обыграна интереснее чем на предыдущей модели, но также пластик как и весь корпус. Камеры, как по мне, фоткают хорошо для этой цены, меньше промахов стало. СКАНЕР А вот тут не удалось компании дойти до уровня китайцев. Сканер задумчивый и всё-таки ошибается. Он подэкранный там его оставили. Может обновления помогут. СЛОТ СИМ КАРТЫ Как и в А50 здесь лоток 2+1 позволяет установить 2 снимки и карту памяти, что очень удобно. БАТАРЕЯ Аккумулятора в 4000мА*ч хватает мне на 1,5 суток. ОПЕРАЦИОННАЯ СИСТЕМА Android 10.0 и OneUI версии 2.0 удобно, красиво и функционально. В Итоге, если не любите китайцев Samsung galaxy A51 весьма интересный аппарат до 20к рублей, в котором вы не разочаруетесь, НО не забудьте купить защиту в виде чехла на него, пластик есть пластик",otzovik.com,otzovik.com,5.0,2020-01-21,https://www.otzovik.com/review_9347611.html,positive
"Достоинства: Дизайн, качество записи видео, обновления, качество, экран, память
Недостатки: Фото в ночное время мог бы снимать получше, бывают небольшие подлагивания
Всем привет! Сегодня расскажу о смартфоне Samsung Galaxy A51, который я купил летом 2020 года за 16-17 тысяч рублей в М. Видео (версия 64 ГБ). Сейчас данный смартфон стоит на несколько тысяч рублей дороже. Коробка небольшая. В комплекте имеется блок питания, кабель, наушники и документация. Смартфон заряжается где-то за 1,5 - 2 часа (имеет функцию быстрой зарядки, но она не самая быстрая). Вот так смартфон выглядит спереди. Экран 6,5 дюймов - очень хороший. Благодаря тому, что это AMOLED, чёрный цвет выглядит по-настоящему чёрным, другие цвета более насыщенные. Также доступна функция ""Always On Display"" - выводит время, уведомления и другую настраиваемую информацию на заблокированный экран. На батарею это почти не сказывается, так как технология AMOLED. С другой стороны смартфон выглядит очень красиво - переливается на солнце. У смартфона 5 камер (в том числе одна фронтальная). Я обычно использую три камеры - основную широкоугольную и для макро-съёмки. Фото в дневное время получаются хорошими ночью смартфон на мой взгляд мог бы снимать получше. Примеры фото на основную камеру: Широкоугольная камера очень удобная - всем рекомендую её использовать когда надо в одном фото захватить больше объектов. Видео снимает очень качественно. Я снимаю в формате 4K. Если сравнивать с Nokia 5, то Galaxy A51 видео записывает намного лучше. Зарядку смартфон держит нормально. Точно не скажу, так как стараюсь заряжать часто. Но на день умеренного использования должно хватить. Samsung Galaxy A51 изначально шёл на Android 10. Регулярно приходят обновления - недавно смартфон обновился до Android 11. По производительности могу сказать, что смартфон работает быстро, но иногда могут быть небольшие зависания. Памяти 64 ГБ мне хватает. При необходимости можно её расширить с помощью карты памяти. NFC тоже присутствует - это удобно для оплаты в магазинах с помощью смартфона. Итак, Samsung Galaxy A51 - очень хороший смартфон. Рекомендую!",otzovik.com,otzovik.com,5.0,2021-04-08,https://www.otzovik.com/review_11757778.html,positive
"Достоинства: Тонкий, стильный, функциональный, по привлекательной цене.
Недостатки: Не нашла для себя.
Давно хотела обновить свой телефон, и вот, наконец-то осуществила свое желание. Сказать, что я не разбираюсь в телефонах, ничего не сказать. Поэтому, в первую очередь, я ""встречаю по одежке"" И мне принципиально именно Samsung. Пересматривая разные варианты, я наткнулась на Samsung Galaxy A51. И это была любовь с первого взгляда. Очень важно, что телефон не был громоздким и толстым. Galaxy A51 полностью отвечает этим параметрам. Тоненький, легкий. Непривычно длинный, в сравнении с моим прошлым Galaxy A5 2016. Но это дело привычки. Сначала, хотела взять, как и предыдущий, консервативно-черного цвета. Но в живую он выглядит на мой вкус не красиво. И выбор пал на внести в жизнь разнообразие - белый. Но на деле, цвет больше перламутровый, с красивыми переливами. Еще, при выборе смартфона, я придерживалась параметра - никаких камер и отпечатков пальцев по середине. Компактное размещение четырех камер в левом, верхнем уголке, не уродуют телефон и позволяют выбрать красивый чехол, не закрывая рисунок. Для суровых ценителей техники это покажется смешным пустяком, но мне важно, чтобы у меня был не только функциональный, но и красивый гаджет. Кстати о камерах. Их четыре. Есть панорамная съемка и макро. Но я пока их только осваиваю (после одной в А5 2016), от чего фокус живет своей жизнью, не давая делать качественные снимки. По характеристикам камеры смело заявляют, что я могу не парясь делать любые снимки: Основная камера 48МП создана для ярких и четких снимков сверхвысокого разрешения днем и ночью. Сверхширокоугольная камера 12МП с углом обзора 123 позволит мне снять великолепные пейзажи и сделать групповые снимки. Для приближения самых мельчайших деталей есть камера для макросъемки 5МП, а для создания красивых портретов с эффектом размытия фона, камера 5МП с датчиком глубины и поддержкой режима ""Живой фокус"". Привыкаю ко всей этой афигенности, что пишут в характеристиках. Экран Galaxy A51 6.5 дюйма, разрешение 1080х2400. Четкая, яркая картинка. Экран можно подстраивать под себя: растягивая его практически во всю длину телефона, захватывая даже фронтальную камеру, или обрезать по бокам, до стандартного формата. На весь экран растягивать удобно в играх. Выдается масштабная картинка и, практически, полное погружение. Само стекло экрана защищено от царапин. Это очень хорошо, потому что я не люблю чехлы-футляры, которые защищают экран. А в сумочке экран может затереться о любую вещь. У него довольно быстрый процессор и вместительное хранилище. Улучшенный 8-ядерный процессор и оперативная память 4ГБ обеспечат плавную и эффективную работу любых приложений. Я не стала сильно жадничать и взяла 64 ГБ. После 16 ГБ в А5 2016,64 ГБ это очень даже много. Да, заметно по приложениям, что процессор действительно мощный. Все шустрее загружается и воспроизводится. Еще один бонус Galaxy A51, это слот под 2! сим-карты и флешку (есть у меня на 64 ГБ) Это огромное преимущество! Не надо гадать что вставить, флешку или карту. Телефон оснащен высокотехнологичной биометрической системой идентификации пользователя. Даже я не всегда могу включить свой телефон с первого раза. Три уровня защиты, словно я агент 007: лицо, отпечаток и пароль. Иногда пишет, что лицо не обнаружено. :D Телефон сделан в Индии. Но мне этот факт ни о чем не говорит. Предыдущий был сделан во Вьетнаме. Но, китайцы доказали, что тоже научились делать очень даже достойные аппараты. Поэтому, для меня, этот факт мало важен. В идеале хотелось бы Корейскую сборку. Наушники в Самсунгах мне в принципе никогда не нравились. А эти вообще жесть. Не нравится короткий, перекидной через шею провод. Не нравятся как сидят в ушах. Не нравится шумопропускаемость, не нравится звучание музыки. В общем, никогда наушниками из комплектации не пользуюсь. Мощный аккумулятор емкостью 4000 мАч, позволяет играть, выходить в прямой эфир и обмениваться файлами на протяжении целого дня. Быстрая Зарядка 15 Вт поможет не выпасть из динамичного ритма твоей жизни. Заряд держит долго, предупреждает на 15%. Разъем зарядного устройства тоже поменялся (в сравнении с А5 2016) Но это хорошо, теперь они стандартные и найти у друзей, если забыл свою, уже не доставит труда. Очень не удобный шнур. Он короткий. Теперь очень затруднительно сидеть в телефоне, если он заряжается. Но заряжается он мгновенно, примерно за час. В целом я очень довольна своим аппаратом. А когда мы с ним подружимся, то точно влюбимся в друг друга. Многие, конечно, скажут, что можно и круче найти. Но на мой привередливый вкус, эта модель идеальна во всем: внешним видом, весом, расположением камер, шустростью работы и красочностью экрана. А самое вкусное-это приятная цена.",otzovik.com,otzovik.com,5.0,2020-06-09,https://www.otzovik.com/review_10177837.html,positive
"Достоинства: Камера и экран
Недостатки: Сильно много
Пользовался мейзу про 5 плюс. Но там проблемы с навигатором поэтому решил перейти на самсунг а51. Экран конечно порадовал удобством. Навигатор работает отменно. А теперь о недоработках. При поделючении к автомагнитоле аремя от аремени прирывание песни и потом востановление нет стабильности. Автоматического подключения к магнитоле нет хотя устройства были сопряжены каждый раз нужно зайти и подключить в ручную. Звук от встроеного динамика звучит в режиме ванная с эхоб и без низких. Эквалайзеры не работают и ничего не происходит. Боковая подсветка так называемая можно забыть ароде есть а вроде нет ее работу заметить ннвозможно. Если вам пришло уведомление то под камерой кружок какбудто ребенок рисовал даст знать. Подружка а истент биксби все также на англиском. Из за биксби ок. Гугл ограничен в функциях. Голосом рпзблокировать телефон уже не сможите. Ну и на последок из хорошего камера очень даже хороша. Но как гоаорится только днем. Оценил из опыта мейзу и ксиоми. Хоть китай но доработан был.",otzovik.com,otzovik.com,2.0,2020-02-25,https://www.otzovik.com/review_9540779.html,negative
"Достоинства: Надежный, функциональный, громкий и красивый.
Недостатки: Не нашёл.
Доброго времени суток! После трёх лет усердного труда мой Huawei Honor 9 lite , хотя и хорошо работает, перестал соответствовать моим требованиям и занял почётное место на полке, а я приобрёл новенький Samsung Galaxy A51. Выбирал я смартфон долго, поскольку уж очень большой выбор различных брендов! Смартфоны Samsung я знаю давно, был у меня один из первых Galaxy, потом было много других марок, но вот снова вернулся к этому бренду. Он привлёк моё внимание тем, что это достаточно надёжный производитель, большая диагональ экрана, но при этом, им удобно работать одной рукой, много интересных приложений, есть боковое меню, из которого можно добавить второе приложение на экран и работать сразу в двух, причём размер окошек можно менять - мне эта функция очень нравится! В нём датчик Холла поэтому, при хорошем чехле, удобно блокировать телефон простым закрытием крышки, что удобно, когда одна рука занята. Чехол удобен ещё тем, что есть окошко, в котором видно индикаторы, часы, а так же можно увидеть кто звонит и принять вызов, и нет необходимости открывать крышку. Аккумулятор достаточно мощный. Я пользуюсь телефоном активно - разговоры, мессенджеры, wi-fi и т. п., при этом заряжаю в среднем раз в два дня. Экран яркий, чёткий. Реакция телефона на команды быстрая. Все функции данной модели Samsung Galaxy я не буду, их достаточно много. Скажу просто, что телефон очень хороший, качественный. Своих денег однозначно стоит. Этот смартфон активно продается в разных магазинах, причём цена значительно снизилась по отношению к той, по которой покупал я, и это очень досадно, что жадные продавцы наживаются завышая цену. К сожалению, жадность и эгоизм, это качества, которые не нравятся многим. В Библии записано обещание, что наступит время, когда таких качеств, а так же людей, которые их проявляют не будет. Этот смартфон однозначно рекомендую! Он подойдёт людям разных возрастов, поскольку достаточно прост и при этом функционален.",otzovik.com,otzovik.com,5.0,2021-04-10,https://www.otzovik.com/review_11768146.html,positive
"Достоинства: Яркий экран, 4 камеры, слот для карты памяти.
Недостатки: Плохо снимает в тёмное время суток и при плохом освещении.
В феврале этого года приобрела смартфон Samsung A51, покупала в фирменном магазине. Упаковка картонная, простая, ничего особого в ней нет. Внутри есть краткое руководство. Оно действительно очень краткое. В комплектацию с телефоном входят наушники. Для меня они оказались очень не удобными (думаю что не только для меня). Уши после них болят. Также расстраивает отсутствие регулировки громкости. Сейчас я пользуюсь другими наушниками. Зарядное устройство Type-C относительно быстро заряжает, где-то через 30-40 минут полная зарядка. Провод кабеля короткий 75 см это минус, хотелось бы длиннее. Также в комплектацию входит ключ для слота сим-карты и карты памяти. Ну и перейдём к самому смартфону А51. Корпус пластиковый, не так солидно выглядит, но в чехле книжка всё равно не видно из чего сделан корпус. Зато он меньше мёрзнет на морозе. У меня пока ещё не выключался на холоде . Экран яркий, красивые сочные цвета Super AMOLED. На экране нету ничего лишнего, только фронтальная камера, она не мешает, дизайн выполнен минималистично. Диагональ экрана 6,5 д, размер позволяет спокойно смотреть фильмы, и можно работать одной рукой (правда в начале пришлось привыкать). А вот в карман джинсов например, он не помещается. Это не удобно. В телефоне есть слот для 2 nano-sim карт, это очень удобно, если пользуешься сразу 2 сим-картами. В этом же слоте место для карты памяти до 512 ГБ. У меня память телефона на 64 ГБ, так как я много снимаю фото и видео этого объёма памяти катастрофически не хватает, а наличие возможности установить карту памяти до 512 ГБ как раз кстати. Динамик один, находится внизу смартфона рядом с разъёмом для зарядного устройства. Звук не идеальный, но в целом не плохой. Камер в А51 4 шт. Снимает хорошо при хорошем освещении, если не увеличивать изображение, то получается красивое фото с яркими цветами. При увеличении изображение размывается и уже не такое чёткое. В ночное время и при плохом освещении кадры выходят мягко говоря не очень. Макросъёмка хорошо справляется со своей задачей. Фронтальная камера тоже хорошо снимает только при хорошем освещении. Есть функция лучший снимок. Батареи хватает на сутки, если пользоваться интернетом и снимать фото. Нагревается при использовании, но не сильно. При заряде телефон тоже нагревается, вот тут он становится заметно горячим. Скриншот можно сделать проведя по экрану пальцем, но тут надо приноровиться, не всегда получается. Легче конечно делать скриншот старым способом нажав на клавишу включения и уменьшения звука одновременно. Так скриншот получается с первого раза. Есть бесконтактная оплата Samsung Pay. В телефон встроен компас, есть линейка, фонарик, уровень поверхности, счётчик чисел. Из всего перечисленного я пользуюсь только фонариком и линейкой. Загружается телефон при включении не быстро 25 секунд. Когда надо срочно включить, это очень раздражает. В общем впечатление от смартфона А51 хорошее. Если нужен относительно не дорогой вариант с хорошей камерой (а здесь их аж 4), но при этом не претендующий на супер качественную съёмку, то я советую к покупке Samsung A51.",otzovik.com,otzovik.com,4.0,2020-11-29,https://www.otzovik.com/review_11026852.html,positive
"Достоинства: Доступная цена, работоспособность, экран, камера
Недостатки: Сканер отпечатка пальца
Доброго времени суток, всем читателям моего отзыва! Два месяца назад я приобрела новый телефон. Протестив его, хочу оставить отзыв. Речь пойдет о Samsung Galaxy A51. Телефон я купила в Цитрусе, за 7500.00 грн, как по мне достаточно бюджетный телефон. Начнем с внешнего вида телефона. У этого смартфона более качественный пластик по сравнению с другими бюджетниками, который можно спутать по виду с стеклом, но взяв в руки понимаешь, что смартфон довольно легкий, в нем нет премиальной увесистости. Дизайн задней крышки на любителя, но это не имеет большого значения так как все решается чехлом. Если говорить о внутренних параметрах и возможностях, то перенос данных с другого Samsung отработал отлично. Сразу прилетело несколько обновлений. Батарея неплохая, держит примерно полтора дня при средней интенсивности использования. Весьма неплохое звучание, которое способно раскачать наушники или колонку. Эквалайзер есть, и он очень хорош, так как запоминает профили (Bluetooth, динамик, наушники) и имеет 9 полос. Но небольшой минус, что динамик расположен снизу и он один, иногда при использовании закрывается рукой. Хорошая оболочка Samsung, которая обладает огромным количеством функций и настроек. Детализация камеры хорошая. Фотографии, сделанные днём получаются просто отличными, яркими и с точной передачей цвета, вечером (ночью) всё не так хорошо, но для бюджетника подойдёт, особенно в режиме ночной съёмки. Порадовало наличие макро-съёмки, широкоугольные фото, так же портретный режим и многое другое. Очень понравился экран, всё чётко и сочно, Super Amoled во всей его красе, смотреть видео на нём одно удовольствие. Сканер отпечатка пальца находится в экране работает корректно, но не очень быстро, меня не напрягает. Есть небольшой лайфхак. Добавить один палец 2 раза, срабатывает точно, возможно не так быстро как физический сканер, но для меня не критично. Либо заходим в настройки в ""специальные возможности"" далее ""нарушение координации"" и там выставляем задержку касания на 0,20(по стандарту стоит минималка 0,50) и отпечаток будет срабатывать лучше. Слышала проблему с частым вылетом из сети, но пока с этим не столкнулась. Удобно что устанавливается одновременно 2 симки и карта памяти. Не хватает влагозащиты. В комплекте слабые дешевые наушники. В итоге, современное устройство с большим дисплеем, хорошими камерами, и производительностью, но за не очень высокую цену. После двух-месячного использования осталась очень довольна, аппарат стоящий!",otzovik.com,otzovik.com,4.0,2020-06-29,https://www.otzovik.com/review_10276471.html,positive
"Достоинства: Дизайн, Экран, Цена
Недостатки: Производительность
Пользовался данным гаджетом около полугода и недавно сменил на более производительную модель. Первое что бросается в глаза - симпатичный внешний вид смартфона и легкость. Особенно если учесть его ценовой сегмент. Экран выдает хорошую картинку за свои деньги. Однако, задняя крышка быстро загрязняется от ваших грязных пальчиков. Поэтому, рекомендую использовать чехол. Что касается производительности смартфона, тут чуда не произошло. Работает нормально в первые пол года, потом начинаются зависания. Думаю, год-два смартфон может прослужить спокойно. Неплохой показатель, но за такие деньги можно найти смартфон мощнее. Да, может не такой симпатичный, но мощнее.",otzovik.com,otzovik.com,4.0,2022-02-22,https://www.otzovik.com/review_13110320.html,positive
"Достоинства: Большой экран, мощный аккумулятор, хорошая камера
Недостатки: Иногда не срабатывает отпечаток пальца, слабенький процессор
В целом аппарат понравился, но цена на мой взгляд немного завышена! В нем есть свои плюсы и свои минусы. Итак, давайте по порядку, сначала плюсы: - большой безрамочный экран; - есть отпечаток пальца и распознавание лица; - мощный аккумулятор, хватает зарядки на целые сутки; - вполне достойная камера (снимки получаются довольно таки четкие, цвета насыщенные и естественные) ; Теперь минусы: - процесс стоит слабенький, к примеру, игры не многие потянет; - отпечаток пальца не всегда срабатывает; - если открыть сразу несколько приложений, начинает подвисать. Но в целом смартфон Samsung Galaxy A51 4/64GB довольно таки достойный. Производители думаю увидят мой отзыв и постараются по максимуму доработать все недочеты!",otzovik.com,otzovik.com,4.0,2020-04-02,https://www.otzovik.com/review_9744858.html,positive
"Достоинства: Бюджетный,Стильный
Недостатки: камера
На первый взгляд смартфон стал выглядеть, как флагман, и сложно представить что это недорогой телефон. Дисплей на 6 с половиной дюйма с миниатюрным вырезом для фронтальной камеры стиле galaxy 09, а минимальные рамки вокруг экрана позволяет телефону быть комфортным даже в небольшой ладони. В руке ощущяется прям утонченным. К сожалению этот смартфон лишён какой-либо защиты от влаги и пыли . Есть распознавания по лицу. С точки зрения производительности, если говорить про мобильный гейминг, то здесь нужно выставлять средние настройки графики, чтобы все работало без лагов. Общее впечатление от снимков положительное, учитывая цену смартфона. Аккумулятор у смартфона на 4000 миллиампер-часов, работает около полутора суток. Заряжается с нуля до ста за полтора часа. Впринципе этот телефон заходит всем любителям Samsung.",otzovik.com,otzovik.com,5.0,2020-02-25,https://www.otzovik.com/review_9542246.html,positive
"Достоинства: Удобный интерфейс, хорошо держит заряд
Недостатки: За его цену минусов не нашёл
Всем читателем моего отзыва, здравствуйте! Решил я купить себе новый смартфон, (предыдущие были из фирм Xiaomi, Honor до 20 тысяч рублей) и долго, очень долго выбирал себе модель. Советовался с друзьями, смотрел видосы. И все нормальные телефоны либо айфоны либо супер дорогие модели, которые мне по факту не нужны. Выбрать решил телефон от 20 до 25 тысяч рублей и в этом диапазоне выбрал разные компании. В итоге выбор был между Honor и Samsung. И решил выбрать Samsung A51 на 128 гигабайт. Этот телефон полностью удовлетворяет мои потребности в смартфоне; - Быстрая зарядка - Батарейки хватает на день, а то и два - Удобства использования - Хороший процессор (не самый мощный, но свою цену полностью оправдывает) - Отличная камера, где есть много различных функций. Телефоном полностью доволен и всем рекомендую!",otzovik.com,otzovik.com,5.0,2023-01-30,https://www.otzovik.com/review_14265970.html,positive
"Достоинства: Красивый, отличная камера, хороший процессор, высокое разрешение экрана
Недостатки: Только цена
Всем привет. Сегодня хочу рассказать вам о модели Samsung A51 4/64 Гб. Очень красивый смартфон с кучей наворотов. Давайте об этой модели поподробней. У данного смартфона имеется мощный восьмиядерный процессор с частотой 2,3 , 1,7 ГГц, что позволяет играть в новые игры на максимальных настройках без лагов и нагревания. Экран 6,5 с разрешением 1080 x 2400 (FHD+), красочная цветопередача, ведь тип экрана Super AMOLED благодаря этому картинка становится сочной, красочной, будто живая и благодаря разрешению FHD+ ваши глаза не устанут, даже после длительного просмотра. Отдельно поговорим о камере данного смартфона, ведь у него их аж 4 штуки для красочных фото 48.0 МП + 12.0 MП + 5.0 MП + 5.0 MП. Благодаря этим камерам фото получаются как на профессиональном фотоаппарате и подойдут как для семейных так и для красочных панорамных видов, которые не стыдно показать друзьям и знакомым. Также на эту камеру можно снимать видео в 4К формате. Память данного устройства 4 Гб оперативной памяти и 64 ГБ внутренней памяти, но если вам этого мало можно поставить карту памяти до 512 Гб. По подключению здесь есть поддержка WIFI 2,4Г+5,0 ГГц, есть функция NFC для бесконтактной оплаты (очень удобно), синхронизация с ПК: Smart переключение (ПК версия), есть разъем для наушников на 3,5 мм и разъем для зарядки USB Type-C. В руке лежит очень удобно вес 172г. Емкость аккумулятора 4000 мАч хватает на все нужды. В общем смартфон Samsung A51 4/64 Гб очень хорош за свои деньги. Красивый, мощный, отлично снимает на камеру (не хуже фотоаппарата), большая батарея, отличное разрешение экрана. Аппарат хорош.",otzovik.com,otzovik.com,5.0,2021-09-30,https://www.otzovik.com/review_12485551.html,positive
"Достоинства: Камера Удобство Раздкление экрана Быстрая зарядка
Недостатки: Иногда плохо срабатывает отпечаток пальца через защитное стекло/плёнку
Смартфон выбирала долго из нескольких вариантов. Для меня очень важны функции и качество камеры, поэтому главный критерий выбора смартфона была именно камера. В итоге остановила свой выбор на Samsung galaxy A51 на 64 GB и не пожалела! Камера очень крутая, есть режим съёмки в ПРО режиме (в этом режиме есть настройки как у профессиональной фотокамеры!!!), также есть портретный режим и широкоугольная камера. Максимальное разрешение основной камеры 48 МП. Что касается фронтальной камеры, то тоже нет никаких нареканий, работает отлично. Есть функция «Улучшения лица». Но я её сразу отключила так, как она немного портит качество фоток, делает их «мыльными». Есть возможность делать фото с помощью жеста (показать ладонь на камеру и через пару секунд она сфоткает). Максимальное разрешение фронтальной камеры 32 МП. Я очень много и часто фотографирую на телефон, поэтому для меня эти функции были очень важны. Сам смартфон очень удобный, хорошо лежит в руке с чехлом и без чехла. Интерфейс можно настроить под себя, добавить кнопки быстрого доступа к приложениям, боковую панель и многое другое. Разблокировка экрана осуществляется 3 способами – Распознание лица, Отпечаток пальца и обычная разблокировка (рисунок, пин). Распознание лица работает отлично и быстро даже в темноте, благодаря подсветке экрана. Отпечаток пальца иногда подводит, работает медленнее и не всегда распознаёт с первого раза. Есть обалденная функция разделения экрана, с помощью неё можно работать одновременно в двух приложениях. (Одно приложение будет на одной половине экрана, второе – на другой половине. Очень удобно!) ПАМЯТЬ. У меня телефон на 64 Гб. У меня, по причине работы, в телефоне очень много фотографий и различных приложений, но пока память телефона не заполнилась ( я периодически чищу его с помощью специальных приложений от «мусора»). Плюс у меня установлена карта памяти на 128 Гб. ВЫВОД: можно не переплачивать за бОльший объём памяти! На смартфон периодически приходят обновления, где улучшается интерфейс, появляются новые функции. РЕКОМЕНДУЮ этот смартфон!! Берите не пожалеете! Тем более за такие деньги.",otzovik.com,otzovik.com,5.0,2021-02-22,https://www.otzovik.com/review_11519356.html,positive
"Достоинства: Мощный аккумулятор, сканер отпечатков в экране, 4х объективная камера
Недостатки: Нет
На новый год мне дед Мороз подарил новый смартфон Samsung Galaxy A51 в белом цвете. Я очень сильно ждала этот подарок, читала много отзывов о нем, и вот он наконец-то у меня. Телефон стильный, современный, большой. В комплекте с телефон, в этой миленькой коробке было краткое руководство по эксплуатации. Кабель USB и USB адаптер питания, тоже белого цвета. Наушники А так же ключик ( штифт) для извлечения слота SIM- карты Основная камера - 4х объективная 48 Мп, фотки получаются наивысшего качества, очень чёткие и яркие. Мощный аккумулятор 4000 МА, хватает на 2 дня, а если зарядка на 0, то телефон заряжается мгновенно. Процессор 8ми ядерный, память ОЗУ 6 гб, память ПЗУ 128 гб Galaxy A51 оснащен биометрической системой идентификации человека, это значит, можно поставить блокировку экрана на отпечаток пальца ноги например). Можно настроить Samsung Pay и оплачивать покупки, приложив телефон к терминалу. Ещё совсем забыла, можно сделать собственное эмодзи (стикер) и добавлять его на любое фото. На этом фото Эмодзи девочки в нижнем правом углу. Звук вызова звонка - отличный, чёткий, громкий. Так же и в наушниках Телефон рассчитан на 2 SIM - карты. Не смотря на свои размеры высота 158,5 мм, ширина 73,6 мм, толщина 7,9 мм. Вес смартфона 172 гр. Телефон удобно держать в руке, и набирать текст одной рукой. А ещё, у смартфона полностью плоский экран. В целом, я очень довольна подарком. Думаю, что этот смартфон прослужит мне долгие годы.",otzovik.com,otzovik.com,5.0,2021-02-07,https://www.otzovik.com/review_11429203.html,positive
"Достоинства: 128 Гб памяти, хорошее качество фото и видео, быстрая работа браузера, эстетичный вид телефона.
Недостатки: Раздражает короткий провод зарядки, уже много чего уронила из-за этого, включая сам телефон), т.к. до этого все время были длинные провода у зарядников.
Доброго времени суток. Совсем недавно я стала обладателем Самсунга а 51. Я влюбилась в этот телефон, как только увидела в рекламе, очень красивого дизайна. К тому же, мой предыдущий телефон сломался и нужно было что-то брать. Я посмотрела много обзоров на этот телефон, взвесила все плюсы и минусы. Купила я его в Связном за 23000. В подарок мне дали сим-карту и карту памяти на 32 Гб. В комплектацию входят: зарядное устройство, наушники и ключик от слота с картами. У зарядного устройства очень короткий провод, что весьма неудобно. Наушники к этому телефону, на удивление, посредственного качества. Кстати замечу, что наушники, что провод от зарядки в телефон нужно вставлять с заметным усилием. Ты вроде бы включил зарядку, но телефон не заряжается, потому что провод не до конца подключен к телефону. Наушники подключаются внизу телефона, к чему тоже нужно привыкнуть. У телефона качественный, громкий динамик. Цветовое качество экрана хорошее, отличные фотографии, но на самом максимальном приближении, немного размытые. При просмотре видео, немного мешается камера в центре, но из-за качественного воспроизведения видео, со временем перестаешь обращать на нее внимание. Корпус телефона хоть и красивый, но весьма не прочный, чехол необходим. В этом телефоне можно пользоваться двумя сим-картами, а также, можно дополнительно поставить карту памяти. Память самого телефона у меня 5,8 Гб, встроенная на 128 Гб. В отличие от многих других моих телефонов, Самсунг работает быстро. Версия андроид 10. Что мне очень понравилось, телефон почти не нужно было настраивать, работал интернет и плей-маркет, оставалось только ввести пароль в аккаунте гугл и все готово. Что касается зарядки, опять же, я много смотрела обзоров. Быстрая зарядка присутствует. В телефоне первоначально подключено много приложений, которыми в большинстве своем многие не пользуются. Как правило, включены все самсунговские приложения, локация, отслеживание данных и качество работы телефона - большая часть заряда устройства уходит на эти подключения. Ненужные для меня приложения я отключила. При активном использовании, заряда хватает на день, с играми еще быстрее естественно. При среднем использовании, заряда устройства вполне спокойно хватает на 3-4 дня. Хорошо поддерживает игры и приложения, не лагает. Разблокировку телефона произвожу по старинке - вводом пароля. Отпечаток пальца не всегда срабатывает, особенно на улице. Распознавание по лицу я настраивать еще не пробовала. В отличие от Хонора, где есть функция защиты глаз, здесь этого нет и яркость экрана нужно настраивать. Яркость в Самсунге автоматически подстраивается, но это не всегда удобно. Каждый понедельник в телефоне всплывает уведомление о том, какими приложениями я пользуюсь больше всего и сколько времени. Очень удобно, т. к. можно следить за собой и регулировать время зависания в телефоне. Так же, в настройках есть поисковая система, что позволяет быстрее найти то, что нужно. В телефоне еще есть подсказки, благодаря которым можно быстрее научится пользоваться всеми функциями телефона. Если мобильное устройство стало медленно заряжаться и долго заряд не держит, нужно в настройках оптимизировать приложения, т. к. именно из-за этого происходят проблемы с медленной зарядкой, телефон предлагает убирать приложения, которыми вы редко пользуетесь, в спящий режим, чтобы не тратить на них заряд батареи. Минус этой функции в том, что от приложений в спящем режиме не поступают уведомления. Конечно, здесь много неизученных мною функций, т. к. пользуюсь телефоном всего месяц, но телефон оправдывает свою стоимость.",otzovik.com,otzovik.com,5.0,2021-01-27,https://www.otzovik.com/review_11367546.html,positive
"Достоинства: Камера отличная, экран замечательный.
Недостатки: У нового, батарейка садится - 1% в час. Все приложения отключены. Регулируешь звук на видео (аудио) - меняется громкость вызова!
Камера отличная, экран замечательный. Но! Он Вас подведет в любой момент, или носитесь с павербанком. У нового, батарейка садится - 1% в час. Все приложения отключены, включен только WI-FI (у древнего Wileyfox - 0.5 % в час, с вайфаем и кучей приложений в трее, так у него АКБ убита уже). Огромный минус, из-за которого готов сдать его в магазин: Регулируешь звук на видео (аудио) - меняется громкость вызова! Уменьшишь, на ночь, в сети полазив, а утром звонок не услышишь. Я не фотоаппарат с экраном брал (кстати, ""вес"" фото не регулируется, как смарт захочет - так и будет, но не по Вашему, ох не по Вашему!), а средство связи! Кстати у меня модель с 6 гигами оперативки, так вот 3,5 уже загажено предустановленными программами (и это после отключения половины из них!), а из 128 Гб ПЗУ с ""завода"" забито 19. Выпуска январь 2020.",otzovik.com,otzovik.com,3.0,2020-01-12,https://www.otzovik.com/review_10007007.html,neutral
"Достоинства: камера, зарядка, большой экран
Недостатки: Минусы не нашел пока
Хочу поделиться опытом использования Самсунг гелакси а51. Начну с того, что телефон мне очень понравился. Я брал его преимущественно из-за хорошей камеры и мощного аккумулятора. Перед покупкой смотрел и читал разные обзоры, больше было хвалебных высказываний, поэтому я его и купил. Итак, какие определенные плюсы я выявил для себя: 1. Четыре камеры, основная имеет 48 мп, поэтому фотки получаются очень четкие и крутые 2. Стабилизация видео, это прям отдельный респект. Хорошо сделанная функция, я оценил 3. Как я уже сказал, мне важна зарядка, и тут аккумулятор на 4000 мА. Хватает на день отлично! Это основные характеристики, которые ну прям очень порадовали. Процессор, конечно, тоже хороший, телефон летает. Но это не отличительная черта. Подытожу и скажу, что если хотите качественный и современный телефон, при это недорогой, то а51 шикарно подойдет. Он и выглядит классно, и в использовании топ.",otzovik.com,otzovik.com,5.0,2020-04-02,https://www.otzovik.com/review_9741746.html,positive
"Достоинства: Камера, внешний вид.
Недостатки: Память.рамки
Самсунг- Мои фавориты в мире телефонов. Я люблю в них экраны с хорошим разрешением, что делает пользование очень приятным. Хорошая камера делает качественные снимки. Видео так же хорошего качества. Оперативной памяти хватает для того чтобы телефон не записал и работал плавно и исправно. Но не хватает для больших игр. Удобный интерфейс, приятная внешность. Рамки телефон не толстые и смотрятся отлично. Хороший чистый звук. При проигрывает медиафайлов на высокой громкости динамик не дребезжит и слышно все хорошо. Памяти конечно маловато. Приходится часто переносить медиафайлы. В телефоне не нашла минусов и рекомендую для использования.",otzovik.com,otzovik.com,4.0,2020-03-04,https://www.otzovik.com/review_9582213.html,positive
"Достоинства: 1. Хорошая производительность 2. Сканер отпечатка пальца под экраном и разблокировка по лицу. 3. Мощная батарея 4. Новомодный экран
Недостатки: 1. Большие габариты 2. Неизменившаяся камера
Недавно мне в руки попал смартфон Samsung galaxy a51, и сейчас я хотел бы поделиться опытом эксплуатации данного девайса на протяжении месяца. Samsung Galaxy a51, стал улучшенной версией ""а50"", и общее впечатление от него только хорошее. Смартфон работает очень шустро, ничего не зависает, все приложения открываются очень быстро, тянет обсалютно все популярные игры на средне-высоких настройках графики. Также не могу не отметить новомодный безрамочный экран, с вырезом по центру верхней части экрана, а не ""капелькой"" которая всем уже приелась. Мощности батареи хватает на два дня средне-активного использования и на день очень активного использования. По камерам ничего особенного сказать не могу, как по мне, они не отличаются от предшественника ""а50"" Задняя крышка и габариты такие же как у предшественника, тут говорить также неочем. Экран очень красивый, яркий, сочный, с хорошим разрешением, из-за чего пикселей не видно. Присутствует сканер отпечатка пальца под экран, и, по сравнению с предшественником ""а50"" работат он точнее и немножко быстрее. Также присутствует разблокировка по лицу, которая, по ощущениям, не отличается от ""а50"" В общем и целом, смартфон мне понравился, и он стал не плохим продолжением линейки ""а"" у Samsung'a.",otzovik.com,otzovik.com,5.0,2020-02-24,https://www.otzovik.com/review_9534038.html,positive
"Достоинства: Цена и качество
Недостатки: Для меня не нашлось минусов
Уважаемые читатели, хочу поделится своми мнением о моем новом телефоне. На днях у меня сломался телефон, заботливый муж подарил новый Samsung Galaxy A51. Вообще моя семья больше предпочитает гаджеты и технику торговой марки Samsung. На наш взгляд это качественные и стильные товары. Телефон хороший. Память большая, 128гб, четыре камеры. Изображение четкое, яркое. Он тоненький, довольно изящный, мне такие нравятся. Простенький, но по функциям меня вполне устраивает, цена на него тоже не завышена, чуть больше 20 тысяч рублей. В комплектации так же были наушники и зарядное устройство. Рекомендую к покупке данную модель. В ближайшее время планируем поменять дочке старый телефон на аналогичную модель.",otzovik.com,otzovik.com,5.0,2022-12-15,https://www.otzovik.com/review_14104255.html,positive
"Достоинства: Всё написано в отзыве
Недостатки: Нет
Смартфон Samsung Galaxy A51 куплен был моим племянником для меня в виде подарка на новый год 2021 на сайте алиэкспресс за 20 тыс рублей. Я у него всё выспросила, так как нужно для отзыва. Потому что прежний мой смартфон купленный мне в 2010 году на юбилейное день рождение устарела модель и никаких обновлений на нём нет. Ну о нём будет отзыв как нибудь. А продолжу про этот телефон. Конечно он по виду очень красивый, мощный, и солидный. С обратной стороны есть камеры для фото и видео, в руке держать не сложно, совсем лёгкий. Фото, видео получаются хорошие. Можно делать обновления сайтов. Вообщем я довольная подарком. Ну на этом всё. Спасибо что прочли мой отзыв. Рекомендую к покупке.",otzovik.com,otzovik.com,5.0,2022-04-06,https://www.otzovik.com/review_13257105.html,positive
"Достоинства: Быстрая зарядка, улучшенный сканер, легкий, изящный, тонкие рамки, экран, NFC, камера, батарея
Недостатки: Задняя крышка, средняя производительность
Сразу что бросается в глаза после того как держишь этот телефон в руках, так это непосредственно то что передняя камера из ""капельки"" так званой стала почти не заметной точкой. Так же меня удовлетворила легкость данного смартфона, он хорошо сидит в руках. Также ложно не заметить изящность и тонкие рамки. Еще из плюсов можно выделить сканер отпечатка пальцев. Быстрая зарядка которая довольно быстро справляется из мощной батареей. А от батарея мне понравилась особенно ее хватает на 1-2 суток при максимальной интенсивной роботе с телефоном. Так же очень понравилось добавление оплаты картой через телефон. Из минусов могу назвать пластиковую заднюю крышку на которой (без чехла) краска сотрется очень быстро. Так же этот телефон не обладает сильной производительностью то есть за эту цену можно найти и получше. Итого мы имеем прекрасный телефон за свою ценовую категорию.",otzovik.com,otzovik.com,4.0,2021-11-30,https://www.otzovik.com/review_12743217.html,positive
"Достоинства: Их много.
Недостатки: Отпечаток пальца редко срабатывает. Чехла нет в комплекте
Всем привет! Телефон покупали 4 месяца назад. Он очень красивый. Экран не тормозит. Присутствуют полезные приложения. Камера оформлена под аккуратную дырочку. Есть разные виды съёмки. Тянет все приложения. Большая батарея. Покупали в Мегафоне версию на 64 гб. К телефону дали чёрный чехол и защитное стекло. В комплекте присутствует: сам телефон, проводные наушники, зарядное устройство. Кабель для зарядки USB type c. Всё испытал, всё отлично работает. Работает на android 11. Версия One UI 3.1. Заряда хватает на весь день. Всем очень доволен. Игры скачиваются в приложение Game Launcher. Благодарю за внимание! Всем пока!",otzovik.com,otzovik.com,5.0,2021-08-25,https://www.otzovik.com/review_12343574.html,positive
"Достоинства: внешний вид, не плохая начинка телефона (для ее задач она была с запасом)
Недостатки: камера, требует обновления
Телефон покупался в сентябре 2020 года, как подарок маме на день рождение. Ассортимент цветов не такой большой, однако мы присмотрели голубой из-за его задний крышки. Она имеет наиболее красивый цвет, нежели белый или черный. До этого у мамы был HONOR 8X, он был идеален во всем по словам мамы, но после пары падений разбился экран, замена не помогла, поэтому выбирали, по размерам и по функионалам такой же, но с с более стойким к падениям экрану. Маме не нравились айфоны, поэтому выбор пал на этот аппарат. За свою цену, он идеален. Аккумулятор держит хорошо, под нагрузкой полтора- два дня работы вытянет спокойно. В основном, ей нужен был телефон с большим объемом памяти, с неплохой камерой, да и чтобы в руке лежал удобно. Самсунг а51 с этим справился отлично. Плюсы: внешний вид, не плохая начинка телефона (для ее задач она была с запасом) Минусы: Очень разочаровал камера, по сравнению с тем же HONOR 8X, камера... тут все грустно, хоть и на бумажках 48 мегапикселей. Камер напихали целых 5: 4 сзади, 1 спереди, но работают они на низком уровне, свет они улавливают хорошо, но толку от этого, мало все, что улавливает камера, она с радостью размывает, короче снимки смотрятся более менее только на экране телефона. Прочитала много об этом телефоне, камеру прокачали, теперь в условиях недостаточного освещения стала корректно срабатывать вспышка, вобщем аппарат похорошел и его уже можно брать, и пришла к выводу что после покупки сразу нужно ставить обновление. После которых многие параметры улучшились, в том числе и уровень камеры. И еще все таки при падении экран разбился, но пока имеет только одну царапину, а не идет по всему телефону как у HONOR 8X. Телефон рекомендую к покупке",otzovik.com,otzovik.com,5.0,2021-07-24,https://www.otzovik.com/review_12214166.html,positive
"Достоинства: Камера, быстрая зарядка, экран
Недостатки: Быстро разряжается, иногда глючит, не всегда срабатывает отпечаток
Взял samsung a51 ещё в августе, долго думал, стоит ли брать. Но меня зацепила его камера, отпечаток да и аккумулятор, решил в итоге взять. Попользовался 1-2 недели и заметил, что он очень быстро разряжается телефон. Еле как хватало на день, что ненормально для почти 4000 mAh. До этого был телефон другой фирмы, так там у меня было 3200 mAh и он держал намного лучше, до ночи хватало. Это при том, что там батарея была уже не такая хорошая, так как пользовался постоянно. А спустя 8 месяцев вообще сильно стало её не хватать, достаточно включить музыку в наушниках, как уже через минут 10, вместо 100%, 93-92%. Очень разочаровался в телефоне, точнее в батарее",otzovik.com,otzovik.com,3.0,2021-04-19,https://www.otzovik.com/review_11813012.html,neutral
"Достоинства: Удобный, многофункциональный
Недостатки: Пока нету
Купил буквально несколько месяцев назад Samsung Galaxy A51 64гб. Телефон вполне устраивает, в отличии от прошлых поколений, таких как А30, А20s, имеет ряд новых, полезных функций. Дизайн смартфона представляется в 3 цветах, что к сожилению не особо радует, маленький выбор. Камера телефона: 4 широкоугольные камеры на 48мп, + вспышка. Отлично подходит для профессиональных сьемок. 8-и ядерный процессор, что сразу заметно, телефон не подлагивает. Игры, такие как Pubg, Call of Duty, спокойно без лагов тянет на максималках. Батарея на 4000Мач, при активном использовании, хватает на сутки. В мороз не страшна быстрая разрядка. Имеется быстрая зарядка телефона. В общем, описывать по своему телефон можно очень много. Купив данный телефон, я не жалею об этом, темболее стоит телефон не так дорого. Советую всем.",otzovik.com,otzovik.com,5.0,2021-02-05,https://www.otzovik.com/review_11418602.html,positive
"Достоинства: Дисплей, процессор, дизайн.
Недостатки: Сильно греется, батарея
Телефон очень хороший за свою цену (20-25тысяч). Я им пользуюсь уже почти год. Плюсы: + Очень качественный и яркий дисплей Качество картинки очень хорошее. + процессор хороший телефон ни разу не лагал. Все игры тянет на средних и максимальных настройках. Не говорю уже о приложениях. + Дизайн мне понравился особенно фронтальная камера в форме дырки. Это выглядит намного красивее чем капля или чёлка (как на айфоне) = Камера (32мп) на этом телефоне средняя. Иногда картинка получается хорошая а иногда слишком расплывчетая. Но я бы не рекомендовал его для фотографов. Минусы: – Он очень сильно греется в играх. Даже когда просто стоит на зарядке. Мне иногда кажется что он сейчас взорвётся. – Батарея хоть и средняя (4000мАч) Но в играх садится где-то за 2 часа Для меня он разряжается быстро но если в него не играть он может проработать 1 день без зарядки.",otzovik.com,otzovik.com,4.0,2021-01-14,https://www.otzovik.com/review_11283401.html,positive
"Достоинства: Стильный,много камер и фильтров,память,защита
Недостатки: Пластековый корпус и цена
Доброго времени суток, дорогие читатели отзовика, недавно по совету подруги купила данный смартфон и, пока им довольна, правда прошло всего 2 недели и судить пока не сильно, то можно Чтож расскажу немного чем он понравился: 1)Красивый дизайн с переливающейся задней панелью. Был выбор в цветовой гамме(красный, черный и белый). Передняя часть не имеет боковых границ(на фотографии пузыри от защитного стекла) 2)На телефоне 5 камер(4 задних и 1 передняя) и также имеет множество фильтров:макро и микро съемка, панорама, отдаление и множество похожих фильтров, поэтому думаю фотографии выйдут лучше 3)Большой объем памяти у меня он 64ГБ, ноесть еще на 128ГБ и при этом можно вставить дополнительную карту памяти 4)Имеет отпечаток пальца и face id и можно поставить пароль, PIN-код и рисунок Наверное с плюсами это все. Из минусов могу выдялить лишь то, что: 1) цена довольно высокая для такой модели 2)пластековый корпус на котором могут легко появиться небольшие царапины если не носить чехол В целом мне понравилась эта модель и даже в момент скидок его можно купить дешевле и тогда цена не будет так смущать. В наборе также шли наушники и зарядка(под цвет телефона, кроме красного) и ключ для того чтоб открыть отделение с картой памяти и двух sim-карт",otzovik.com,otzovik.com,4.0,2020-08-20,https://www.otzovik.com/review_10526765.html,positive
"Достоинства: Камера,память, объем зарядки,защита и стильный
Недостатки: Надо искать защитное стекла
Всем привет. Недавно купила Samsung galaxy a51 и очень мне понравился. Его мне посоветовала. Расскажу немного о нем: 1)Яркая, стильная и переливающаяся задняя панель. Есть на выбор 3 цвета:черный, белый и красный. Экран не имеет рамок 2)У него 4 задним камеры и 1 фронтальная, которая находится на экране. Камеры имеют фильтры: макросъёмка, замедление, гиперлапс и камера глубины. Так что теперь можно фотографировать профессионально, даже не имея камеру, ведь фотографии получаются шикарными 3)Система защиты имеет: сканер отпечатка пальца(находится на экране) и face ID(распознавания лица) 4)Большой объем памяти 64 или 128 ГБ +карта памяти 5)есть разъемы для двух micro sim 6)Зарядки хватает на целый день (4000 mAч). Тип зарядки USB type-C. Аккумулятор несъёмный 7)И самое главное он очень бюджетный ~20000 руб У него наверное только один минус который я нашла и это то, что надо искать подходящее защитное стекло, которое цельное и не имеет разъемов для камеры Если у вас возникли вопросы, то я с удовольствием на них отвечу",otzovik.com,otzovik.com,5.0,2020-07-14,https://www.otzovik.com/review_10347112.html,positive
"Достоинства: Камера, быстрая зарядка, цена, безопасность, NFC, производительность
Недостатки: Пластиковый корпус, водопроницаемость
Здравствуйте дорогие читатели! Хотелось бы рассказать о своей недавней покупке самсунга. Телефон достаточно интересный и необычный за свои деньги: много функций, которых нет даже на айфонах! В комплекте шли гарантийный талон, инструкция, штифт для извлечения отдела под симки и SD-карту, дешевенькие наушники(но и это неплохо, хоть какие-то) и быстрая зарядка. И правда, на 100% телефон заряжается через 1.5 часа. Внешний вид телефона немного его дешевит, так как крышка пластиковая, но достаточно красиво переливается, лучше носить в чехле, потому что очень легко поцарапать крышку любым неосторожным движением. Камера отличная(4 камеры), хотя шумы все же присутствуют при не очень хорошем освещении(в некоторых других смартфонах за такую же цену камера более четкая и шумов меньше). Основная камера на 48 Мп очень четко передает все предметы, также смартфон дает возможность снимать фото в 4К и Full HD, что является несомненным плюсом! У камеры много функций, но некоторые хочу выделить особенно. Макросъемка в этом телефоне удивляет-нереальная передача каждой детали! Также присутствует режим ""ночь"", который помогает запечатлеть огни ночного города(и не только) и всю красоту ночи. Очень порадовало то, что можно вставить дополнительную карту памяти хоть до 512 Гб! В других смартфонах такого ценового сегмента еще не слышала о таком. Игры тянет хорошо, никаких глюков и зависаний не было. Еще одна интересная фишка- отпечаток пальца в самом экране! Ранее такого не было. К сожалению, иногда отпечаток не срабатывает, но есть много других способов разблокировать телефон:рисунок, pin-код, пароль и лицо. По фото видно, что камера не в виде ""капельки"" или ""усов"", а в виде точки наверху экрана-интересное решение. При просмотре видео почти не заметна камера, пространства становится больше, этакий мини-планшет. Также, если напрягает этот кружок на экране, можно заменить обои и тему-дизайнеры придумали интересные решения для этого! Вот, например, самое первое попавшееся: Еще небольшой минус- данная модель водопроницаема. Конечно, в аккуратном обращении со смартфоном такая функция не нужна, но все же, для безопасности, желательна. (Но за 18000руб. еще не находила водонепроницаемого телефона) В итоге, за свои деньги этот телефон-наилучший! Хоть и есть некоторые недочеты, но с выходом обновлений, надеюсь, они будут не так заметны.",otzovik.com,otzovik.com,5.0,2020-01-18,https://www.otzovik.com/review_10043891.html,positive
"Достоинства: Большой экран Громкий динамик
Недостатки: зарядка не андроид(
Samsung A51 покупала через интернет магазн днс самовывозом. Что мне понравилось: 1. безграничный экран 2. на телефоне нет центральных кнопок, только сбоку, громкость и блакировка 3. отпечаок пальца находится по центру внизу на лицевой части телефона. 4. В телефон можно установить 2 симкарты и флешку. 5. Камера франтальная размывает фон, % размытости позже можноотрегулировать(фото с собакой) 6. Ночные фото с франтальной камеры, не каких пикселей и красных глаз (прмкрепила фото номер 3) 7. Макро съемка, подставляла палецбыло видно отпечаток и даже пот 8. Ночные фотографии с 4ех камер четкие, я такого еще не встречала, пр крепила фото с видом с моего балкона. 9. Очень громкий по сравнению с моим zte 10. Долго держит батарею в среднем 12 часов и заряжается за час полтора 11. яркий экран 12. Видео в 4к Минусы которые я обнаружила 1. скольский, несколько раз чуть не уронила 2. Зарядка не стандартная, если забыл дома наврятле у когото такая будет, прикрепляю сравнение номер4 3. Грееться при зарядке, сверху слева от кнопок громкости Больше минусов не обнаружила В полне доступный телефон, с четкой камерой, я давольна Брала в белом цвете, задняя часть телефона переливается очень красивый дизайн.",otzovik.com,otzovik.com,5.0,2020-01-08,https://www.otzovik.com/review_9985130.html,positive
"Достоинства: 1.Super AMOLED экран. 2.Удобно держать в одной руке,не тяжелый.
Недостатки: 1.Греется на быстрой зарядке.
Купила я смартфон в сентябре 2020 года. Фото состояния телефона на данный момент!! За время использования не глючил, но очень сильно грелся на быстрой зарядке, после отключения данной функции проблема разрешилась. Зарядки хватает на сутки(4500 мач). Очень понравилась камера, она конечно не самая лучшая, но за такие деньги отличная. Фотография сделана на Samsung a51. Отдельная тема это экран, он самый дорогой в этом смартфоне. Сочность цветов на высоте!! Тип дисплея Super AMOLED. Диагональ экрана 6.5 дюйма. Особенности дисплея в соотношении сторон 20:9 Смартфон шикарный определенно стоит своих денег!! В конечном итоге я хочу добавить, этот отзыв я оставлята 4 года назад и по сей день я довольна своим выбором!!",otzovik.com,otzovik.com,5.0,2025-01-24,https://www.otzovik.com/review_16968674.html,positive
"Достоинства: Дисплей звук камера аккумулятор оперативка 2 слота
Недостатки: процессор корпус из пластика
Вполне средненький телефон которым пользуюсь я, мне купили его в 20 году в замен старого китайца. Телефон большой по диагонали кто хочет меньше это не для вас явно. Экран широкий амоледовский лучше покупайте стекло чтобы не разбить дорогое стекло. Камера средняя ну мне полностью он впечатляет, и устраивает. Процессор средний греется в трудных приложениях. Аккумулятор держит вполне нормально. Звучание динамиков отличное в подарок шли наушники зарядка, а вот бампер купил за 2 тысячи. Крышка пластиковая поэтому покупайте защитку на него так как в руке будет грязный, так ещё уроните и цена упадёт если будете продавать.",otzovik.com,otzovik.com,4.0,2023-01-01,https://www.otzovik.com/review_14676841.html,positive
"Достоинства: хорошая камера, емкий аккумулятор, чувствительный сенсор, красивый дизайн, большой обьем памяти
Недостатки: не нашла
Телефон SAMSUNG A 51 подарили мне на день рождение, красивый дизайн, большой экран, что для меня очень важно) сенсор работает идеально. Роняла много раз, но он все равно работает как в первый день покупки, правда приходилось менять защитное стекло пару раз из-за своей руко*опости)) "" симкарты, есть слот для доп. памяти, но мне достаточно моих 128 гб)) В общем мои впечатления положительные! ЕЩЕ! камера крутая! К покупке рекомендую.",otzovik.com,otzovik.com,5.0,2023-02-10,https://www.otzovik.com/review_14313238.html,positive
"Достоинства: Камера, заряд батареи, производительность.
Недостатки: Не нашла
Итак, начну. Купила я себе этот телефон 2 года назад. На тот момент был одной из последних моделей. И, я не пожалела ни разу о данном приобретении. Во-первых, довольно производителен (4/64 Гб), забивала почти 62 Гб и он только после этого начал немного притормаживать. Во-вторых, камера. В недорогом смартфоне очень даже приличная, а после обновления в начале 2022 года, появилась функция ""профессионального фото"". Там просто уйма настроек и можно сделать очень крутое и насыщенное фото. Порадовало. В-третьих, аккумулятор. В принципе неплохо держит заряд, особенно в первый год пользования, а именно: я, как и все мы, сижу в соц. сетях, делаю фото, листаю ленту вообще везде, где можно, а заряд сохранялся около полутора дней (к примеру, утром я взяла полностью заряженный телефон, а к вечеру следующего дня он сел до 15-20%). И, по итогу, я смело могу сказать, что этот телефон однозначно стоит своих денег, поэтому, рекомендую к покупке.",otzovik.com,otzovik.com,5.0,2022-04-19,https://www.otzovik.com/review_13297545.html,positive
"Достоинства: Цена функционал качество
Недостатки: Не нашел
Покупая данный смартфон я несколько колебался между покупкой самсунга и хонора. Победил самсунг, о чем я совершенно не жалею. Это телефон полностью оправдал моё ожидание. Отличная камера, громкий звонок, что для меня весьма актуально. Он отлично держит батарею, быстродействие меня вполне устраивает. Стильный дизайн и отлично лежит в руке. 128 гигабайт памяти меня вполне устраивает. Особенно порадовала меня батарея, так как я часто в разъездах и подзарядить телефон бывает негде, а возить с собой паурбанк не удобно. А так батареи хватает на целый день даже при максимальной нагрузке на телефон. Сразу после покупки приобрёл бампер и защитное стекло.",otzovik.com,otzovik.com,5.0,2021-07-18,https://www.otzovik.com/review_12186613.html,positive
"Достоинства: Универсальный
Недостатки: Лучше не ронять.
Впечатления от смартфона... хорошие. Не сказал бы, что он идеален во всём, но комплексное сочетание довольно хорошей камеры, процессора, производительной оперативной памяти, яркого экрана, хорошего приёма сотовой связи в любых катакомбах и десятке мегабайт проводимости на раздаче интернета в качестве модема(не вижу смысла в отдельном роутере, если есть мощный мобильный интернет) и выносливый аккамулятор -- всё это мне понравилось в этом телефоне. Тянет мощные приложения со стабильным фпс, держит заряд с утра до вечера, связь ловит даже в лесу. Пользуюсь 9 месяцев, решил родить отзыв. Единственнное, что не стоит его слишком часто ронять. Мне это удовольствие обошлось в несколько походов к ремонтнику, и даже не из-за экрана - из-за прекращения поступления заряда в телефон через кабель питания. При этом сам телефон был в рабочем состоянии. То ли конкретно у моей модели с зарядным разьёмом и звуковой платой было всё так хлипко, то ли сама конструкция смарта тому виной, но падение телефона на сторону или угол корпуса со стороны колонки и звукового разъема чревато смещением платы, и, как следствием, походом к фиксикам. имхо.",otzovik.com,otzovik.com,5.0,2021-01-11,https://www.otzovik.com/review_11910716.html,positive
"Достоинства: Супер просессир и камера
Недостатки: Нет недостатка
1. Ознакомимся с полным описанием Samsung Galaxy A51: Введение 2. Познакомимся с полным описанием Samsung Galaxy A51: Дизайн. 3. Лабораторные испытания - дисплей, автономность батареи, качество звука. 4. Вот полное описание Samsung Galaxy A51: Android 10 и One UI 2 из упаковки. 5. Вот полное описание Samsung Galaxy A51: Значительные изменения в камере. Samsung A-Series 2019 года состоял из гаджетов, которые не были ценой флагманов, но хвастались своей функциональностью, и в 2020 году Samsung начала добавлять цифру 1 к названию этих смартфонов. Так родился средний класс Galaxy A51. Если вы поместите Galaxy A50 и A51 рядом, вы увидите, что название устройства 1 показывает большую разницу. Например, у A51 есть еще одна 5-мегапиксельная камера, а встроенный чип на 1 мощнее - A51 работает на чипе Quad 9611 по сравнению с прошлогодним бестселлером 9610. Размер экрана также увеличен на 0,1 дюйма и так далее. Давайте сосредоточимся на текущих изменениях, а не на цифрах. В новой модели в качестве основной камеры используется 48-мегапиксельный объектив Quad Bayer, в отличие от обычного 25-мегапиксельного модуля A50. Сверхширокоугольный объектив с углом обзора 123 градуса также улучшен в мегапикселях: 12 МП; В A50 используется 8-мегапиксельный модуль. Считаете ли вы, что это изменение передней камеры является улучшением, решать вам - в середине верхней части A51 есть круглая щель; У A50 есть раскрывающаяся камера. Infinity-U использовался вместо Infinity-O. Да и сама камера определенно улучшена: 25-мегапиксельная камера заменена на 32-мегапиксельную Quad Bayer.",otzovik.com,otzovik.com,5.0,2021-01-22,https://www.otzovik.com/review_11333548.html,positive
"Достоинства: экран, бренд
Недостатки: перечислил в отзыве
Привет, начну с предыстории. У меня в пользовании было около 10 телефонов, в том числе и флагманы, на разных платформах (андройды и айфоны). Разбив свой старый Samsung A8 2018, начал искать ему замену за небольшие деньги, сейчас я считаю 16-21 к не большой суммой за телефон, самсунги люблю за экраны и за надежность бренда, я считаю, что они достаточно надежны, хоть сейчас все телефона на андройде начинают лагать спустя небольшой срок своей работы. это присуще всем брендам (ios пока мимо). Начну про сам A51, начну с характеристик, кстати у меня модель 4/64 скупился на 6/128, хотя наверное выбрал бы на 6/128 версию, характеристики не удивляю мягко говоря, те же ксиоми и хоноры могут предложить характеристики поинтереснее, чем у A51 за те же деньги, но самсунг я брал за интересный дисплей таким он и является и за скидку, все мы русские скупые. пользуюсь телефоном с пол года. За этот период тефон начал откровенно тормозить, камера весьма глупая, фейс айди, отпечаток тоже в этом списке. Советую присмотреться к другим моделем (я уверен, что и другие андройды будут тормозить, сейчас так принято на рынке). Думайте",otzovik.com,otzovik.com,4.0,2021-01-17,https://www.otzovik.com/review_11305001.html,positive
"Достоинства: Хороший дизайн. Отпечаток пальца под экраном. Удобный фирменный интерфейс от Samsung.
Недостатки: Скорость работы сканера отпечатков пальца Нет защиты от влаги и пыли Фото и видео 4К
Куплен случайно, мой Samsung a21 устарел за 1 год, захотелось купить именно Самсунг, потому что успел привыкнуть к этому качевству. Брал черный 6/128, обошёлся почти 25000. Сразу в магазине приобрёл черный бампер(450 рублей) и стекло (600 рублей) и советую не повторять моих ошибок - стекло потрескалось через неделю, просто на ровном месте (дисплей немного закруглён и из-за этого стекло постоянно немного ""играет""), а бампер начал облезать через пару дней. Советую брать дешёвые чехлы, и клеить плёнку вместо стекла. Из плюсов: очень быстрый, зарядки хватает надолго, на день точно, даже если весь день не выпускать его из рук. Большая память 128 Гб хватит надолго. В комплекте лежат наушники, которые очень неплохие, даже если не учитывать стоимость телефона. Недостатки Это форма смартфона. Стекло лучше не клейте, это пустая трата денег. Я купил пару за месяц, потому что они ломаются даже когда просто держишь телефон в руке. Лучше наклейте плёнку. Сзади красивая переливающаяся крышка, но похвастаться ею не получится без чехла телефон скользкий и постоянно хочет убежать с любой поверхности. Практично закрыть его тёмным матовым чехлом, но тогда зачем покупать телефон белого или другого цвета?",otzovik.com,otzovik.com,4.0,2021-01-06,https://www.otzovik.com/review_11233018.html,positive
"Достоинства: Высока скорость, качественные фото, долго держит заряд.
Недостатки: При долгой работе бывают сбои, проблемы с входящими звонками.
Телефон подходящий как для подростка так и для взрослого человека. В нем сможет разобраться даже пожилой человек. Очень прост в использовании. Имеет 4 камеры, отличное качество фотографий, конечно в сравнении с фото сделанными на профессиональный фотоаппарат они будут не идеальны. Имеется макроъсемка. Память: 64гб. Долго держит заряд. В наборе с смартфоном идут зарядное устройство и наушники прекрасного качества. Samsung Galaxy A51 идеально подойдёт для учёбы или работы онлайн. Прекрасное качество видео, хороший, чёткий звук, высокая скорость загрузки. Так же на нем с лёгкостью можно делать презентации, писать статьи, вести блоги в социальных сетях. Ещё это прекрасное место для различных хобби и развлечений. Благодаря большому количеству места на телефон можно скачивать огромное количество развлекательных приложений. Начиная от игр, заканчивая игрово-образовательными приложениями. Смотреть фильмы, сериалы и читать книги онлайн. Несмотря на все плюсы смарфон имеет и не значительные минусы. К примеру во время использования большого количества приложений случаются глюки, телефон может начать очень медленно работать, но случается это достаточно редко и длится очень короткое время. Справится с этим можно просто перезагрузив телефон. Так же бывает такое, что при входящем вызове телефон не сразу определяет контакт звонящего, это не редко вводит в заблуждение. Иногда случаются и такое, что просто не возможно позвонить, с этим также можно справиться просто перезагрузил телефон.",otzovik.com,otzovik.com,5.0,2020-12-18,https://www.otzovik.com/review_11143950.html,positive
"Достоинства: Хорошая камера, большой акамулятор, хороший экран.
Недостатки: Нет
Для начала скажу сам телефон очень стильный и его удобно брать в руки. У меня модель которой 64гб памяти есть еще модель с 128гб памяти, у этого телефона четыре основных камеры и 1 селфи камера, среди основных камер, камера 48пиксилей, а у селфи камеры 32пикселей, камеры конечно не как фотоаппарат, но для телефона очень хорошо. У телефона очень хороший экран, я не специалист, но как для обычного человека мне телефон кажется отличным. У меня он еще ни разу не тормозил, ну конечно если ты работаешь с интернетом, а он плохой то будет тормозить, но это уже не из-за телефона, а из-за интернета. В общем могу рекомендовать телефон к покупке. А еще хотел сказать что в комплект к телефону входят хорошие наушники. Я ими пользовался звук хороший. Могу сказать точно телефон вас порадует у него большая батарея на 4000 миллиампер.",otzovik.com,otzovik.com,5.0,2020-12-06,https://www.otzovik.com/review_11066457.html,positive
"Достоинства: корпус, быстрая зарядка, камера, легкий,
Недостатки: наушники в комплекте отстой, нет стабилизации видео,
Красивый корпус, я лично взяла в белом цвете. Корпус выполнен из пластика, не думаю, что это минус если вспоминать цену товара. В комплекте мы имеем быструю зарядку, за что я ставлю определенно плюс. В комплекте мы имеем наушники, но наушники так себе по качеству, так как все таки это не смартфон премиум класса. Мы имеем 4 задних камеры, лично я попользовавшись, могу сказать, что камера здесь неплохая, на видео нет стабилизации, но это не критично. Фронтальная камера также неплохо фотографирует. Сканер отпечатка пальца встроен в экран, за что мы также ставим плюс производителям. Сканер отпечатка пальца, работает быстро и четко. Устройство само по себе большое, но очень легкое и лично для меня это плюс, так как все таки тяжелый смартфон неудобно держать в руках. Кстати смартфон также имеет тонкие рамки также вписываю это в плюсы. Советую купить данную модель. Пользуюсь месяц и довольна всем.",otzovik.com,otzovik.com,4.0,2020-11-17,https://www.otzovik.com/review_10958496.html,positive
"Достоинства: Качество и цена.
Недостатки: Пока не было.
На день рождение муж подарил смартфон SAMSUNG Galaxy A51 4/64GB Red. Внешний вид мне очень понравился, очень красивый красный цвет задней крышки. Экрана 6.5"" с разрешением 2400x1080 показывает четкую картинку. По функциям не уступает даже дорогим телефонам. Очень хорошая камера и много функций для красивой съемки. Есть замедленная видео съемка что не маловажно для создания интересных роликов. Смартфон имеет встроенную внутреннюю память — 64 GB, оперативной — 4 GB. Мною за пол года было сделано очень много фото и видео а память не заканчивается это очень радует. В SAMSUNG Galaxy A51 есть 2 слота Nano-SIM для размещения SIM-карт, очень удобно для тех у кого есть две симки. За такие деньги очень хороший телефон. Всем рекомендую!!!",otzovik.com,otzovik.com,5.0,2020-10-02,https://www.otzovik.com/review_10717690.html,positive
"Достоинства: Классный дизайн. Задняя крышка часть телефона очень красивая. Хорорий звук. Яркий экран
Недостатки: При зумировании во время фото качество фотографии очень сильно теряется.
Сейчас все гонятся за увеличением размера экрана, что не всегда и не всем удобно. Как по мне, размер этого девайса максимальный, из комфортных мне. Больше - уже не удобно. + очень маленькие рамки и сам телефон очень тонкий. Что очень понравилось в телефоне, так это скрытая папка. По факту, это дополнительный профиль (который можно скрыть) вход в который запрашивает дополнительный пароль (если вы установили), либо другой способ идентификации владельца. Удобно не только тем, что это безопасное место, а это еще и возможность создать копию приложений. Брал на 6гб оперативки и 128 Гигабайт памяти. В целом покупкой очень доволен. Камеры действительно не плохие, но ожидал большего. При увеличении изображения заметна потеря качества. А при фотографировании и использованием зума изображения становятся вообще ужасного качества.",otzovik.com,otzovik.com,4.0,2020-09-15,https://www.otzovik.com/review_10642242.html,positive
"Достоинства: Четкая камера, стильный дизайн, 128 Гб памяти, долго держит зарядку.
Недостатки: Пока не обнаружила
Сейчас я пользуюсь данным телефоном с марта, и за это время, я опрелелила, какой он классный! Четкая камера, стильный дизайн, 128 Гб памяти, это ещё малая часть всех плюсов. 4 камеры позволяют сделать идеальные фото. В приложении камера есть функции: макросъёмка (да, телефон реально снимает как вместе с лупой!), гиперлапс, замедленная съёмка, про режим(который делает очень хорошие кадры, можно подобрать идеальный свет/выдержку/оттенок/фокус) и другие. Телефон не лагает и не виснет. Зарядку держит долго. Также, если специальные сценарии Bixby. С помощью них аппарат, например, на ночь затемняет яркость, убирает звук. Это до определенного времени, как как настроит пользователь. Телефон очень понравился, буду дальше пользоваться!",otzovik.com,otzovik.com,5.0,2020-07-23,https://www.otzovik.com/review_10388276.html,positive
"Достоинства: Дисплей 6,5, батарея 4000мАч, Android 10, Шикарный дизайн
Недостатки: Захламленность прошивки, небольшие ошибки в работе сканера отпечатка пальца, для многих будет великоват
На самом деле телефонов от самсунг у меня было не много - galaxy S2+, S5mini и собственно все, если не считать galaxy tab 10.1. Выбор у меня был не велик брать A51 или же взять себе S9(бу правда но в отличном состоянии). Как ясно из названия обзора я взял A51, и сейчас скажу почему. Без условно сравнивать прошлый флагман с более бюджетной моделью не стоит хотя и А51 особо не уступает, кто то даже считает что это более дешевый вариант S10 в чем я крайне не согласен. взял я его всего за 100к тенге это примерно 20к рублей, цена в магазинах примерно 120к - 140к. Начнем с того на что первое мы обращаем внимание при покупки это дизайн, и на самом деле именно его дизайн привлек меня к нему настолько что я даже забыл про S9. По мимо того что фронтальная камера по середине и не касается краев корпуса что мне очень даже зашло, его основная камера что имеет не много не мало 4 модуля, и выглядит очень даже привлекательно. Задняя крышка пластиковая и имеет очень приятный глянцевый блеск. У него огромный 6,5 дюймовый дисплей и по нему невероятно приятно нажимать и водить пальцем, я вообще не сторонник ""лопат"" по мне идеальный размер это 5,5 дюймов, но не в этом случае. Теперь по поводу его внутренностей у него конечно не самый топовый процессор но все же его вполне хватает на большую часть игрушек, что на тот же PUBG что на RAID его хватает. Теперь вернемся к камерам - съемка видео в 4к вполне не плохая НО стабилизация камеры в 4к хромает, но фото получается более чем хорошими так что для любителей сделать сочные фото он вполне подходит. Так же его плюс это батарея объемом в 4000 мАч чего очень даже хватает на полный рабочий день с телефоном. Из минусов могу сказать что есть некоторые проблемы со сканером отпечатка пальца, но и сам сканер находиться под экраном из за чего я считаю что это не столь большая проблема в некоторых косяках этого модуля. Так же к минусам могу отнести захламленность прошивки лишним софтом из коробки. На самом деле это тот телефон который стоит купить, по мимо его цены в которой у него нет действительных конкурентов, стильный дизайн который несколько напоминает новый S20, хорошая производительность и удобная прошивка из коробки. Моя оценка 5/5",otzovik.com,otzovik.com,5.0,2020-07-01,https://www.otzovik.com/review_10282842.html,positive
"Достоинства: Экран, производительность, камера.
Недостатки: Батарея
Я очень долго выбирал какой смартфон себе преобрести и выбор пал именно на эту модель. Цена чуть менее 20000 меня обрадовала, ведь за свои деньги он выдает хорошие характеристики. Телефон очень удобно лежит в руке. Производительность меня очень порадовала самые современные видеоигры он с лёгкостью воспроизводил. Также к плюсам можно отнести камеру, камера снимает хорошо. К заметным минусам можно отнести разве что не очень хорошую батарею, ели ели при активном использовании и с неполной яркостью экрана он держит заряд до вечера. Звук хороший, но ничего более сказать не могу. Очень порадовал экран, бликов обнаружено не было. Комплектация идёт стандартная. В целом смартфон можно порекомендовать тем людям которые хотят хороший телефон за эти деньги. Со своими обязанностями справляется на ура.",otzovik.com,otzovik.com,5.0,2020-01-21,https://www.otzovik.com/review_10063556.html,positive
"Достоинства: Размер. Безрамный. Фото. Память.
Недостатки: Динамик снизу. Рингтон на сообщение не поставить. Работа сканера отпечатков
Купил сей телефон на замену А6. Хотел расположение кнопок на одной стороне, так как надоело удалять случайные скриншоты по 10 раз в день. Выбор был такой: безрамник, не менее 64 Гб. Но случайно попал на китайский сайт с русским складом и получил отличную скидку. Стоил мне 18 т. р. за 6/128. Достойная цена. Но... теперь скрин делаю двумя руками. Ну никак не могу приспособиться одной. И..., реально на сообщения не привязывается свой рингтон, только родные (это прогресс или регресс???) На более старых моделях это есть!!! Бесит очень. Плохо работает сканер отпечатков. 40%. Сканер лица 90%. Поэтому стоит на разблокировку всё. Заряда хватает на 1.5- дня.",otzovik.com,otzovik.com,4.0,2020-01-18,https://www.otzovik.com/review_10044434.html,positive
"Достоинства: Мощность, камера, цена
Недостатки: Узкий экран не всем понравится
Данная модель вышла в конце 2019 года. Внешний вид отличается узким панорамным экраном, фронтальная камера выполнена в виде вырезанной на главном экране точки, корпус глянцевый, гладкий, выполнен из пластика. Телефон оснащен четырьмя камерами для разных типов съемки, основная камера на 48 МП, дополнительная камера на 12 МП и две камеры по 5 МП, одна из которых предназначена для макросъемки, а вторая выступает в качестве датчика глубины. Селфи камера на 32 МП. Телефон оснащен очень мощным процессором, который отлично справляется с самыми большими нагрузками. ОЗУ на 6 гигабайт предоставляет возможность выполнять множество задач одновременно. В телефоне имеется множество интересных и полезных функций, который упрощают работу с ним. Также данный гаджет порадовал ценой, она колеблется от 15 до 24 тысяч рублей, в зависимости от встроенной памяти и дополнительных сервисов, для телефона такого уровня это отличная цена.",otzovik.com,otzovik.com,5.0,2020-01-05,https://www.otzovik.com/review_9965969.html,positive
"Достоинства: Экран, корпус, зарядка, память, цена, качество
Недостатки: Не даст расстаться с ним
Я купила телефон самсунг Galaxy A51. Этот телефон своим видом и яркостью бросился мне в глаза. Большой экран главные клавиши сенсорные! На нем комфортно и удобно смотреть фильмы, читать книги, лазать в интернете. Хоть телефон и достаточно большой, но в руке это не ощущается. Удобно ложится в руке. Дисплей экрана яркий. Звук хороший. Аккумулятор разъём type-с. Зарядки хватает на весь день частого пользования. Четыре камеры основная из которых 48МП фото получаются классные и днём и ночью. Телефон на две сим карты, карту памяти так же можно вставить. Задний корпус я приобрела в белом цвете, но есть и другие. Телефон в цене выигрывает, тем что стоят дороже.",otzovik.com,otzovik.com,5.0,2020-01-04,https://www.otzovik.com/review_9958958.html,positive
"Достоинства: Большой и качественный экран, объемная батарея, быстрая зарядка, и конечно же камера.
Недостатки: если вам нужны игры на высоких настройках, этот смартфон не для вас
Покупал я данный телефон за 20000 руб в магазине ДНС, за данную цену телефон отличный. В комплекте к телефону идет стандартный набор документов, зарядка, и наушники( по качеству так себе). В общем телефон для повседневной жизни отличный, игры тянет на средних настройках. Большой экран, но очень хорошо лежит в руке, не скользит. Кратко о камере: очень достойная, большой угол обзора широкоугольной камеры 123 градуса, макро камера, получаются отличные фотографии в качестве 4к, ночная съемка желает лучшего. Несмотря на все можно делать лучшие снимки. Батарея держит сутки без проблем. Пользуюсь смартфоном несколько месяцев, никаких вопросов нет.",otzovik.com,otzovik.com,5.0,2020-04-24,https://www.otzovik.com/review_9889005.html,positive
"Достоинства: Отличный экран (амолед), не лагает, стильный и приятный, много возможностей
Недостатки: Позорные наушники в комплекте, плохо работает отпечаток пальцев, не тянет тяжёлые игры (pubg) на ультрах, переплата за бренд
Взяла телефон, в первые дни начались проблемы: он не работал с блютуз наушниками, не работали социальные сети должным образом, после обновления ПО и некоторых настроек все встало на свои места. Заряд держит около 12-20 часов при обычном использовании (соц сети, поговорить). Подвисает редко, но и такое бывает. Камера хорошая, но с ней надо учиться обращаться, особенно в ночном режиме (фото, снятые на этот телефон будут прикреплены), также немного искажает цвет. Играть на нем в такие игры, как pubg и CoD можно, но с айпадом не сравнится.",otzovik.com,otzovik.com,4.0,2020-04-06,https://www.otzovik.com/review_9767791.html,positive
"Достоинства: Красивый, эргономичный, экран в себя влюбил.
Недостатки: Греется, камера, отпечаток.
Доброго времени суток, кто как проводит свой карантин, а я решил написать отзыв об этом красивом, да и только, смартфоне. Итак, данная модель подкупила меня своей ценой, характеристиками и экраном, он безрамочный, четкий и яркий. Ну и еще, что у него отпечаток пальца в экране, это, я считаю, удобно. Но... отпечаток довольно таки ""тугой"", далеко не всегда срабатывает с первого раза, то есть быстрого доступа к функциям смартфона не получится. Камера отдельный разговор... их 4! Но вместе они как будто не работают. В целом за камеру я бы поставил 6 из 10. Его восьмиядерный процессор сначала работал шустро, но стоило загрузить несколько приложении и пары слабеньких игрушек он начал заметно нагружаться. В итоге могу сказать, что лучше бы я взял какой нибудь Huawei или Xiaomi. Считаю, что заплатил некую сумму за бренд...",otzovik.com,otzovik.com,3.0,2020-04-03,https://www.otzovik.com/review_9748417.html,neutral
"Достоинства: Цена, внешний вид.
Недостатки: Скользкий, неудобный, тормозящий смарт.
Не очень хороший, я вам скажу. Во первых плохо слышно собеседника, во вторых допустим надо сделать скриншот, а в шторке его нет. Нужно зажимать качельку громкости и кнопку вкл/выкл одновременно что неудобно, в третьих автоматическая яркость вообще треш, то работает, то не работает. В четвертых, звук динамиков на тройку, В пятых, на рабочих столах невозможно расставить иконки как нужно мне, все компонуется автоматически, убираете одно, на его место переносится другое. В шестых, дико скользкий, в жизни не разу не разбил ни одного телефона, чувствую этот будет первый, очень мало на них чехлов. И т. д. Перечислять можно еще, не все написал. И это я пользуюсь только несколько дней. Короче телефон так себе, в заявленные 4000 тоже верится с трудом. 3500 не больше, если не 3300.",otzovik.com,otzovik.com,3.0,2020-03-17,https://www.otzovik.com/review_9649313.html,neutral
"Достоинства: бренд Самсунг
Недостатки: унылый дизайн, слабые фотовозможности
Приобрёл телефон около месяца назад. Хотел приобрести Гэлэкси Ноут, но вспомнил мой печальный опыт: то разобью, то потеряю, то утоплю... Посему решил приобрести нечто не столь дорогое. Вообще, на мой взгляд нас охватило всеобщее безумие - покупать какой-то телефон за сумму, за которую ты вкалывал... месяц! А кто-то и несколько месяцев. При таком большом риске. Эти телефоны постоянно валятся из рук, воруются, теряются, тонут... Люди, мы реально сошли с ума. А эти гиганты, производители электроники, пользуясь нашим помешательством, штампуют для очередную партию безумно дорогих игрушек... Что сказать про облик данного телефона? Он никакой. Это просто кусок черного пластика, без оригинального дизайна, без каких-то либо характерных черт. Сия модель почти не отличима от А70 и прочих моделей самсунг. Одним из главнейших аспектов для переносной электроники является аккумулятор. Пока телефон новый у меня к нему нет нареканий: хватает примерно на пару суток. До обновления ПО смартфон изволил работать со сбоями. После пару обновлений работа устройства стала более стабильной Камера смартфона. Оценю как нормальную, без прорывов, средний уровень. Макро камера тоже особо не впечатлила. Фронтальная камера тоже так себе. Хочется оценить данное устройство на удовлетворительно. Если А51 стоил на 5-7 тысяч дешевле, то это был бы очень хороший выбор. Могу ли я посоветовать приобрести а51? Не знаю что и ответить... решать вам.",otzovik.com,otzovik.com,3.0,2020-02-23,https://www.otzovik.com/review_9530022.html,neutral
"Достоинства: Камера, производительность
Недостатки: Акумулятор
Данный телефон подарили мне месяц назад, хочу поделиться своими впечатлениями, и рассказать об всех недостатках и плюсах. Корпус пластиковый, очень хрупкий, спустя две недели пользования упал на пол, от чего повредилась задняя часть телефона, поэтому сразу советую покупать чехол ( желательно книжку ). Памяти хватает с головой, 128гб, с этим проблем нет. Камера очень хорошая, как передняя так и задняя, делает высококачественные снимки. Камерой доволен. Сам по себе телефон довольно большой, вызывает неудобства, но терпимо. В этом все же есть и свои плюсы. Качественный яркий дисплей, но мне лично не нравиться камера посреди экрана. Аккумулятора в 4000м. а часто не хватает при активном пользовании на день. Игры по типу Асфальт 8, Мортал Комбат Х, PUBG тянет на ура. Отпечаток пальцев работает очень быстро, никаких проблем не возникает. В целом телефон хороший, поэтому советую.",otzovik.com,otzovik.com,4.0,2020-02-01,https://www.otzovik.com/review_9410306.html,positive
"Достоинства: отличная камера и экран, 2+1 картридж
Недостатки: отсутствие стандартного чехла при покупке и звук колонки
Всем привет и так перейдем к новинке galaxy A51 в России данный флагман должен поступить в трех цветах белый, черный и красный, мне удалось поюзать в белом цвете и не все так просто я так скажу вам мои дорогие друзья. На первый взгляд он выглядит типичным и уже заежанным среди последних коллег вышедших за 3 года. Внутриности аппарата очень обрадуют ценителей качественного и дорого железа. 4 камеры радуют отличными фотками, фронтальная камера желает быть лучше за средний ценовой диапазон в 20000, но все же вполне демократична, главный плюс и минус (лично на мой взгляд то на что я смотрю в первую очередь) это картридж 2+1 т. е. можно активно пользоваться сразу двумя сим и картой SD и минус это при покупке стандартного чехла нет, а ведь сам смартфон изготовлен из пластика, так что дорогие друзья если вы зажлобитесь сразу приобрести отдельно чехол (лучше искать прозрачный ибо родной цвет реально радует глаз) то вас ждут царапины с первого дня юзанья, скажем так краска на флагмане лежит не ахти. Так же в комплекте идут наушники, не лучшего качества если честно и выглядят как лично мне показалось буд то паленка. А вот экран вас порадует амолет реально знает свое дело и скоро ему реально не далеко осталось дойти до качества ретины. Зато звук оставляет желать лучшего, лично мне я бы сказал даже слух режет. Программа андроид 10, позволяет на данный момент жрать все программы, что не может не радовать))) Вообщем по своей цене смартфон вполне достоин. мой вердикт рекомендую, но готовьтесь сразу прикупить к нему приблуды для лучшего юзанья))) Всем благ)))",otzovik.com,otzovik.com,4.0,2020-01-17,https://www.otzovik.com/review_9329675.html,positive
"Достоинства: телефон подойдет для взрослых
Недостатки: телефон старый
Эй, ребята, хочу поделиться своим мнением о Samsung Galaxy A51. Этот телефон меня просто поразил своим стильным видом – эта игра цветов на задней крышке - это нечто! И огромный 6,5-дюймовый экран, как будто ты уносишь кусочек кино в кармане. Но дело не только во внешности. Когда я первый раз попробовал камеру, я был в восторге. Четыре линзы делают свое дело – фото на уровне, особенно в режиме Ultra Wide. А еще, забыл сказать про макросъемку - это волшебство! Производительность у него тоже на высоте. Он мгновенно реагирует на все мои касания, игры и приложения запускаются быстро, не тормозит ни разу. А еще, я люблю, что можно расширять память через карту microSD - никаких проблем с хранением данных. Батарея держит долго, и мне нравится, что зарядка идет через USB Type-C. Удобно и быстро, что еще нужно? Ну и интерфейс - Samsung One UI. Просто и интуитивно понятно. Мне нравятся различные фишки, такие как Always On Display, создает классную атмосферу. В общем, Samsung Galaxy A51 - это как тот верный друг, на которого всегда можно полагаться. Стильный, надежный и с приятными фишками. Я доволен своим выбором!",otzovik.com,otzovik.com,5.0,2023-11-18,https://www.otzovik.com/review_15445996.html,positive
"Достоинства: Камера, аккумулятор
Недостатки: Нет
Телефон подарили мне в 2021 году, и за 2 года использования могу сказать, что телефон хороший. Даже не хочу пока менять. Камера при нормальном освещении делает замечательные фотографии. Красивый дизайн, хоть он у меня вечно в чехле. Не громоздкий, удобно держать в руке. Функция быстрой зарядки шикарная вещь. Если не смотреть сериалы, не сидеть в интернете весь день, то заряда аккумулятора хватает до вечера спокойно. Но так как я зачастую пользуюсь телефоном много, то приходится подзаряжать и в течение дня. Может подвисать, когда забит подзавязку фотографиями и приложениями, но после чистки всё становится норм.",otzovik.com,otzovik.com,5.0,2023-08-23,https://www.otzovik.com/review_15108918.html,positive
"Достоинства: Цена,размер,зарядку держит первое время отлично,позже хуже но достойно.
Недостатки: Хрупкий экран,посредственная мощность,не лучшая камера.
Телефон чуть ниже средней ценовой категории, сам по себе довольно большой и имеет квадратный силуэт, мощность оставляет желать лучшего. Игры на телефон априори занятие сомнительное, но если взять в учет конкретно этот телефон, то на нем играть во что либо требовательное может только мазохист. Перегревается, экран легко бьется, камера не лучшая. Но при этом, отдавая очень маленькие деньги за телефон, по крайней мере по нынешним меркам, и если быть более ответственным и аккуратным в использовании телефона, то отслужить он вам может довольно не плохо и для такого телефона вполне долго. Можете купить лучше-так и делайте, не можете-вариант неплохой, за свои деньги конечно же. Крышка сильно царапается, не стоит носить без чехла.",otzovik.com,otzovik.com,3.0,2023-08-22,https://www.otzovik.com/review_15105844.html,neutral
"Достоинства: Множество режимов камеры (широкоугольный, макро обьектив, стабилизация) Тонкий, легкий, круглые края, глазок камеры в экране, сканер отпечатка в экране, производительность.
Недостатки: вид (только сзади! ) спереди он супер
Телефон приобрел по счастливой случайности, сестра жены невзначай предложила вариант, я согласился, на тот момент я ходил с Хонор 10 и он меня устраивал своей компактностью, но тут я захотел войти к бренду самсунг и ощутить их эко систему, переход к более популярным смартфонам меня подтолкнул Google плей потому что не на популярные марки смартфонов реже оптимизированны приложения ! а на популярные больше ! в общем в руке лежит уверенно! нет мысли что это лопата так как узкий и длинный, фишка с камерой лучше чем какае-то челка или капля ! батарея заряжена в него не маленькая, емкая, камера это расширенный функционах, хочешь документы оцифровывай, хочешь широкоугольный, хочешь рассмотреть что-то ооочень маленькое ? тогда макро обьектив поможет ! в целом теперь я ищу на тест самсунг галакси а71, и хочу чтоб они продолжили эту линию !",otzovik.com,otzovik.com,5.0,2021-08-30,https://www.otzovik.com/review_12360937.html,positive
"Достоинства: Быстродействие , озу память
Недостатки: Камера , вес телефона
Купил данный телефон за 18000 по акции, для бюджетника дороговат но приемлемо тем более за 6/128 гб. Плюсы- легкий ( можно случайно уронить ), быстро работает без подвисаний ( что очень хорошо если вы играете в требовательные игры на телефоне ), зарядки батареи хватает почти на день при полном использовании, начинка телефона хорошая от того и шустрый, экран amoled очень хорошо нету бликов на солнце. Минусы - камера желает лучшего, вес телефона это так же и плюс и минус 2в 1 нету баланса, корпус чуть скользит в руках, если выбирать среди других телефон по такой же ценновой категории я бы все равно взял samsung a51. С выбором не жалею !",otzovik.com,otzovik.com,5.0,2021-08-06,https://www.otzovik.com/review_12268291.html,positive
"Достоинства: Красивый
Недостатки: Плохая начинка, качество недостойное
Купил в июне 2020 по хорошей акции, где то за 20000. 128 гб вариант. Все было ровно, экран приятный яркий, всё работало в плане приложения и тд, но немного грелся. Белого цвета, красивый очень пластик. Качество приёма сигнала оставляло желать лучшего. Никогда никаких тормозов. Камера тупенькая, ночью вообще бесполезная. Заряд держит не особо долго, режимов экономии мало. Хватало где то на день. Блютуз слабый крайне, квакает на автомагнитоле и колонке, очень бессило. Сразу что не понравилось (до этого были Honor), нет возможности переключения режима связи на ""только 4G"", мне это очень надо, так как в этом режиме приём не скачет, и стабильно работает интернет на даче, жертвуется голосовая связь, но я не любитель разговоров. Итог немного предсказуем. Оно умерло. Ровно через 14 дней после окончания гарантии, оно впало в циклическую перезагрузку. Материнская плата подохла. Исчезли все фото, документы, музыка и тд. Такая история у меня со всеми самсунгами, начиная с 3100 го, Armani p520, E250 слайдер... Мрут.",otzovik.com,otzovik.com,2.0,2021-07-16,https://www.otzovik.com/review_12180482.html,negative
"Достоинства: Две сим
Недостатки: Камера,слышимость,отсутствие облачного хранилища
До последнего думала, стоит ли покупать данную модель, и,все таки решилась, но, мне есть с чем сравнить, я достаточно долго уже пользуюсь самсунгами и покупаю все модели в одной ценовой категории. Эта модель меня полностью разочаровала, камера отвратительная(фронтальная ещё более элеменее), снимать видео, как ""ножом по сердцу"", все в пикселях. Ещё один большой минус, так это то, что при разговоре, твой собеседник слышит абсолютно все что происходит вокруг тебя, в предыдущих моделях такого не было. Далее, самсунг отключил своё облачное хранилище(но это уже претензия не к смартфону, а к самому бренду) я очень много лет пользуюсь самсунгом и мне очень нравилось что у меня всегда есть резервная копия моей информации, теперь и это убрали. В скором времени планирую приобрести новый смартфон и это вряд ли будет самсунг",otzovik.com,otzovik.com,3.0,2021-07-03,https://www.otzovik.com/review_12126709.html,neutral
"Достоинства: Быстрая зарядка Хорошая камера Большая память Оплата NFC
Недостатки: Высокая цена Великоват(в маленький карман не покладешь)
Эта модель понравилась ещё давно. У меня уже был смартфон другой модели. Что я могу про него сказать:памяти достаточно, чтобы сделать много фото и снять видео. Память 64gb, оперативная память 4gb. Мне нравится камера, фотографии чёткие, можно переключать на режим (селфи). Функция быстрой оплаты(NFC)всегда выручает в нужный момент. Бывает, что пошёл в магазин и забыл карточку, а телефон всегда под рукой. Оплата проводится прикладыванием телефона к терминалу оплаты. Так же пробовала снимать деньги, хорошо люди добрые научили. Быстрая зарядка-это вообще высший балл. На 5 минут поставишь, зарядить на процентов 10, что очень удобно в нужный момент. Зарядку держит хорошо:часов 6 можно смотреть видео, музыку слушать можно долго, разговаривать ещё больше(особенно повезло, люблю поболтать) Так же есть запись экрана, детки любят записывать свои видео, когда играют. Большой экран, что так же удобно для просмотра какого-нибудь контента.",otzovik.com,otzovik.com,5.0,2021-04-21,https://www.otzovik.com/review_11821231.html,positive
"Достоинства: Цена, функционал, внешний вид
Недостатки: Скользкий пластик корпуса
Сматфоном пользуюсь уже год, за это время каких-либо изъянов по железу или программам выявлено не было. Теперь по пунктам:1. Камера позволяет делать хорошие снимки, при этом в стандартном наборе есть возможность настройки параметров камеры по потребности, будь то макро съёмка или панорама, видео тоже достойного качества. 2. Микрофон и динамик за время пользования работают исправно, скрипов, посторонних звуков не выявлено, если только не косяк связи. 3. При активном серфе в интернете, просмотре видео, звонки, игры- батарея держит два дня благодаря емкостному аккумулятору. 4. Стандартные приложения: календарь, заметки (эту прогу разработчики постоянно пилят, что вносит долю неудобств), мп3-проигрыватель перестал поддерживаться в конце 2020, пришлось скачивать дополнительно, офисные программы, программа просмотра изображений pdf, погода и т. д. 5. Внешний вид смартфона мне очень нравиться, жаль что пластик скользкий, юзать без чехла неудобно. 6. Громкость сигнала достаточная, виброзвонок ощутим. Как резюме могу добавить, что перед описываемым смартфоном у меня был samsung s7, вроде как флагман, но а51 мне больше по душе.",otzovik.com,otzovik.com,5.0,2021-03-11,https://www.otzovik.com/review_11615177.html,positive
"Достоинства: Цена плюс качество
Недостатки: Не нашёл за год пользования
Супруга подарила на день рождения этот смартфон. Он действительно достойный смартфон хорошего качества. Пользуюсь уже год. Не могу нарадоваться. Я поклонник смартфонов фирмы Samsung. Так что этот телефон мне по душе. И быстрый и зарядку долго держит. Год прошёл было много обновлений и программного обеспечения. Телефон справился на ура! Хорошая камера. Громкий звук. Отличный дизайн. Если покупаете то берите 128 гб памяти. Ну и берите не пожалеете. Спустя год пользования супруге на день рождения подарил такой же. Только в красном цвете. Хотел что нибудь поновее из недавних серий. Но консультант меня переубедил. Что этот телефон из этого ценового сегмента лучше покачеству и побыстрее. Чем вышли после него. Ну и зная какой этот телефон по примеру личного пользования. Я купил супруге. И нам обоим нравится!",otzovik.com,otzovik.com,5.0,2021-03-07,https://www.otzovik.com/review_11594382.html,positive
"Достоинства: Цена, камера
Недостатки: Невозможно отдельно отключить вибрацию
Телефон купила год назад. Не буду описывать всё подробно, здесь есть много что почитать от знатоков. В целом, телефон нравится, нравится качество фото и видео, нравится, что есть встроенная стабилизация. Но сегодня я, мягко говоря, огорчена! Скачу на белом коне! Пришлось отключить функцию виброотклика на смс сообщения. И, что вы думаете?! Её нет! Невозможно отключить вибрацию, когда приходят смс сообщения без полного отключения звука. То есть, если мне надо что-то прослушать без этих оповещений, необходимо отключить звук совсем!!! Перечитала кучу рекомендаций, пока не поняла это. С обновлениями тоже ничего не приходит. Самсунг, ты норм?!!!!",otzovik.com,otzovik.com,4.0,2021-02-18,https://www.otzovik.com/review_11494994.html,positive
"Достоинства: Хорошошая камера, большой аккумулятор, быстрая зарядка.
Недостатки: Минус не выявил
Являюсь любителем этого бренда. Когда возник вопрос покупки телефона, какой телефон покупать не долго выбирая я выбрал эту модель. Эту модель мне раньше рекомендовали друзья. Посмотрев обзоры на ютубе решил брать. Пользуюсь телефоном около полугода! За это время не раз не подводил. Телефон хорошо реагирует на холод не выключается. Экран телефона очень удобен для пальцев, задняя часть телефона можно выбрать разных цветов. В телефоне 5 камер. Передняя на 20мп, задняя камера имеет широкий угол как в последних моделях айфон. Аккумулятор телефон с большим объёмом долго держит заряд. В комплекте есть наушники что является редкостью. Рекомендую однозначно!",otzovik.com,otzovik.com,5.0,2021-02-16,https://www.otzovik.com/review_11482150.html,positive
"Достоинства: Большая батарея , чёткий экран , и т.д.
Недостатки: Скромный комплект
Всем привет дорогие читатели если вы хотите приобрести этот телефон то я могу поделиться своим опытом использования (3 месяца) хочу рассказать без всякой воды и компактно. 1)»Экран»Если вам нужен телефон с отличным экраном то он для вас, первую неделю пользования я не мог привыкнуть к нему, экран современный дизайн очень нравится . 2)»Комплект»Комплект скромный и мне не очень это понравилось USB кабель и наушники(проводные) можно сказать что цене соответствует так как телефон не дорогой. 3)»Производительность» Тянет тяжелые игры на максимальных настройках, если вы хотите купить телефон для того чтобы играть, без проблем можете брать этот так как на нём нет проблем с играми, и сразу же хочу сказать о батарее -большая. Хватает заряд на весь день, а если вы не так много пользуетесь хватит на три дня и даже больше. 4) «Камера» На смартфоне есть четыре камеры, широкоугольная -очень большой угол обзора, если вы хотите снять видео или фото здесь есть ночной режим . Был ли вам полезен мой отзыв вы можете проголосовать.",otzovik.com,otzovik.com,5.0,2021-02-14,https://www.otzovik.com/review_11470630.html,positive
"Достоинства: Удобный фирменный интерфейс от Samsung.
Недостатки: Слабоват для игр.
Купил Samsung по совету знакомых. Да и сам хотел давно стать обладателем данной марки смартфона. У смартфона есть как плюсы так и минусы. Сначала работой остался недоволен. Но после обновления ушли все лаги, все стало летать. Смартфон быстрый, долго держит заряд, но все же аккумулятор хотелось бы по мощнее. Хороший Amoled экран, насыщенные цвета. В данном ценовом сегменте камеры себя показали не плохо. Минус в плане видео съемки, так как нет 60fps. Понравились тонкие рамки и в целом внешний вид. Смартфон легкий, хорошо лежит в руке. В комплекте идут наушники, хоть и простенькие но приятно. Конечно фанатам Сансунга не рекомендовал бы. Но в целом смартфон справляется с повседневными задачами.",otzovik.com,otzovik.com,4.0,2020-12-20,https://www.otzovik.com/review_11150206.html,positive
"Достоинства: Дизайн, производительность, быстрота действия, качество сборки, камера(ы).
Недостатки: Думаю можно отнести к минусам лишь пластик на задней панели, который сильно царапается.
Данный смартфон купил на замену Samsung Galaxy A7 2018. Честно сказать я был в полнов восторге когда взял в руки А51. Этот смартфон просто идеален. Начну с дизайна. Дизайн на высшем уровне. На задней панели смартфона рисунок просто космос! Я долго смотрел, что там нарисовано (там треугольник). Держать его приятно, не выскальзывает, не режет руки. Грани на задней стенке чуть скруглены, чтобы его было удобно держать. Также камера спереди очень элегантно выглядит. Ее не выделяет черное пятно, как на А50. Камера. На данном смартфоне 4 (четыре!) камеры сзади и одна фронтальная. Качество фоток запредельное. Тут тебе и фото в 4к, и видео, и про режим. Все фотографии сочные, ""вкусные"". Дисплей. Дисплей на данном смартфоне отличный! чувствует каждое касание, понимает, что от него хотят. Тебе не надо продавливать экран пальцами, чтобы твои касания увидел смартфон. Спокойно, без давления, листаешь ленту, звонишь, тыкаешь лайки. Производительность. 4 гигабайта оперативной памяти делают свое. Никаких подтормаживаний, зависаний, ожиданий загрузки приложений. Нажал и все запустилось. Хоть 10 приложений открой разом, все будет работать стабильно. Безопасность. Отпечаток пальца определяет очень быстро, почти мгновенно. То же самое и с разблокировкой по лицу. Все быстро, четко. Итог. Смартфон действительно стоит свих денег! Да, можно и лучше найти на рынке от тех же ""китайцев"", но это проверенный временем смартфон, который не стыдно достать на людях, пофоткаться, да и вообще вести какой-нибудь блог. Однозначно советую!",otzovik.com,otzovik.com,5.0,2020-12-14,https://www.otzovik.com/review_11117925.html,positive
"Достоинства: В целом, этот смартфон шикарен, если бы не пластиковый задник, сканер копыт и рожи-лица, то было бы как в песне Потапа и Насти - ""всё пучком
Недостатки: Ужасно тупит сенсор отпечатка пальцев, затыкаешься, пока разблокируешь, сканер рожи-лица аналогично тупит, как блондинка за рулём.
Потрясающий экран, рамки узкие и тонкие, а эта дырочка в экране! Нет слов, он шикарен как попа Ким Кардашьян. Для тех, кто снимает влоги и видео самый раз! Камеры снимают в шикарном качестве, единственное - смартфон очень греется при съёмке или в процессе игры на высоких настройках (можно рубашку погладить вместо утюга). Сразу покупайте чехол, ибо задняя панель-пластик. Тут есть 3,5мм джек! (Помолимся компании Samsung за то, что оставили хоть тут эту замечательную дырочку). Батареи хватает смело на полтора дня. Я восхищаюсь этой компанией, так как за скромные деньги вы получаете очень хорошие камеры и производительность.",otzovik.com,otzovik.com,5.0,2020-12-10,https://www.otzovik.com/review_11090833.html,positive
"Достоинства: Большой, удобный, функциональный, быстрый.
Недостатки: Стекло бьется в независимости защиты.
Сломался таки мой телефон самсунг А7. Решила купить новый. Остановилась на выборе этой же марки А51, цена вышла по акции в 21000 рублей. Общие впечатления неплохие. Приятный на ощупь, быстро летает интернет, камера хорошая, их кстати 4 внешних и одна фронтальная, есть инструменты для редактирования и мультикадр. Большая память, у меня 32гб, что не может не радовать. Хороший экран, просто огромный для меня. Настройки простые с которыми разберутся даже люди в возрасте и ребенок. Огорчилась лишь в том что стекло треснуло сразу же на второй день после покупки, видимо это больная часть этой модели, так как телефон большой, соответственно стекло хрупкое. А так конечно советую, но в следующую покупку подумала бы над приобретением данного телефона. Все таки замена стекла стоит от 6000 рублей. Да, у моих знакомых такая же модель и тоже беда с битым экраном. Что могу еще в плюс написать так это ненавящевое обновление системы. Приходит не так часто как на предыдущем телефоне. Батарея держится больше суток при активном использовании первые несколько месяцев, потом надо заряжать чаще. Из минусов это постоянный спам, но его егко убрать в насройках уведомления.",otzovik.com,otzovik.com,4.0,2020-11-20,https://www.otzovik.com/review_10975692.html,positive
"Достоинства: Touch ID на экране,Face ID,недорогой,отличный аккумулятор,стильный,удобный
Недостатки: Из-за того что львиную долю составляет экран телефона,он может с лёгкостью разбиться.
Здравствуйте, хотела бы с вами поделиться о недавней покупки моей мамы, смартфон Samsung Galaxy A51. Очень красивая палитра цветов, у моей мамы оттенок бирюзовый, есть отпечаток пальца на самом экране, очень удобно, и Face ID, тоже немаловажно, в руке держится хорошо, большой экран с обтекаемыми гранями, что расширяет картинку, хорошая Камера с большим выбором эффектов, заряд держит отлично на протяжении 1,5 дня, удобный интерфейс, главное поставить во время защитное стекло потому что разбить его можно не с первого раза, но со второго ли третьего можно, и защитный чехол, при ставке защитного стекла, может уменьшится чувствительность экрана, но в самих настройках телефона можно чувствительность регулировать. А так очень яркий, красивый, стильный и удобный смартфон)",otzovik.com,otzovik.com,5.0,2020-11-19,https://www.otzovik.com/review_10968431.html,positive
"Достоинства: Производительность, камера, долго держит батарею, много интересных настроек на любой вкус, красивая визуализация уведомлений
Недостатки: Длина кабеля usb маленькая, отпечаток не всегда срабатывает, качество видео
Телефон в использовании 4 месяца. За время использования глюков не было. Заряда батареи хватает на весь день при использовании интернета и частых звонках по работе, один раз в день зарядить и норм. Камера хорошая, может определить какой объект фотографирует - человек, животное, природа, предмет, еда и тд. Видео иногда рябит. Понравилось множество настроек на любой вкус и визуализация уведомлений призаблокированном экране. А вот отпечаток пальца не всегда срабатывает и приходится вводить цифровой код. В целом, цена качество оправдывает",otzovik.com,otzovik.com,4.0,2020-10-06,https://www.otzovik.com/review_10736987.html,positive
"Достоинства: Большой экран, 5 камер
Недостатки: Дешёвая сборка
Очередной телефон на тестировании и меня он не впечатлил как ожидалось. По характеристикам все круто, в плане описания, многообещающие 8 ядер, 4 камеры 8х цифровой зум и многое другое. А на деле кот в мешке. Начиная с коробки, качество чувствуется сразу, дешёвый картон, сделано в Индии. В комплектации... Просто шок. Очевидно телефон, зарядное устройство, хлипковатое, продешевили с пластиком, шнур нормальный, но короткий и самое главное - наушники, они есть в комплекте, но что это?! Обычные пластиковые затычки как в 2000 годах, ... Мне нечего сказать. Телефон с множеством функций, свои фишки от самсунг, хороший процессор, а так характеристики 3-4 летней давности. Корпус не радует, качество лучше, но пластик же. В общем вроде бы бюджетка от самсунг, но какая-то сильно продешевленная, себе я бы не стал брать такой насовсем. Поэтому сомнительно что можно его рекомендовать.",otzovik.com,otzovik.com,3.0,2020-08-17,https://www.otzovik.com/review_10508037.html,neutral
"Достоинства: Камера,дизайн,цена
Недостатки: Нет
Я долго выбирала себе новый телефон. 3 года я пользовалась самсунг j7 2017 года. И вот, спустя долгое время я решила выбрать самсунг а51. Ну оочень классный телефон. Есть все что нужно. Стильный корпус, 4 камеры, большой 6.5 дюймовый экран, на котором очень классно играть в игры. Главное преимущество-камера. Основная камера 48 мп, получаются супер качественные фото. Фронтальная 32 мп и это значит что будут качественные селфи. Большой плюс что есть макросъемка, и замедленное видео. У телефона аккумулятор 4000 и этого за глаза хватает на целый день, есть функция быстрой зарядки. Очень хороший звук, особенно басы. Есть функции отпечатка пальца и что самое главное есть распознавание лица, не надо будет постоянно вводить пароль. А вообще я полностью довольная телефоном, для молодого поколения это самый лучший бюджетный вариант!",otzovik.com,otzovik.com,5.0,2020-08-10,https://www.otzovik.com/review_10478997.html,positive
"Достоинства: Продвинутая камера
Недостатки: Не обнаружил
Несмотря на огромное количество отзывов, все же решил отметиться. Хотя, как я выяснил для себя ранее, писать отзывы о смартфонах очень непросто. Зачастую первый восторг может смениться разочарованием. А восхищение надежностью получит изделие качественное, но... неактуальное. Срок эксплуатации небольшой. Около месяца. Тем не менее, могу отметить некоторые особенности. Что сразу понравилось - более удобные кнопки ""домой"", ""возврат"" и ""открытые приложения"", чем в А50 (логично это отметить, поскольку А51 - это развитие модели А50). В А50 этих кнопок просто нет - неудобно. Размер смартфона в общем, не маленький (6,5 дюйма экран), но уже довольно привычный для нынешних моделей. Фишка данного смартфона - наличие четырех камер. Что, по замыслу, значительно расширяет возможности для фото. Фото действительно получаются качественные. Возможна серийная съемка и режим широкоугольной съемки. Думаю тот, кто более-менее серьезно относится к фотографии, установит для себя что-то из приложений-камер с более широким диапазоном ручных настроек, чем штатная. При таких возможностях объектива это как раз будет к месту. Почему вообще выбрал эту модель. Во-первых, в семье все давно пользуются Samsung. Очень давно. Все довольны. Во-вторых, у жены модель А50, которая уже почти не продается. Вот она и спросила: ""Хочешь такой?"". ""Хочу"". У нее смартфон пашет уже больше года без проблем. Цена приемлемая. Надеюсь и с моим проблем не будет. Т. е. никаких супер-анализов и сравнений не было. Ну еще вкратце что понравилось. 1. Андроид (как всегда). 2. Четкая работа с отпечатком пальца. 3. Хороший прием сигнала (там где я сейчас живу это сразу понятно). 4. Четкая работа с картой памяти. 5. Объем внутренней памяти (хотя из 64 гигов можно использовать около 49, остальное - система). 6. Две симки. 7. После обновления никаких неприятных сюрпризов и сложных изменений не произошло. Загадывать наперед не буду, но смартфоны я меняю редко. Надеюсь, А51 долго послужит.",otzovik.com,otzovik.com,4.0,2020-06-28,https://www.otzovik.com/review_10268959.html,positive
"Достоинства: Меня все устраивает
Недостатки: Царапается экран
Пару недель назад купил себе самсунг галакси а51,128 гб, поюзал теперь могу оставить адекватный отзыв на этот телефон. Долго выбирал себе новый телефон, читал отзывы в том числе и про эот телефон и все таки решился купил и на данным момент доволен полностью покупкой. Камера отличная много настроек и функций, очень понравилась макросьемка. Качество сьемки при хорошем освещении меня впечатлили. Разблокировка экрана по лицу и отпечатку пальца, срабатывают в течении одной секунды. Интернет 4+(LTE), ловит связь в любом месте у меня в городе. Отличный звук из динамика и в заводских наушниках. После покупки сразу купил чехол, но видимо в первую очередь необходимо бронировать экран. А так со смартфоном все хорошо. Приходят официальные обновления, после их активации в телефоне улучшились некоторые функции и приложения. Не тупит, скачал игру на 1,5 ГБ просадок и зависаний не было",otzovik.com,otzovik.com,5.0,2020-06-16,https://www.otzovik.com/review_10212911.html,positive
"Достоинства: Стиль камера
Недостатки: Мелкие пролагивания и тормоза
Покупал этот телефон в конце февраля 2020 года. Мне он приглянулся с первого взгляда чисто тем, что у него четыре камеры. Сомнения возникли по ходу пользования этим гаджетом. Во первых, что не понравилось это то что у телефона не совсем на высоком уровне работает датчик отпечатка пальцев. Если пальчик чуть мокрый или пылинки на нем, не распознает. Второй косячок которым мне не понравился это то, что спустя некоторое время телефон блокируется и просит заново ввести пароль для разблокировки. Это очень мешает, когда ты утром просыпаешься, хочешь сквозь сон глянуть в телефон, а он просит пароль, начинаешь психовать, тыкать пароль мимо. Плюс телефона его камера. 48 мегапикселей это сильно. Но иногда камера на максимальном разрешении пролагивает. То есть жмёшь на кнопку сфоткать. А он пару секунд думает. Для телефона нужен хороший чехол, желательно бронебойный. Телефон скользкий, тонкий, разбить ноль проблем. На модели с белой крышкой видать небольшой косячок: на стыке стекла камеры и крышки видать что белая плёнка, которой обклеина крышка имеет рваные края. Это не смертельный минус но все же. По сравнению с китайскими телефонами этой ценовой категории данная модель уступает по скорости реакции. А ваших чертах моё мнение, что это телефон для людей, которые медленно и спокойно пользуются гаджетами. Я же привык сказать от приложения к приложению на всех парах",otzovik.com,otzovik.com,4.0,2020-01-21,https://www.otzovik.com/review_10066343.html,positive
"Достоинства: Мощный телефон, яркий экран.
Недостатки: Нет
Купила этот смартфон, тк он один из последних выпущенных и приемлемая цена у него. Впечатлили 4!!! камеры. Одна основная, вторая для широкоугольных снимков, третья для портретной съёмки. Зачем четвёртая я не поняла. Снимки получаются неплохие, как на основную, так и на фронтальную камеру. Дизайн самого телефона очень понравился: задняя панель выполнена из стекла и на ней есть небольшой ""узор"". Камеры классно расположены. Удобно, что нет большой челки, а только маленькая камера на лицевой стороне. Заряда хватает на день, заряжается быстро. Экран яркий, все быстро работает. Touch ID расположен прямо на самом экране, мне это очень понравилось. Работает хорошо, в основном всегда узнает. Не могу выделить пока никаких значительных минусов. Мне все нравится в этом смартфоне!",otzovik.com,otzovik.com,5.0,2020-01-17,https://www.otzovik.com/review_10041212.html,positive
"Достоинства: Камера,экран,дизайн,память ,скорость,вес,размер,производительность,функции,
Недостатки: Много базовых приложений
Я уже писала отзыв о своем honor8x. Но сегодня заказала в м-видео. В этот же день забрала. Телефон превзошёл все мои ожидания. Хоть я и видела его у знакомой, но сейчас я в полном восторге. Во-первых очень порадовала камера. На предыдущем телефоне она тоже хорошая но не сравнится с этой. Есть режим широкоцгольной и обычной камеры. Макросьемка так же на высоте. Встроенная память:6гб оперативной и 128 гб. Для меня это просто супер. Куча приложений банков, магазинов, обработки фото, для ребёнка приложения, по работе, разные виды госуслуг. Я в восторге как он летает. Ещё удивило наличие детского режима. Для Самсунга это норма но я долгое время с хонорами и мейзу, потому для меня в новинку. Просто супер режим если ребёнок берет ваш телефон. Выйти оттуда он не сможет. Только после ввода пароля. Множество разных режимов, инструментов. Даже линейка. А САМОЕ ГЛАВНОЕ-ВЕС И РАЗМЕР. Он очень лёгкий, тонкий, экран не широкий. Мой хонор8х по сравнению с ним лопата. Очень удобно в руке сидит. Так же мне понравился и дизайн. Но из минусов, очень много базовых приложений. Я привыкла, что у меня все по папкам, а тут много лишнего, и я даже не понимаю для чего это нужно. Ну и в общем то все. Я всем советую, вы не пожалеете.",otzovik.com,otzovik.com,5.0,2020-04-30,https://www.otzovik.com/review_9938975.html,positive
"Достоинства: Все радует, отличный телефон, мощный, стильный
Недостатки: Не буду писать потому что даже на знаю не знаю что сюда писать))
Купила себе на замену до этого пользовалась honor. Телефон полностью устраивает, потрясающий экран super amoled. Батарея держится больше суток даже при активном использовании. Производительность хорошая. Звук вполне хороший, фотографии получаются чёткие, яркие, мелкие детали моно фоткать крупным планом, видео тоже очень хорошего качества, вай вай-фай ловит отлично, не глючит, все приложения с лёгкостью открываются. Очень удобно играть. Красивой окраски, все очень удобно. Выглядит шикарно и не подумаешь что стоит всего 20тыс, трое моих знакомых тоже приобрели такой телефон говорят аппарат просто пушка. В общем телефоном полностью довольна)",otzovik.com,otzovik.com,5.0,2020-04-21,https://www.otzovik.com/review_9867911.html,positive
"Достоинства: Приемлемая цена, четверная камера, датчик распознавания отпечатков пальцев.
Недостатки: Телефон не пуленепробиваемый и не водонепроницаемый, так что не забудьте наклеить защитное стекло, и не роняйте устройство в унитаз.
Я в восторге от этого телефона. Основная заслуга этого устройства - приемлемая цена. Почти каждый человек способен позволить себе покупку Samsung Galaxy A51. Большая заслуга данного смартфона в том, что он имеет аж 4 основные камеры и одну фронтальную. Вы получите фото прекрасного качества. Так же вам будет легко обезопасить ваше устройство, телефон имеет датчик распознавания отпечатков пальцев, встроенный в экран, теперь устройство будет распознавать только своего хозяина. В добавок ко всему, в комплекте к Samsung Galaxy A51 идут кабель USB, USB-адаптор питания, штифт, наушники и краткое руководство.",otzovik.com,otzovik.com,5.0,2020-04-17,https://www.otzovik.com/review_9842948.html,positive
"Достоинства: Качество фото, память, функционал, не виснет, не тормозит
Недостатки: После постановки стекла передняя камера видео снимает в стиле ""среднее зерно
Линейка телефонов Самсунг вообще мой фаворит. Первый их телефон - j5. Все было супер до момента, как я решила вести блог. И тут встал вопрос качественных фото. Поэтому и телефон искала больше по параметрам камеры. После 3 ночей поисков были выбраны фавориты. Критерии: цена, память, камера, функционал. Читала много отзывов. Про А51 их было очень мало. Другие выбранные телефоны были или не для России или только по заказу. А хотелось вот прям сейчас! В магазине что еще порадовало - был в красном цвете. Но разве не радость для девочки?) После почти 4 месяцев использования могу сказать. 1. Камера классная. Я не проффотограф и не художник, каких-то мелочей могу не замечать. Но функция макросьемки завораживает, как и все остальные. Правда после постановки стекла передняя камера снимает немного в стиле среднее зерно, но видно только на видео. 2. Функционал устраивает. Я не играю в видеоигры, поэтому здесь не знаю как. Но все остальное работает отлично. Не виснет, не глючит. 3. Память за 4 месяца еще не заполнилась).",otzovik.com,otzovik.com,5.0,2020-04-16,https://www.otzovik.com/review_9838174.html,positive
"Достоинства: Камера в ценовом От 500$ до 1000$ Точно входит в топ 3 (на 10 апреля 2020 , уже все пофиксили и возвели в топ последними двумя обновами.
Недостатки: Нету силиконового чехла в комплекте, чуть тяжеловатый .
Шикааарный дисплей 6.5( 2400x1080) super AMOLED экран с FHD+ (ppi 405) Из коробки сразу идут последние One UI 2.0+Android 10+ поддержка ещё 2 года точно. Камеры 48 + 12 + 5 + 5 (четыре основные камеры, апертуры последовательно: основной камеры 2 + 2.2,2.4) после последних обнов - сейчас 10 апреля 2020, все что можно пофиксили и улучшили, Камера в сегменте до 50 тысяч Точно входит в топ 3. Основная камера 48 Мп для четких снимков сверхвысокого разрешения днем и ночью, так же, если для того, если может понадобится кропнуть кадр. Сверхширокоугольная камера 12 Мп с углом обзора 123 (стала для меня открытием, очень на уровне!) реально снимает очень на приличном уровне ! пейзажи и удобно делать групповые снимки в узких помещениях(присутствует профессиональная обработка искажений, что бы фото не было «бочкой». Для макросъемки - 5 Мп, расстояние фокусировки 2-3 см! а для создания портретов с эффектом размытия фона(боке) переключитесь на камеру 5 Мп с датчиком глубины резкости и поддержкой режима «Живой фокус». Все камеры обладают интеллектуальным, подстроенным под каждый «объектив» ПО Видео имеет электронную стабилизацию, вот тут оценил бы ее на «4-» Фронталка для селфи так же 32 Мп снимает/настроена на более тёплые тона. Акум 4000 мАч (хватает на новом телефоне гарантировано на 2 суток)+ Быстрая Зарядка 15 вт. Спец приложение для игр - Game Booster «Прочие «+» Отпечаток в экране Пробуждение по двойному тапу Разблокировка по лицу - рабочая, на 4+/5 после обновлений стала почти топ. USB Type-C NFC, Wi-Fi 2.4 ГГц, 5 ГГц Bluetooth A2DP, LE, 5.0 Поддержка ANT+(шагомеры, велокомпы и подобное) Проц : 8 ядерный четыре ядра 2.3 ГГц Cortex-A73 и четыре ядра 1.7 ГГц Cortex-A53. ПОВЕРЬТЕ во ВСЕХ, абсолютно всех играх вы сможете играть в 85% случаев на максимальных настройках и только в 15% на предмаксимальных - проверенно!(факт) Дальше фишка - Always on display- Фитча, когда можно вывести на заблокированный экран (Время, погоду, количество сообщений, пропущенные звонки и кучу КУКУУУЧУ всего, как на старых добрых топовых Нокиях) - батарею сьедает минимально - очень кульная вещь! СЛОТ: две сим-карты+ флешка - все отдельно - очень кстати! Миниплюсик - в комплекте есть наушники и Да они плохие, НО не настолько как у 98% конкурентов, их реально можно слушать первое время(и это не только мое мнение) Ещё куча «своих самсунговских фишек и настроек» их реально много поверьте. Большой для меня «+» Это то, что из коробки идёт МАЛО программ, которые нельзя удалить, те в этот раз нас пожалели и мусора в телефоне практически нет. Выглядит как флагман, намнооого дороже, чем стоит . Я взял себе красный, сзади крышка фактурно бордовым гранатом переливается -шикааарно. Это однозначно золотая середина. Производитель при этом при всем класса ААА. Уверен продолжению модели быть А50, А51... я в восторге от трубки, и да, я слез с iOS 13.4.1 (iPhone 8) надоело, и есть три причины, основная из них была батарея, дикое однообразие и переплата за все в App Store (+ ещё, но это уже другая история) Вот фото с первого же открытия без какой либо подготовки и обработки (час ночи улица и ламповый свет у друга в узкой комнате)",otzovik.com,otzovik.com,5.0,2020-04-10,https://www.otzovik.com/review_9795675.html,positive
"Достоинства: Основной функционал хороший, внешний вид тоже, оболочка тоже.
Недостатки: общая проблема лагания звука в блютуз наушниках у всех - отпечаток пальца читается плоховато, надо перезаписывать добиваясь лучшего эффекта, лицо читает с небольшой задержкой в сумерках, зато читает в темноте даже
Подходящий телефон для подростка. Купил дочке 14 лет, считаю, что в этом возрасте нет смысла тратить деньги на дорогой телефон. Этот понравился камерой и дизайном. Модный, молодёжный, как мне показалось. К тому же она постоянно в соц сетях сидит, фотки часто делает, а для этого в самсунге а51 все есть. Дочь говорит, что все нравится. Пользуется несколько недель, ничего плохого не заметила. Отпечаток работает быстро, телефон не зависает, в игры тоже можно играть - качество отличное. За такие деньги лучшая модель, в сравнении с другими.",otzovik.com,otzovik.com,3.0,2020-04-06,https://www.otzovik.com/review_9768705.html,neutral
"Достоинства: Сканер отпечатка пальцев, красивый дизайн и просто удобный телефон.
Недостатки: Их нет.
Муж подарил на день рождения новый смартфон Samsung Galaxy A51. Телефоны этой фирмы я люблю. Начну с дизайна. Смарфон имеет полукруглые грани и мне это очень нравится. Экран безрамочный что удобно, корпус у меня красного цвета с градиентной окраской. Корпус сделан из пластика. Купить данную модель можно в разных цветах: черном, белом, голубом, розовом и красном. На задней панели имеются фотокамеры с четырьмя объективами и вспышкой, основная камера здесь 48Мп, запись видео ведется в 4К UHD (3840x2160). Разрешение экрана 6.5 дюймового, при этом телефон не смотрится большим и его удобно держать в руке. Samsung Galaxy A51 обладает неплохой емкостью батареи – 4000 мАч. Внутренняя память в моем телефоне 128 Гб. Снять блокировку с телефона можно с помощью отпечатка пальца, мне это нравится и это удобно. В комплектацию входят зарядное устройство, наушники, инструкция на русском языке и конечно гарантийный талон. Общие впечатления у меня хорошие, телефон очень удобный, дизайн красивый. Все работает четко, не глючит. Приложения открываются быстро. Отпечаток тоже работает отлично. У меня нет ни каких нареканий к данному телефон.",otzovik.com,otzovik.com,5.0,2020-02-28,https://www.otzovik.com/review_9558757.html,positive
"Достоинства: Качество, цвета экрана и цена (для такого телефона такого уровня самсунг 350 евро супер)
Недостатки: Звук (привык к s10 plus что два динамика - если у вас так не было может звук вам и понравится), нет беспроводной зарядки
Купил сегодня не на розетке а онлайн в магазине. Купил как дополнительная трубка на 2 сим карты. Пользуюсь топовым (хотя таким я не считаю его но всё же) самсунгом s10 plus. В 51 идеальный отклик на отпечаток как и в с10 плюс. Не понимаю крики вопли людей что ещё не держали телефон но уже критикуют за эту опцию. Цвета насыщенные как и в s10 plus, телефон легче (потому что пластик), считаю его очень и очень достойным. Покупайте смело. Купил ещё раз повторяю как дополнительную трубку хотел подождать s10e лайт но они будут не ранее чем через месяц",otzovik.com,otzovik.com,3.0,2020-02-01,https://www.otzovik.com/review_9409195.html,neutral
"Достоинства: Достойный дисплей на уровне флагманов, камеры, дизайн, цена.
Недостатки: Материалы корпуса, отсутствие чехла в комплекте. Проблемы с Bluetooth.
Приветствую всех читателей моего отзыва. Я уже много лет являюсь фанатом марки Samsung и серии Galaxy A. Начинал с А5, а в последние 1,5 года пользовался Samsung Galaxy A8. Но вот пришло время менять свой смартфон на новый и я специально ждал выход Samsung Galaxy A51, что бы его приобрести. Эти аппараты меня не подводили и их сбалансированные характеристики за адекватную цену меня устраивали. Конечно сравнение будет с моим последним смартфоном Samsung Galaxy A8. Ну вот и настал день зарплаты. Беру деньги и быстрее в магазин. Выбираю конечно черный и плачу кровные 20к. Уже дома сравниваю со своим старым смартфоном. Он больше размером, экран по качеству примерно такой же, но на много больше. Интерфейс немного изменился. Не думаю, что стал удобнее. Больше косметические перемены. Чувствуется большая производительность у Galaxy A51. Но это больше на проценты, а не в разы. Порадовало наличие аж четырех камер. Для меня это новый опыт, конечно прикольно. Основная камера снимает значительно лучше. Но бывают снимки и не очень. Пожалуй основным недостатком являются материалы корпуса и даже чехлом их не удается скрыть в полной мере. Аппарат в руке ощущается дешевле. Это обидно. Еще хотелось бы чехол в комплекте на первое время. Так как пришлось купить дешевый силикон. Оригинальные стоят не реально дорого. А с али ждать месяц. В целом смартфоном очень доволен. Для меня важен экран. Китайцам еще далеко до Samsung. Покупку однозначно рекомендую. P.S. Прошло уже несколько месяцев использования смартфона и только сейчас обнаружилась проблема!!! При использовании bluetooth гарнитуры имеются серьезные проблемы с сигналом. Звук прерывается и тормозит. Читал на форумах эта проблема у многих и все надеются на новые прошивки. Это прямо беда!!!",otzovik.com,otzovik.com,4.0,2020-01-23,https://www.otzovik.com/review_9363623.html,positive
"Достоинства: Камера очень хорошая, плавные видео.
Недостатки: Перегрев.
Телефон - конфетка! Самое то для мамы-геймера и детей-геймеров! Игры идут на хороших графиках, камера - супер! Но иногда очень греется.",otzovik.com,otzovik.com,5.0,2020-01-19,https://www.otzovik.com/review_9339399.html,positive
"Достоинства: Дизайн, хороший звук, батарея.
Недостатки: Медленный отпечаток пальцев.
Начнём. Samsung Galaxy A51. Начинка: от Exynos 9611, оперативная память 4-6 гига, встроенная память 64-128 гига ( есть разъём для карты памяти до 521 гига) и конечно же батарея 4000 MaH... 2 Sim карты. Экран 6,5 дюймов. Super Amoled - разрешение 1080X2400. 4-ре камеры на любой вкус от 5Мп до 48 Мп. Отличное качество съёмки как видео, так и фото. Телефон хорошо оптимизирован как для высокотребовательных игр, так и для работы в различных приложениях. Помимо этого телефон позволяет окунуться в мир красок и развлечения при просмотрел различных, сериалов, фильмов и мультфильмов. Ведь у него установлен экран Super Amoled с разрешение 1080x2400, который в полной мере даст вам насладиться отличным качеством видео. На данный момент, такой аппарат оценивается в 18 тысяч рублей. Из минусов на сегодня можно отметить, медленный отпечаток пальцев и некоторые лаги в прошивке, но они уйдут с обновлением. Помимо этого хотел отметить, что крышка Samsung Galaxy A51 пластиковая и желательнее при покупке данного смартфона, докупать ещё бампер, что бы не поцарапать или же сломать крышку. У данной модели есть свои конкуренты, но на данный момент это очень удобный и качественный смартфон, который позволит вам насладиться хорошей фото/видео съёмкой, доставит удовольствие при просмотре фильмов, или же в игре какого-нибудь мобильного шутера)",otzovik.com,otzovik.com,5.0,2020-01-17,https://www.otzovik.com/review_9327728.html,positive
"Достоинства: Дизайн и макрокамера
Недостатки: Слабый процессор и мало памяти
Первым делом хочу отметить что дизайн офигенный. Во-вторых это минус уже что он у него очень мало памяти 64 Гб мало очень ещё у него есть то что нету на флагманах Samsung почему-то это макрокамера не знаю почему её нет мне вот иногда пригождается. К сожалению фото не могу прикрепить Потому что сейчас пишу с него. Ещё у него слабый процессор мне не хватает вообще. Ещё хочу отметить что здесь старая память lpddrx4.",otzovik.com,otzovik.com,3.0,2026-08-17,https://www.otzovik.com/review_18601933.html,neutral
"Достоинства: Камера
Недостатки: Не обнаружила
Мне телефон подарил муж, долго привыкала, но когда все поняла и заполнила, просто в восторге от телефона осталась, камера прекрасная, хорошо фокусируется, интернет работает тоже хорошо, приложения открываются быстро, не глючит., следующий телефон тоже будет от марки самсунг. В приобретении советую",otzovik.com,otzovik.com,5.0,2025-11-08,https://www.otzovik.com/review_17827315.html,positive
"Достоинства: Камера более менее нормальная
Недостатки: Аккумулятор слабоват, нагревается, заряжается достаточно долго, постепенно начинает лагать, производительность не очень.
Если честно- ожидал большего. Цена конечно не радует- слишком большая для такого качества. Именно из-за этого телефона я не люблю компанию Samsung и их продукты- качество плохое, так ещё и цена завышена. Функции такие же как и во всех андроидах, производительность радует только при первом использовании- через какое-то время начинает лагать и виснуть. Со временем аккумулятор будет просить всё больше подзарядки а приложения долго открываться. Из-за всего этого надо периодически делать сброс настроек. Камера вполне хорошая. Не рекомендую брать такой телефон за такую высокую цену, а если берёте, то берите б/у за 6-7 тыс. рублей- большего он не стоит.",otzovik.com,otzovik.com,2.0,2025-06-25,https://www.otzovik.com/review_17463494.html,negative
"Достоинства: Яркие краски, четкая камера, телефон не тяжелый и простой в использовании
Недостатки: Нет минусов
Уже более 5 лет я пользуюсь этим телефоном. Самый простой в использовании. Четкость камеры и экрана на высшем уровне. Телефон прот в управлении, и память телефона не маленькая.",otzovik.com,otzovik.com,5.0,2025-01-21,https://www.otzovik.com/review_17355855.html,positive
"Достоинства: Память,экран,камера
Недостатки: Не нашла для себя особых минусов
Здравствуйте, хочу поделиться впечатлениями о Смартфоне Samsung Galaxy A51. У меня телефон в белом цвете, с памятью в 128 гб. Сама пользуюсь этим телефоном уже на протяжении трёх лет. Что могу выделить, за всё это время телефон был в ремонте всего 1 раз(упал со стола и ударился об угол, разбился экран), хотя до этого постоянно падал на кафель, паркет, ламинат и др. поверхности. Так же у телефона хороший аккумулятор и достаточно неплохая камера, так же хочу отметить хороший дисплей. Из минусов могу выделить лишь то, что в последнее время начал зависать экран. Ни смотря ни на что, я очень довольна данным телефоном, рекомендую.",otzovik.com,otzovik.com,5.0,2023-12-26,https://www.otzovik.com/review_15600377.html,positive
"Достоинства: Долго работает
Недостатки: Нет
Добрый день всем! Приобрела как то этот смартфон и осталась довольной! Я уже пользуюсь им около 4,5 лет и просто им довольна! Он до сих пор работает отлично! Не лагает, держит долго батарею, в хорошем состоянии и быстрый! Камера отличная, фото и видео получаются в хорошем и красочном качестве. Памяти тоже хватает. Как новый! Еще он меня очень сильно во многом выручает. Достойный смартфон. Это первый и хороший смартфон за все время, который у меня когда либо был. Надеюсь, что он еще долго мне прослужит. Очень рада была этой покупке, не сколько о нем не жалею. Искренне благодарю за такой товар. Буду советовать его знакомым и близким! Рекомендую!",otzovik.com,otzovik.com,5.0,2023-11-03,https://www.otzovik.com/review_15388250.html,positive
"Достоинства: Цена
Недостатки: Слабоват
Брали за 10.000р примерно, пользовался месяцев 8, немного стал тормозить, но это опять же все за 10.000р, батарею держит уверенно, хватает с утра до позднего вечера ( неактивного пользования ). Лично я бы подумал перед покупкой !",otzovik.com,otzovik.com,4.0,2023-08-26,https://www.otzovik.com/review_15120511.html,positive
"Достоинства: Тонкий, Отлично держит зарядку АКБ, Легкий, Шустрый процессор, Хорошая камера
Недостатки: Не нашел
Доброго времени суток! Хочу поделиться с Вами впечатлениями о данном смартфоне. Пользуюсь им уже не первый год. За это время он не разу не подвел. Зарядки хватает на 8-12 часов, смотря как им пользоваться. Внутренней памяти вполне хватает, это 64 гб. Конечно камера фотографирует не так как на новых моделях, но скажу Вам фотографии получаются хорошо, четко, конечно цвета-передача немного хромает. Экран у данной модели хороший, качество картинки замечательное. Много различных тем для телефона и поддерживает массу приложений. Звучание музыки чистое, дополнительно можно установить эквалайзер. Конечно не хватает встроенного радио, но вполне можно слушать интернет радио. Аксессуаров на данную модель полно в магазинах. Рекомендую данную модель телефона.",otzovik.com,otzovik.com,5.0,2023-08-20,https://www.otzovik.com/review_15098503.html,positive
"Достоинства: Камера четкая, память большая, аккум мощный
Недостатки: Не нашёл
Для меня Samsung A51 это восхитительный телефон. Он имеет мощную аккумуляторную батарею, которая автономна на длительное время, а также имеет отличные камеры с передней и задней стороны. Он имеет очень большой дисплей, что очень удобно для просмотра видео и игр. Это великолепный аппарат, со множеством удобных функций и высоким качеством изображения. Как и обычно, Samsung снова предоставляет исключительную надежность. Я очень доволен телефоном Samsung A51. Телефон не лагает даже когда часами играешь в пабг мобайл и другие игры шутеры, гонки и стреляли. Телефон нагревался, но не лагал. Также загадка держится очень долго. Советую к покупке",otzovik.com,otzovik.com,5.0,2023-02-11,https://www.otzovik.com/review_14318222.html,positive
"Достоинства: Качественный, делает крутые, четкие и яркие снимки и видео
Недостатки: Существенных не обнаружено
В этот раз мне повезло со смартфоном Samsung. За новинками никогда не гналась. Если телефон рабочий - менять не вижу причины. За разумное потребление и качество :-) Но так уж получается, что я часто роняю и ""топлю"" телефоны, к сожалению для моего бюджета ) Предпоследний, тоже Samsung, но серии Age, упал не по моей вине, но работать перестал, и пришлось в 2020 году покупать новый - Samsung Galaxy A51 (белый). Он трижды был случайно ""утоплен"" в наполненной водой раковине в 2021 и 2022 году, много раз падал (правда в защитном стекле и чехле). Жив - живёхонек. Самые крутые плюсы: 1) качество видео и фото (потрясающие яркие фотографии и видео получаются!); 2) долго держит заряд по сравнению с Galaxy Aсe (хотя, конечно, уступает кнопочным :-); 3) большой объем внутренней памяти (брала 128 Гб); 4) большой удобный экран. Вид через 2 года - не заношенный, практически новенький, все работает. Единственное, меняла провод питания и наушники (теперь у меня Huawei), так как самсунговские ""утонули"" - и динамик накрылся. Очень жаль, так как хорошая была гарнитура. Сейчас, вижу, цены на него немного подросли. Я брала в фирменном магазине Samsung в сентябре 2020 года за 19 999 рублей. Однако ресейл цена в два раза ниже (!). Однозначно рекомендую для любителей качественной простоты!",otzovik.com,otzovik.com,5.0,2023-01-11,https://www.otzovik.com/review_14194646.html,positive
"Достоинства: Удобство, качество и стильно
Недостатки: Нет
Пользуюсь данным смартфоном очень давно. Муж уже купил 2й (первый сломал ребёнок) Так я в первое время пользовалась всего лишь малой частью того, что есть в этом телефоне! Столько возможностей! Камера офигенная. Удобен в использовании. Не лагает как некоторые. Заряд держится на ура, хватает на полтора дня точно! Памяти предостаточно (128 Гб) Много функций в самом телефоне. С каждым разом удивляюсь фишками, ведь всё для удобства использования. Своевременно можно загрузить обновления.",otzovik.com,otzovik.com,5.0,2022-11-02,https://www.otzovik.com/review_13949134.html,positive
"Достоинства: Отличная камера, не глючит
Недостатки: Нет
Смартфон самсунг а 51 был куплен мною вместо аналога этого телефона - самсунга а 31. Смартфон меня очень радовал. Он очень прост в управлении и использовании. Цвета вы найдёте каждый для себя. У меня был жемчужного цвета и красный. Жемчужины нравился больше. Телефон не глючит, работает отлично. Минусов в нем я не нашла. Память достаточная. Ни разу ещё не доходило до того, чтобы память была заполнена. Хотя я скачиваю много видео, музыки, фотографий. Очень нравится как работает камера телефона. Фотографии при желании, могут иметь размытый фон. Можно выбрать разные режимы фото. В общем и целом телефон очень радует меня уже около 2,5 лет. Супер.",otzovik.com,otzovik.com,5.0,2022-09-15,https://www.otzovik.com/review_13791195.html,positive
"Достоинства: быстрый заряд
Недостатки: нету
Телефон хороший. брал для ребенка играть в игры. все хорошо все работает заряд держит хорошо есть, быстрая зарядка заряжает за часа.",otzovik.com,otzovik.com,5.0,2022-08-26,https://www.otzovik.com/review_13727188.html,positive
"Достоинства: Камера 48+5+5 +8 мп задняя 32мп передняя 4000 ма*ч
Недостатки: Не нашла , все устраивает .
Пользуюсь этим телефоном уже 2 года, камера позволяет делать чёткие и качественные фото. Аккумулятор держит отлично. Я как студентка была в восторге, хватало на целый день. Для девушек есть в красивом красном цвете. И вообще дизайн этого смартфона очень привлекательный. 8 ядерный процессор, это большой плюс для этого бюджетного смартфона. Отпечаток пальца в экране, очень удобно. Рекомендую.",otzovik.com,otzovik.com,5.0,2022-06-25,https://www.otzovik.com/review_13519101.html,positive
"Достоинства: Камера,процессор,дисплей
Недостатки: Зарядка со временем держится меньше (но это спустя 2 года использования)
Покупала данную модель телефона 2 года назад. И хочу сказать, что покупкой осталась довольна. Телефоном пользуюсь до сих пор. Я его брала в первые дни как он поступил на рынок и вышел он мне около 25 000. За эти деньги телефон прекрасный. Камера стабильно работает и не глючит (как было на сяоми), работает телефон быстро и не тупит. Удобные и понятные настройки, даже чайник разберется. Первые года полтора зарядка держалась целый день при частом использовании. Сейчас этого конечно нет, но этим грешат многие телефоны. Но в целом спустя 2 года службы зарядку он держит при максимальном использовании около 8-9 часов. Радует, что телефон крепкий(он у меня падал и ничего, но с учетом защитного стекла и чехла)Хороший динамик и быстрый процессор. Один из лучших телефонов в своей ценовой категории.",otzovik.com,otzovik.com,5.0,2022-04-23,https://www.otzovik.com/review_13312924.html,positive
"Достоинства: * Камера * Качество экрана * Качество самого телефона (тонкий, приятный)
Недостатки: * Временами подлагивает * Экран сильно царапается
Неплохой смартфон. Сильно радует экран, хорошее качество, однако, если очень долго пользоваться одним приложением, экран со временем начинает ""выгорать"", и поверх основного изображения будут немного видны элементы этого приложения. Процессор слабоват, но свои задачи выполняет. Отличная за свои деньги камера. Не каждый телефон в этом ценовом сегменте может снять фото в 8K разрешении (8000 на 4000). Батарея неплохая.",otzovik.com,otzovik.com,4.0,2022-04-10,https://www.otzovik.com/review_13268345.html,positive
"Достоинства: Цена
Недостатки: Иногда не срабатывает отпечаток пальца и приходится вводить пароль
Приобрела телефон год назад, когда сломался мой старый. В целом телефон мне очень нравится. Большой и качественный экран. Хорошая тройная камера и даже фронтальная камера очень качественно снимает. Есть режим макросьемки, для тех, кто любит снимать очень маленькие предметы, можно снять например пчёлку, которая сидит на цветочке. Современный дизайн задней панели. Большой выбор цветов, я взяла себе красный. На телефон достаточно мощный аккамулятор, если постоянно сидеть в телефоне, то хватает на целый день, а если так изредка заходить в интернет, отвечать на звонки и сообщения, то мне хватает на 2 дня. Большой плюс, что можно поставить две симкарты и карту памяти. В телефоне есть детский режим, в котором уже есть игры для детей, и можно не боятся что дети зайдут на просторы интернета и увидят не нужное или подключат платные приложения и услуги. Телефон не зависает, свою цену оправдывает. Очень радует, что на него в большом доступе есть защитные стекла, которые стоят не дорого и можно часто их менять. Да и хотелось бы отметить, что в телефоне есть безопасность, можно поставить на разблокировку отпечаток пальца либо снимок лица.",otzovik.com,otzovik.com,4.0,2022-02-15,https://www.otzovik.com/review_13076988.html,positive
"Достоинства: Стильный, отличный телефон в соотношении цена качества, не глючит
Недостатки: Для игроманов нужен процессор помощнее конечно, но для основных приложений и обычных игрулек подойдет прекрасно
Примерно год назад, решила обновить телефон, до этого ходила с маленьким айфоном se, но через пару лет пользования поняла, что этот экран уже мал для меня так скажем, технологии шагают вперед, и я решила перешагнуть и сменить телефон. Это уже второй телефон, который я купила сама(маленькая победа). Я не из тех людей, которые могут пойти и спонтанно купить нужную технику, всегда сначала облазею все отзывы, изучу все характеристики, потом уже иду покупать. Что касается характеристик, из основного-это экран AMOLED, насколько я знаю, только самсунг его выпускает, по-началу было непривычно, казался слишком большим, но быстро привыкла, поняла, что теперь последующие телефоны буду выбирать только с Amoled дисплеем, он ярко и четко передаёт изображение, фронтальная камера встроена аккуратно и экрасиво в дисплей, кстати фотографирует она не плохо, есть всякие режимы в ней разные, портрет и тд. Задняя камера тоже фотографирует хорошо и так же есть всякие режимы и функции, фотографируй не хочу как говорится. Есть и макро камера, на задней панели 4 камеры вообще встроены, плюс вспышка. Есть выбор среди расцветок у Самунг а51, розовый, голубой, белый, черный и красный. Все цвета красиво переливаются, и вообще сам телефон очень изящно смотрится, так как он тоненький, мне очень нравится его вид. Батарею держит вполне себе, зависит конечно, как часто и сколько будете зависать. Внутри есть много всяких штучек современных, всех и не перечислить и всех не опишу, плюс не во всём ещё шарю, но как-то сравнивая с телефоном знакомого, у которого был новый самсунг серии S, поняли, что по внутренности он мало чем отличается, ну это на наш взгляд. Понятное дело, что s серия будет лучше, и защещённее, но на то и цена у них такая. У серии А зато есть много выбора в соотношении цена-качество, но новые модели серии А уже выходят с влагозашитой и тд. За год использования, я не заметила каких-либо глюков, удобен в использовании, стильный, внутренности все необходимые современному человеку имеются. Динамик хороший, слышно всё прекрасно, обновления выходят систематически, имеется отпечаток пальцев, фейс айди, можно и просто установить пароль или графический ключь.Nfc тоже имеется, вообщем все новомодные и нужные штуки. Так что, если ваш выбор выпадет именно на этот самсунг, берите, не пожалеете",otzovik.com,otzovik.com,5.0,2021-11-29,https://www.otzovik.com/review_12738187.html,positive
"Достоинства: Хорошее качество
Недостатки: Нет
Хорошее качество, отличная камера, не виснет, много памяти, большой экран, тонкий, динамик отлично передаёт звук и не засоряется, быстро заряжается, зарядки хватает на несколько суток. Очень качественный и хороший смартфон.",otzovik.com,otzovik.com,5.0,2021-10-30,https://www.otzovik.com/review_12607369.html,positive
"Достоинства: Внешний вид, батарея хорошо держит, быстрый заряд
Недостатки: Плохая фокусировка и качество фото
Я этот телефон сама не желала и в принципе не знала о нем ничего. Мне его подарили. Телефон выглядит очень стильно и красиво. В руках держать его удобно и комфортно. В принципе интерфейс не особо отличается от других марок, поэтому привыкнуть к данному телефону было не сложно. Ещё один огромный плюс - батареи хватает надолго, а заряжается телефон очень быстро. Что касаемо недостатков, то меня очень огорчила камера. Я надеялась на отличное качество снимков, но по факту оно далеко не отличное. Фокусировка камеры тоже оставляет желать лучшего. В общем телефон мне нравится. Но люди, которым важна камера и качество снимков, не советую выбирать данную модель.",otzovik.com,otzovik.com,4.0,2021-10-20,https://www.otzovik.com/review_12565241.html,positive
"Достоинства: для своей цены хороший телефон
Недостатки: низкая надежность, покупка на год.
Покупал дочери в замен старого. В своей ценовой категории один из лучших. Качественные фото, хороший экран, звук. Но прошло чуть больше года перестал загружаться. Сам в идеальном состоянии, не битый... Но виснет на заставке. В официальном сервисном центре на Тверской 22 предложили попробовать заменить ПО. Согласился, хотя же тогда знал, что это скорее всего экранный модуль ( в интернете много сообщений по этому поводу, да и в обычном сервисе в Подольске сразу сказали экран под замену, так как они часто сталкиваются с такой проблемой у этой модели), но чем черт не шутит, все таки ОФИЦИАЛЫ. Но, через пару часов оф. сервис прислал СМС о согласовании замены экранного модуля, пришлось отказаться, несмотря на то, что попросили денег меньше, чем в Подольске. Дело не в цене, просто в Подольске сразу сказали, что скорее всего телефон и дальше будет периодически ломаться (косяк Самсунга, который тот не признает). Забирая телефон у ОФИЦИАЛОВ пришлось ждать, так они его без моего согласия разобрали для диагностики (согласовывал только перепрошивку). В службе поддержки Самсунг ответили, что они ремонтируют телефоны, если они сломались не по вине пользователя, в течении 1 года гарантии, а дальше за свой счет, и им не важно, чей косяк. Сейчас готовлю претензию на существенный недостаток, чтобы подать на производителя в суд. По результатам отпишусь.",otzovik.com,otzovik.com,1.0,2021-10-04,https://www.otzovik.com/review_12499015.html,negative
"Достоинства: Камера, Объем памяти, Батарея
Недостатки: Для меня нет
Всем привет! Хочу поделиться впечатлениями от использования смартфона Samsung Galaxy A51. Телефончику уже год и работает как новый. Покупала его в фирменном магазине Samsung в Казани. Комплектация обычная, в том числе и для Samsung (пользуюсь исключительно этой маркой телефонов с незапамятных времен): зарядка, гарнитура, ключ для открытия слота под сим-карту, документация. Что мне нравится в моем телефончике - быстрая зарядка, очень быстрая зарядка!) Для людей, как я, много времени проводящих с телефоном в руках (соц. сети, мессенджеры, рабочие звонки), настоящее спасение. И жизнь заряда батареи вполне приличная, спустя год, заряжаю телефон раз в сутки! Неоспоримое достоинство модели - 4!! камеры. Качество фото для А-серии - на 5 с плюсом!!! Я не сильна в технических характеристиках, но в соц. сетях фотки выглядят отлично)) Я часто работаю с использованием телефона, поэтому мне важен большой экран и большой объем памяти (128 гб). Любые документы, видео и фото приятно смотреть и изучать, и нет страха, что вот-вот закончится место. В общем, с удовольствием советую данную модель, если нужен функциональный смартфон за небольшие деньги.",otzovik.com,otzovik.com,5.0,2021-08-12,https://www.otzovik.com/review_12292997.html,positive
"Достоинства: Крутой экран, хорошее изображение
Недостатки: Батарея, камера
Этот смартфон покупался год назад моему папе, для него этот телефон был как лучший телефон в мире, пока не прошло время. Стильный телефон, одна из его лучших ценностей это его экран, компания самсунг делают чудесные экраны, камера могла бы быть и лучше, по началу казалось, что камера лучше чем у любого iphone, но сейчас я наблюдаю, не такую хорошую фотографию как казалось, в этом смартфоне 4 камеры, но даже в iphone xr лучшая камера, можете посмотреть, у меня есть отзыв на него тоже. Батарея держит заряд стабильно, памяти хватает на все игры тянет также почти все на максимум, но со временем этот телефон ухудшается. Я бы советовал его купить или детям, или тем людям которые берут телефон на год-2, телефон неплохой, но минусов достаточно.",otzovik.com,otzovik.com,3.0,2021-07-22,https://www.otzovik.com/review_12203208.html,neutral
"Достоинства: Отличная память и удобен в использовании!!!
Недостатки: Минусов нет!!!
Доброго времени Друзья!!! Хотел бы рассказать о впечатляющем Меня смартфоне Самсунг Галакси А 51 На протяжении уже второго года он не перестаёт удивлять своей постоянной и стабильной работой, выносливой батареей, отличным звучанием громкого динамика, памяти и насыщенности цветовой палитры!!! Очень хорош и для скажем так не маленьких игр - которые весят от одного гигабайта и выше... Прекрасно справляется с заявленными параметрами и превосходным изображением!!! Камера тоже очень впечатляет ))) Качество изображения могут посоревноватся с немногими другими брендами, и Моё мнение что эта моделька очень даже хорошая!!! Благодарю за внимание, надеюсь Вы найдёте полезное в Моём рассказе!!!",otzovik.com,otzovik.com,5.0,2021-07-10,https://www.otzovik.com/review_12156287.html,positive
"Достоинства: - камера - безрамочность - экран
Недостатки: - экран (amoled дисплей)
Всем здравствуйте. Я хочу поговорить о такой марки модели смартфонов, как ""Samsung Galaxy A51"". Сам я стал обладателем такого телефона 1 год тому назад. Поэтому я имею большое (без преувеличения) представление о нем. Во - первых, я хотел бы поговорить о плюсах этой модели. Этот телефон (именитого бренда) относится к маркам бюджетного устройства, но несмотря на то, что для кого то лучше переплатить в 2 раза больше и купить смартфон марки ""Apple"", я расскажу гигантские плюсы смартфона перед более дорогими моделями. Самый большой плюс этого телефона - на нем нет рамок (ни с верху, ни с низу), что дает нам смотреть видеоролики в полный экран, и нам ничего не помешает. Также смартфон снабжен 4 камерами (главная на 48мп). В данном телефоне в лотке под sim - карты целых 3 места (2 sim - карты и sd карта). Ну а сейчас расскажу об экране данного устройства. И тут вытекает минус из плюса. В этом телефон super amoled дисплей (на данный момент с лучшим качеством картинки), но из за насыщенных цветов он очень сильно сушит глаза, что не дает долго проводить время в этом телефоне. Ну а у меня все, если хотите - то подписывайтесь на мой YouTube канал: [вырезано модератором] На нем будут выходить интересные ролики!!! А и да, спасибо, что читаете до конца !!!",otzovik.com,otzovik.com,4.0,2021-06-25,https://www.otzovik.com/review_12097883.html,positive
"Достоинства: Дисплей Диагональ Батарея Софт
Недостатки: Цена
Телефон изначально покупался для работы, но вскоре стал выполнять роль основного смартфона. Лично я, несмотря не весь хейт по отношение современных техноблогеров по отношение к корейцам, очень люблю их устройства. Также у меня наушники от Samsung их взаимосвязь и софт на высшем уровне. Но вернемся к смартфону. Самый обычный смартфон, обладающий всеми функциями, в которых нуждается сегодня человек. Время от времени наблюдались подлагивания, но это мелочи. Очень нравится дисплей телефона. В связке с диагональю просмотр фильмов на нем является одним удовольствием. Объем батареи не самый высокий, но мне хватало на весь рабочий день и вечером еще оставалось процентов 30. Из минусов могу отметить рост цены смартфона. Я брал его за 15990, а когда недавно гуглил дешевле 24000 и не нашлось.",otzovik.com,otzovik.com,4.0,2021-06-20,https://www.otzovik.com/review_12077307.html,positive
"Достоинства: Яркий экран, хорошая камера
Недостатки: Иногда тормозит, но это редко, что-то непонятное с зарядкой
Пользуюсь телефоном уже год и с уверенностью могу сказать то что он стоит своих денег. Среди линейки Galaxy A как по мне один из самых лучших телефонов. Как по мне лучше чем galaxy A50. Отличается от прошлой модели и характеристиками и внешним видом. Фронтальная камера располагается как ""точка"" во время того как играешь или смотришь видео фронтальная камера вообще не мешает. Но спустя год с лишним использования иногда бывает что-то непонятное с разъёмом зарядки. Я вставляю зарядку в телефон и она не заряжает, но спустя примерно 10 минут я опять вставляю зарядку в телефон и она заряжает. Ещё мне нравится то что есть макросъёмка.",otzovik.com,otzovik.com,5.0,2021-06-10,https://www.otzovik.com/review_12037976.html,positive
"Достоинства: 1. Это хороший заряд аккамулятора на телефоне 2. Приятная форма телефона. 3.Довольно неплохой процессор на телефоне 4.Cредняя стоимость телефона в рамках 2021 года. 5.Очень хорошая камера.
Недостатки: 1. Отпечаток сканера может на срабатывать очень редко. 2. Пластиковая задняя крышка смотрится не очень. 3.Отсутствие экрана 90 герц. Наши 60 но зато какие хорошие.
Итак, хочу поделиться с вами своим мнением о данной модели телефона. Мой личный опыт должен остаться в этом отзыве. Покупали в ноябре 20 года. пользуюсь телефоном на этот момент, и активно играю в разные игрушки. Данная модель телефонов существует уже на протяжении 2 лет, и по сей день остаётся часто покупаемой и актуальной. Хотел бы отметить что Самсунг никогда не попадет под санкции, а китайские девайсы могут. За свои деньги идеальный аппарат. Т",otzovik.com,otzovik.com,4.0,2021-06-10,https://www.otzovik.com/review_12037868.html,positive
"Достоинства: Корпус, камера, скорость ,зарядка
Недостатки: Для меня пока нет выявленных минусов
Хотелось бы оставить от себя отзыв об этом смартфоне. Мой прошлый тел был самсунг а31, но я очень хотела айфон, т. к когда-то он уже ц меня был. Так как на данный момент я не могу позволить себе айфлн я Начала искать телефон и нашла этот смартфон а51. В первую очередь он мне понравился внешний. Телефон в голубом цвете, это просто бомба. Я нашла по вкусной цене и приобрела его на 128 гб. Памяти много, это хорошо. Телефон действительно летает, не глючит. Пользуюсь уже четвёртый месяц. Камера очень крутая, чёткая, много режимов для съёмки. Так же много интересных встроенных функций. Но для меня самое главное было это память, камера и заряд. Зарядку, кстати, тоже очень хорошо держит. Так что моя оценка 10 из 10. Всем советую",otzovik.com,otzovik.com,5.0,2021-06-05,https://www.otzovik.com/review_12017452.html,positive
"Достоинства: Яркий дизайн, удобный. Легкий интерфейс
Недостатки: Плохая стабилизация на камере и в целом основная камера для соц сетей снимает плохр
Всем привет! Хочу поделиться своим мнением о смартфоне Samsung A51. На мой взгляд телефон неплохой. По времени использую его 2 год. Нравится, что у смартфона яркий и насыщенный AMOLED дисплей. Диагональ тоже разумная, в руке телефон держать удобно. Неплохая передняя камера. У меня модель в красном цвете, нравится как смотрится. Но минусы у смартфона тоже есть и на мой взгляд они не маленькие. Во-первых, стабилизация основной камеры оставляет желать лучшего и сильно подтормаживает. Это очень сильно раздражает. Во-вторых, при съемке видео в инстаграм качество просто ужасное, как будто на папин ботинок снято. Тоже обидно, все-таки смартфон покупался с хорошей камерой для съемок в соц. сети. Телефон не так уж и плох, но это смотря для каких целей. Если вы ведете активную социальную интернет-жизнь, то к покупке вам его не рекомендую, так как качеством камеры я не довольна",otzovik.com,otzovik.com,3.0,2021-04-27,https://www.otzovik.com/review_11849912.html,neutral
"Достоинства: Яркий экран, красивый дизайн, невысокая стоимость
Недостатки: Пластиковый корпус, нет защиты от воды и пыли.
Приобрел телефон в 2020 году. Гаджет достаточно быстрый, долго работает без подзарядки, дисплей-AMOLED, яркий и красочный дисплей. С полной батареей, со средней нагрузкой работает 17 часов без подзарядки(10 с полной нагрузкой). Отсутствует пыле-влага защита, что для телефонов 2020 году неприемлемо. Пластиковый корпус, который легко поцарапать, особенно боковые рамки. Красивый дизайн, динамик расположен снизу, что является минусом. Выпирающий модуль камеры легко поцарапать. Хороший звук, громкий, но слабая вибрация. После года работы и загруженной памяти медленней не стал.",otzovik.com,otzovik.com,4.0,2021-04-21,https://www.otzovik.com/review_11824470.html,positive
"Достоинства: Экран, цена, камера
Недостатки: Не нашла
В июле 2020 года купила данный телефон. Очень довольна. Зарядка держится в течении дня, пользуюсь интернетом постоянно. Камера крутая. Снимки получаются яркие и живые. Очень нравится экран данного телефона, большой. Так как он безрамочный очень удобно смотреть фильмы и сериалы. В любом магазине и в интернет магазине можно с лёгкостью подобрать защитный экран и чехол на любой вкус. Телефон в руке лежит хорошо, не скользит. И очень порадовала цена данного телефона. Покупала за 22 000р. Всем советую данную модель телефона. Берите и вы не пожалеете. Так же очень круто, что данная модель выпущена в несколько цветах. Телефон падал и без чехла, но корпус целый и не одной царапины.",otzovik.com,otzovik.com,5.0,2021-03-22,https://www.otzovik.com/review_11668691.html,positive
"Достоинства: Внешний шикарный вид,интересная модель
Недостатки: Нехватка памяти, качество фото хотелось бы получше
Сам телефон привлек мое внимание с первой минуты, изящный внешний вид. Посмотрев настройки телефона можно убедиться что в нем достаточно памяти, что не мало важно. Камера для такой цены хорошая, но хотелось бы немного качество фото получше. Купив данный телефон я совсем не пожалела, ведь он стоит своих денег. Да, когда память начинает заканчиваться телефон подвисает, разработчики данной модели должны обратить на это внимание! Ведь компания Samsung уже давно на рынке продаж, а мелкие косяки никак не устранят. Но за такую это отличная находка, модель телефона выполнена на 4+, но для развлечения думаю будет отличный, а вот для работы все-таки будет маловато памяти. Сейчас компания довольно быстро растёт и развивается, недостатки у будущих моделей думаю не будет",otzovik.com,otzovik.com,4.0,2021-02-26,https://www.otzovik.com/review_11546594.html,positive
"Достоинства: -Красивый внешний вид -Удобно лежит в руке -Яркая и красочная картинка -Хорошая камера -Два отсека для сим карты + для карты памяти -Память
Недостатки: -Зависания -Проблемы со связью -Мало держит заряд со временем
Всем привет! Спустя год пользования данной покупкой, я решила написать о своих впечатлениях во время пользования и некоторых минусах, которые я выявила за это время:) Год назад покупала за 19500р в DNS Смартфон обрадовал своим размером, его удобно держать и картинка яркая, красочная. Корпус выполнен из качественных материалов и у него достаточно красивый цвет ( на выбор: белый, красный, черный ) Камера у него 48МПикс, что очень обрадовало за свою цену, а еще обрадовала фронталка в 32МПикс. Телефон имеет фильтр ""красота"", который может выровнять тон, увеличить глаза и уменьшить лицо, а так же много других интересных функций. Качество фотографийу у него почти как у Iphone !! Встроенная память у моего - 64гб ( в магазине есть вариант и на 128гб ). Для меня 64гб маловато, так как очень много программ, фоток(которых в галерее около 300шт!), но свою работу он все равно выполняет. Теперь, мы поговорим о его минусах... Первый минус, который я заметила спустя месяц - это резкое отключение сети/симки( то же самое наблюдала у прошлого своего смартфона Samsung Galaxy J8 ). Второй минус я заметила спустя где-то пол года пользования и это подвисание телефона во время работы с ним. Особенно подбешивает, когда печатаешь текст и буквы нажимаются замедленно( Третий минус, который проявляется, возможно, у всех телефонов - зарядка садится как-то быстро и это заметила тоже спустя пол года пользования.",otzovik.com,otzovik.com,5.0,2021-02-25,https://www.otzovik.com/review_11538986.html,positive
"Достоинства: Анимация, камера
Недостатки: экран
Телефон понравился, красивый дизайн, удобно лежит в руке. Оболочка самсунг мне зашла, анимация крутая (особенно после xiaomi). На экране амолед реально топовая картинка, но после 15 мин настройки телефона у меня начали болеть глаза. На других своих устройствах с ips экраном я часами читал книги и все было хорошо. От этого же экрана в глазах звездочки. И таких людей с чувствительностью к мерцание амолед экранов хватает, но почему все молчат? Есть вариант использовать программу OLED Saver, но батарея садится почти в 2 раза быстрее, предупреждают, что экран после этого выгорит примерно через полгода. Очень хотел перейти на Samsung, но мои глаза не принимают его экран (зрение у меня хорошее, и с другими девайсами таких проблем нет). Посоветуйте телефон с ips экраном до 15 тыс., Потому что ищу этом замену.",otzovik.com,otzovik.com,4.0,2021-02-01,https://www.otzovik.com/review_11394026.html,positive
"Достоинства: Камера. Звук. Большой удобный экран. Внешний вид. Разблокировка отпечатком и лицом. Быстрый.
Недостатки: Пластиковая задняя крышка потрескалась (из-за бесконечной обработки рук спиртом)
Год пользуюсь данным смартфоном. За год использования не обнаружил существенных недостатков. К покупке телефона отнёсся ответственно и посмотрел очень много видеообзоров о нём и подобных смартфонах. Подбирал телефон в ценовом сегменте 18000-23000 и у самсунга А51 были достойные конкуренты, но для меня он был лучшим. Увлекаюсь фотографией, веду фотоблог, и самсунг А51 помог сделать мой блог ярче и красочней. Камера имеет несколько интересных режимов, если узнать ее получше можно научиться делать очень красивые фотографии. Телефон быстрый, за год использования не выдавал ошибок. Звук хороший, а уж качество изображения просто класс! Очень радует наличие разблокировки отпечатком пальца прямо в экране, которая работает очень хорошо. Еще есть разблокировка по лицу, но она не срабатывает в плохо освещенных местах. В чехле непонятно, что телефон пластиковый и выглядит он солидно и современно.",otzovik.com,otzovik.com,5.0,2021-01-26,https://www.otzovik.com/review_11360898.html,positive
"Достоинства: Быстрая зарядка , який насыщенный дисплей , хорошая камера
Недостатки: Распознавание лица,скорость работы смартфона низкая
Всё познаётся в сравнении, поэтому буду сравнивать с тем, чем пользовался ранее - дешёвый Xiaomi за 12к. Сканер отпечатка не быстродействующий. Скорее всего проблема в самой технологии нахождения сканера под экраном. Он менее точный, хуже распознаёт палец и более требователен к кожи: никакой влаги, тёплый палец (на холоде особенно не распознает) и идеальное состояние кожи (если пальцы у вас трескаются либо шелушатся - проходите мимо сразу). Технология распознавания лица тоже плохая. На Xiaomi датчик работал под углом 50 и более градусов, распознавал мгновенно буквально за секунду, я почти перестал использовать отпечаток пальца и никаких ложных распознаваний НЕ было, даже по фотографии. Здесь же часто не узнаёт меня, проверяет долго больше 3х секунд, я вновь начал пользоваться разблокировкой по цифровому ключу... Скорость работы смартфона опечалила! клавиатура появляется с задержкой более 5 секунд В общем к приобретению не рекомендую, особенно учитывая цену аппарата!",otzovik.com,otzovik.com,3.0,2021-01-21,https://www.otzovik.com/review_11331180.html,neutral
"Достоинства: Эргономичность.
Недостатки: слабый прием сигнала, плохое срабатывание датчиков отпечатка и лица, короткий провод зарядки
Доброе время суток. Приобрел данный гаджет изучив отзывы на смену Honor 8. Сразу отмечу наиболее используемую функцию - распознавание по отпечатку пальца и распознаванию лица. Функция распознавания по отпечатку срабатывает плохо 6-7 случаев из 10, а по лицу 50/50, учитывая, что на китайце работало влет 10 из 10 при даже небрежных прикосновениях. Вещь субъективная, но я привык к хорошему срабатыванию. Не скажу что процессор летает, но особо не тормозит. Память 128 - вполне достаточно. Эргономичный, аксессуаров достаточно, батарея при среднем использовании без просмотров кинофильмов хватает часов на 35-40. Шнур зарядки действительно коротковат (не понятно зачем экономили), потому как такого недопровода ранее не встречал пришлось сразу докупать новый, что снижает привлекательность товара. Наушники из прошлого. Звук нормальный. Фотосвойства оценивать не буду, поскольку это не фотоаппарат, но очень сносно. Ну и уровень связи отмечу как низкий(( Упомянутый китаец сигнал ловил намного лучше, а это, согласитесь, самое главное свойство телефона. Вывод такой: Не самая лучшая машинка в мире... если бы не санкции против хуавей и отрезание у них части сервисов остался бы на Honor. В данном случае санкции сработали((. Перед покупкой поизучайте рынок еще.",otzovik.com,otzovik.com,3.0,2021-01-18,https://www.otzovik.com/review_11309387.html,neutral
"Достоинства: Батареи хватает на целый день, шустрый, красивый.
Недостатки: не могу сказать ничего плохого
У этого самсунга довольно красивый внешний вид, но лично для меня он имеет не такое большое значение. Мне данный бренд (не спрашивайте почему, я не знаю, просто нравится), поэтому я пользуюсь только им и сравнивать с другими брендами я не могу. Данная модель самсунга мне нравится тем, что при своей, относительно небольшой стоимости, она солидно смотрится в руке. Минимальная память 64/4 гб., честно вполне достаточно, чтобы комфортно играть в игрушки. Самое замечательное в этом смартфоне то, у него очень хороший дисплей, качество видео и фото просто отменное. Довольно хорошая камера. Телефон напичкан разными прикольными плюшками типа самсунг пей. Очень удобно. Если вам не хочется покупать Iphone, то берите самсунг.",otzovik.com,otzovik.com,5.0,2021-01-16,https://www.otzovik.com/review_11292806.html,positive
"Достоинства: Хорошо держит заряд, мощный, удобный
Недостатки: Нет
Правильное соотношение цены и качества! Заряд держит весь день, не тормозит и не виснет! Понравилось, что есть все способы разблокировки экрана:пинкод, Face ID и отпечаток пальца. Остались довольны дизайном и размером:тонкий, стильный, огромный экран, позволяет без напряжения глаз смотреть фильмы и играть. После покупки почитала отзывы и была очень огорчена большим количеством плохих отзывов, я с ними не согласна. Телефон оправдывает свою цену. Советую к покупке, не пожалеете. В комплекте шло зарядное устройство, наушники. Покупайте сразу стекло и чехол, не убиваемый! Изначально не понравилось, что так много камер, а сейчас уже привыкла.",otzovik.com,otzovik.com,5.0,2021-01-12,https://www.otzovik.com/review_11268331.html,positive
"Достоинства: Экран, камера, искусственный интелект, pay
Недостатки: Не обнаружила
Всем привет! Сегодня хочу написать свой отзыв о телефоне Samsung galaxy A51, данный телефон появился у меня где то около месяца назад. Первое что хочу отметить это экран телефона, он большой, очень понравился искусственный интеллект, который позволяет делать селфи не напрягаясь, не надо судорожно искать и нажимать кнопку пуск, что бы сделать фотографию, достаточно взмаха руки и прекрасное фото готово, качество снимков тоже отличное. Радует Samsung pay, который позволяет не носить с собой большое количество бонусных и клубных карт из окрестных магазинов. Передача звука прекрасная, звонок громкий, динамики отличные, батарею держит двое суток, так что всех кто задумался о покупке телефона очень советую!",otzovik.com,otzovik.com,5.0,2021-01-11,https://www.otzovik.com/review_11259201.html,positive
"Достоинства: Огромная диагональ экрана, высокое разрешение, хорошая производительность, современный дизайн.
Недостатки: Плохое звучание динамиков, посредственное качество фотокамер.
Очень хороший смартфон за свои деньги. Встроенный отпечаток пальцев в экран, большая диагональ дисплея, очень тонкие рамки экрана делают работу с текстами очень эффективной и удобной. За свою стоимость у телефона очень хорошие технические характеристики, благодаря которым он поддерживает большинство мобильных игр и приложений. Но мне у этого смартфона не нравится, как звучат динамики и это сильно портит впечатление об устройстве. Современный дизайн этого телефона радует своим качеством сборки. В целом это очень хорошее устройство за свои деньги, за исключением небольшого количества минусов.",otzovik.com,otzovik.com,4.0,2021-01-10,https://www.otzovik.com/review_11255607.html,positive
"Достоинства: Красивый дизайн,лёгкий,бюджетный,очень мощный,быстро заряжается,медленно тратит зарядку,встроенный много полезных функций.
Недостатки: Камера хоть и хорошая,но видео снимает не очень.
Смартфон покупал в апреле 2020года Пользуюсь почти год, пока ведет себя очень даже хорошо. Мой на 128гб, этого хватит на долго, но можно ещё встроить дополнительно гб. Заряд держит долго. Телефон покупался для ежедневного использования. В руке сидит хорошо. Самые топовые игры 2020года на максималках. Разъём не ломался, заряжается так же быстро, как при покупке. Ношу в чехле, поэтому без садин, но его будет сложно уронить, из за материала.",otzovik.com,otzovik.com,5.0,2021-01-06,https://www.otzovik.com/review_11232692.html,positive
"Достоинства: Большой объем памяти, долгое время держит заряд батареи,качество фото
Недостатки: Дешёвая комплектация
Телефон очень достойный, купила себе в августе, хожу, ничего не тревожит, отлично держит заряд батареи, камера достойная и фронтальная, и основная. Цвета телефона красивые, экран большой и хорошо передает цвета, насыщенно Хорошая производительность, тянет любые игры. Отпечаток расположен на экране, работает на оценку 3, так как не всегда с первого раза, но это не беда, ведь есть фейсАйди, который хорошо работает. Лучше сразу покупать чехол, ведь корпус из пластика и легко поцарапать. В комплекте зарядное устройство, наушники, прилагаемые документы и сам телефон. Зарядка хорошая, служит до сих пор, ни разу не подводила, наушники на 4, сделаны из дешёвого пластика, но при этом достаточно громкий и качественный звук. В целом всем довольна, телефон рекомендую, покупайте, пользуйтесь, не пожалеете",otzovik.com,otzovik.com,5.0,2020-12-25,https://www.otzovik.com/review_11180913.html,positive
"Достоинства: Цена-качество. Брендовый
Недостатки: Слабый аккумулятор.
Фирменные черты дизайна и не стыдные технические характеристики подкупали тех, кто хотел подешевле, но избегал китайскую продукцию. Технические характеристики Samsung Galaxy A51 впечатляют. Весь корпус устройства выполнен из пластика. Задняя крышка отчаянно притворяется стеклом, а рамка металлом. На лицевой поверхности красуется отличный 6,5 Super AMOLED-дисплей с разрешением 2400x1080 пикселей. 32-Мп фронтальная камера вписана О-образный вырез с тончайшей серебристой окантовкой, в то время как камеры прошлых моделей имели куда более заметную каплевидную форму. Такое решение не съедает лишней площади экрана, не бросается в глаза и в целом выглядит неплохо. Плавно скошенные узкие рамки приятны как внешне, так и на ощупь. Хороший дисплей – это одна из наиболее ярких черт Galaxy А51. Цвета – цветастые, черный – очень черный и энергосберегающий, а яркости вполне достаточно для взаимодействия с устройством под ярким солнцем. Основной блок камер Samsung A51 включает 4 объектива: 48-Мп сенсор Samsung S5KGM2 со светосилой f/2.0,12-Mп сверхширокоугольный объектив со светосилой f/2.2 и углом захвата 132,5-Мп макро-объектив со светосилой f/2.4 и 5-Мп сенсор глубины для симуляции эффекта боке. Фотографии получают большую детализацию и имеют запас для дальнейшего зума.Galaxy A51 совершенно точно нельзя назвать камерофоном. Пусть он и старается попадать в цвет, временами грешит перегибами в тот или иной оттенок. При ближайшем рассмотрении становятся заметно замыливание деталей – лес на примерах фото превратился в сплошное зеленое пятно. Ночные фотографии получаются так себе: шум и потеря деталей. Датчик глубины обеспечивает неплохой эффект размытия и активируется в режиме «живой фокус». За автономность работы устройства отвечает аккумулятор на 4000 мАч. Стандартное 15 Вт зарядное устройство обеспечивает следующую скорость заряда: 10 мин – 12% | 30 мин – 33% | 60 мин – 65% | 102 мин – 100%. Не самая быстрая зарядка. Моно-динамик телефона выдаёт громкость и качество, достаточные для хитрого рингтона. При очень большом желании можно даже музыку на них вывести, но в этом случае не стоит поднимать громкость выше ~70%. Если прислушаться, на последних 30% динамик просит убить его.Samsung Galaxy A51 – типичный середняк широкого потребления.",otzovik.com,otzovik.com,4.0,2020-12-24,https://www.otzovik.com/review_11174563.html,positive
"Достоинства: Дизайн, камера, скорость
Недостатки: Звук! – при включении на большую громкость искажается, слышится еле еловимый треск
Всем читателям моего отзыва доброго времени суток! Муж подарил на праздник смартфон. Сразу привлек внимание интересный дизайн, сам корпус белого, перламутного (переливающегося) цвета. Выглядит стильно, красиво. Как супруг говорит: – ""Дорого-богато!"" К смартфону прилагаются наушники (самые обычные) и зарядное устройство, состоящее из блока и переходника. Очень порадовала память устройства, на 128 Гб. Смартфон довольно шустрый. Удобно держать в руке. По звуку – достаточно громкий. На счёт звука в смартфоне – при громком прослушивании музыки, слышен лёгкий, еле-уловимый ""треск"". Поэтому при оценке его, снимаю одну звёздочку за качество. Но в остальном претензий к нему у меня нет. В общем, осталась довольна подарком. Благодарю за внимание!",otzovik.com,otzovik.com,4.0,2020-12-15,https://www.otzovik.com/review_11119901.html,positive
"Достоинства: Нету
Недостатки: Ничего кроме минусов!
Сменил А8 на А51. Прежним смартфоном был доволен, каждые два года меняем с женой. Самсунгу не изменяли, но сейчас последний текст я пишу именно с него, потому что разобью его об стенку. Качество пластика дешевле, чем на самой китайской игрушке, экран треснул на вторую неделю фиг пойми из-за чего, но случай не гарантийный! Не понятно из-за чего подтормаживает, даже не хочу разбираться- по мне так: я заплатил свыше 20к и эта штука должна работать! Людей люблю и уважаю, никому не желаю зла и уж тем более это нечто! Телефон разобью!",otzovik.com,otzovik.com,1.0,2020-12-13,https://www.otzovik.com/review_11107876.html,negative
"Достоинства: Хороший, удобный телефон за приемлемую цену
Недостатки: Нет
Здравствуйте, хочу рассказать о телефоне samsung A51, которым я пользуюсь уже как год и очень им довольна. Телефон я выбрала чёрного цвета, у него пластиковый ""блестящий"" нескользкий корпус Экран плоский, тонкая рамка без изгибов. Кнопки звука и вкл/выкл телефона находятся с правой стороны, а места для 2 симок слева и сверху, что очень удобно. Сам телефон средний по размерам, легкий, удобно носить в кармане и держать в одной руке, при просмотре видео и тд. Так же имеется 4 основных фронтальных камеры, и одна селфи. Снимки получаются хорошие, качественные, яркие. Аккумулятор ёмкостью 4000 мАч с быстрой зарядкой, мне хватает на день, при этом часто сижу в телефоне. На морозе не разряжается быстро. В целом телефоном очень довольна и советую тем, кто хочет приобрести недорого, но качественно.",otzovik.com,otzovik.com,5.0,2020-12-02,https://www.otzovik.com/review_11044770.html,positive
"Достоинства: нет
Недостатки: Хрипит динамик, тормозит
Решили купить телефон. Обратившись в офис компании Билайн в г. Фрязино М. О. нами был рекомендован данный телефон. Телефон оказался с браком. Компания Билайн отказалась обменять телефон хотя 14 дней еще не прошло. Предлагают чтоб мы обратились Самсунг для ремонта. На что Самсунг говорит чтоб мы обратились в Билайн для обмена или возврата. Вообщем понятно никто ничего не поменяет и не вернет. А самсунг как делал плохие телефоны так их и делает. Никогда более, никто не убедит купить меня телефон данного производителя.",otzovik.com,otzovik.com,1.0,2020-11-19,https://www.otzovik.com/review_10969242.html,negative
"Достоинства: Классный экран, функция стабилизации
Недостатки: Отпечаток пальца иногда не работает
Пользуюсь с с начала июля месяца, за это время поломок не было, только била защитное стекло. Производительность высокая, камера нормальная, функция видео и стабилизация супер! Отпечаток пальца не всегда откликается. Функция раздвоения экрана сделала работу проще, удобно. Большой экран, отлично смотреть фильмы. Звук динамиков супер, нет вопросов и к скачиванию и обновлению приложений. Обновления к самому смартфону и его системе выходят часто, если ошибки были- устраняются. Цвет тоже нравится) Зарядку держит долго, даже если пользоваться соц. сетями. Все фукнции хорошо работают, браузер, соц. сети, интернет.",otzovik.com,otzovik.com,5.0,2020-11-02,https://www.otzovik.com/review_10872048.html,positive
"Достоинства: Красивый дизайн Удобен в руке Четкая камера
Недостатки: Отпечаток пальца не хочет с первого раза выполнять свои функции(даже при правильном положении пальца.проверяла сто раз) Быстро садится батарея
Впервые взяла А51 самсунг. По сравнению с тем же айфоном, да даже Huawei был наааамного ресче. Сдесь же отпечаток снимается раза с 3го дай бог, батарейка садится быстро. Переход на экране к примеру м рмбочего стола на камеру думает секкрд 5-7. Это дооооолго не один мой телефон так не работал, как этот((( Жалею. Взяла впервые самсунг попробовать. Лучше бы не брала.",otzovik.com,otzovik.com,3.0,2020-10-18,https://www.otzovik.com/review_10793950.html,neutral
"Достоинства: Хорошая камера Долго держит заряд Красиво смотрится Яркий сочный экран
Недостатки: Нет
Купила телефон не так давно но уже многое могу сказать, телефон хороший, я очень довольна, красиво выглядит, приятно лежит в руке, зарядки хватает на сутки при постоянном использовании, разблакировка при помощи сканера отпечатка пальца и распознавания лица, есть приложение которое позволяет платить картой, совсем забыла что такое кошелёк, что касается камеры, делает неплохие снимки при хорошем освещение получаются круты фотографии, можно сделать селфи без рук, показав ладонь, есть функция смартфон для детей, которая позволяет ребёнку играть в игры делать фотографии звонить и при этом не залезти в вашу информацию.",otzovik.com,otzovik.com,5.0,2020-10-03,https://www.otzovik.com/review_10722575.html,positive
"Достоинства: Очень классный телефон. Камеры отличные. Телефон превзошел все мои ожидания. Не пожалеете
Недостатки: Иногда отпечатка пальца не сразу срабатывает Осознавание лица тож срабатывает не с первого раза
Купил год назад, дизайн мне понравился, камера супер, Android 10 класс, боковая подсветка мне очень понравилась. Экран хороший. Камера просто шикарная, фотографии как живые. Фронтальная камера встроенная в экран, сзади встроен 4 камеры отличного качества мне понравилась. Насыщенные яркие цвета при фото и видеосъёмке. Мне были важны разные режимы фото и видеокамеры, качественно и ярко снимает ночью большой объем оперативной памяти . Телефон хороший. Экран яркий, разрешение отличное, батарея держит заряд нормально в руке держать удобно, комфортно, дизайн классный за такие деньги. Есть функции двойного экрана для работы в 2-х приложениях сразу, особенно необходимо с документами. Для меня было очередным подтверждением, что Samsung лучший. Экрана у телефон прочный уронил несколько раз в асфальт и битон. Таж из первого этажа уронил, телефон без царапины только защитное стекло сломалось. Красивый дизайн задней крышки, однако ест минус задняя крышка быстро царапется и его заметно Без чехола телефон царапается. Можно сказать шикарный аппарат за свои деньги, но постоянно куда-то уходит почти вся оперативная память не понятно на что на какие-то активные службы и процессы. Приходится два-три раза кликать по оптимизации, чтоб её освободить.",otzovik.com,otzovik.com,5.0,2020-09-28,https://www.otzovik.com/review_10697168.html,positive
"Достоинства: До случая с ""пятном"" устройство работало в соответствии с заявленными характеристиками
Недостатки: Как оказалось очень хрупкий экран.
После полугода эксплуатации на экране появилось фиолетовое пятно и стало быстро разрастаться по экрану. В гарантийном обслуживании откали сославшись на механические повреждения. На корпусе и экране никаких повреждений нет. Я не знаю как можно так повредить телефон. Он не падал и не намокал. Эксплуатировался в чехле. И вот вдруг пятно и попадало на 9000 руб. Прежде чем покупать почитайте об этой проблеме. Это довольно распространённый случай с телефонами Samsung и во многих случаях владельцы телефонов не знают как причинили такие повреждения и в большинстве случаев по гарантии отказ. Вот такая неприятность случилась с экраном Экран целый без трещин и царапин",otzovik.com,otzovik.com,1.0,2020-09-24,https://www.otzovik.com/review_10682437.html,negative
"Достоинства: Емкая батарея на 4000мА/ч Хорошая камера Прочный и красивый корпус Хороший экран Модуль NFS Быстрая зарядка
Недостатки: Маленькие кабель Нет чехла в комплекте
Купил его в магазине цифровой электроники 2 месяца назад. За всё время использования были маленькие нарекания, об этом и поговорим. Во-первых, иногда подвисает клавиатура когда быстро набираешь текст в браузере. Во-вторых, сильно греется корпус при просмотре видео из ВК. Так же очень сильно раздражает тот факт что можно зарегистрировать всего 3 отпечатки пальца, это не удобно. Теперь к плюсам, которых несомненно больше. Первый плюс это камера. Она отлично справляется с разными условиями съёмки. Можно качественно снимать как фото так и виде, а в последнем случаи цифровая стабилизация значительно упростить вам жизнь . Мощный процессор с 4гб памяти(в моем случае ) позволяет играть в довольно затратные игры, а также делать монтаж видео и фото. Ёмкая батарея заряд держит долго, а быстрая зарядка, которая способна зарядить телефон на 50% менее чем за 30 минут спасает во многих ситуациях . Очень хороший экран с качественной передачей цвета, и даже в яркий солнечный день у вас не возникнет проблем с видимостью.",otzovik.com,otzovik.com,5.0,2020-09-06,https://www.otzovik.com/review_10602403.html,positive
"Достоинства: Большой экран,регулировка яркости фонарика,NFC,мощная аккумуляторная батарея,мощный процессор
Недостатки: Тяжёлый вес,слишком большая яркость.
Здравствуйте, хочу посоветовать вам телефон под названием SAMSUNG A 51 Я совсем недавно приобрёл этот замечательный телефон, я им пользуюсь два месяца. И скажу вам что я не вижу в нём не одного минуса. Это мощный телефон, в котором стоит аккумуляторная батарея на четыре тысячи ампер В наборе к телефону идёт оригинальные наушники и оригинальный зарядка Экран достаточно большой, а сам телефон не смотря на такой большой экран, очень удобный. В этом телефон есть куча нужных функций. Например регулировка фонарика, что очень удобно при экономии заряда батареи, есть NFC тоже удобно для того чтобы расплачиваться по телефону в касание, это не принесёт никаких неудобств",otzovik.com,otzovik.com,5.0,2020-09-04,https://www.otzovik.com/review_10594516.html,positive
"Достоинства: Камера и не одна!Качество фотографий супер
Недостатки: Батарея, хотелось бы помощьнее.
Сканер отпечатка пальца на экране, имеется сканер лица. Диагональ экрана 6,5"" - идеально для женской руки. Большой, но при этом и удобно держать в руке. Красный цвет смотрится очень стильно. Батарея 4000 мА*ч держится при активном пользовании около 2 дня. В комплекте идут обычные белые наушники. Вот, что про камеры (их 4 штуки): Разрешение камеры 48+12+5+5 Мпикс Встроенная вспышка Автофокус Zoom цифровой 8х Разрешение фронтальной камеры 32 Мпикс Фотографии просто как с картинки получаются, такие четкие, просто классЕсть, кстати функция макросьемки, что тоже радует))) Видео можно записывать как в ускоренном, так и в замедленном виде. Звук мультимедиа динамика громкий и в меру чёткий. Ну вроде все, что вспомнила перечислила. Телефоном довольна, могу рекомендую особенно любителям фотографировать и снимать видео)",otzovik.com,otzovik.com,5.0,2020-08-28,https://www.otzovik.com/review_10565420.html,positive
"Достоинства: Одни плюсы.
Недостатки: Пользуюсь больше трех месяцев. Не нашел.
Сам давно являюсь фанатом марки самсунг. Начинал пользоваться их товаром еще с кнопочных телефонов. Глаз пал на самсунг гэлакси А51. Да и скидка на него была. Пользуюсь им более трех месяцев. Обошелся данный аппарат в 20 тысяч рублей. Цена адекватная для такого телефона. Довольно мощные внутренности. 8ми ядерный проц по 2300МГц. Оперативная память составляет 6 гигов, а встроенная 128. Есть nfc. Но сейчас этим никого не удивишь, как и отпечатком пальца. В нем он тоже есть. Амолед экран и диагональ 6,5. Безрамочный. Очень, очень хороший экран. Яркий. Четкий. Отличная камера. Их там 4 штуки. 48,12,5,5 мегапикселей. Ооооочень хорошая камера. Восьмикратный зум, что никак не портит качество фотографий. Фотки получаются очень даже о го го. Снимает в 4к разрешении, что тоже радует. Приятно смотреть если вы скидываете видео на компьютер, то меня поймете, о чем я. Фронтальная камера ничуть не хуже. Она 32 мегапикселя. С такими камерами, что передняя, что фронтальная с таким качеством можно даже фильмы снимать))) Очень подойдет тем, кто снимает свои блоги. Свежий 10 андройд. По существу. Телефон я бы не сказал, что тяжелый. Очень удобно лежит в руке. Тонкий. Не тормозит. Не глючит. Памяти полно. Можно обкачаться приложениями. Тянет все игрушки. Без тормозов. Меня слышно очень хорошо, как и собеседника. Быстрая зарядка очень радует. Придраться не к чему. Очень рад покупкой. Если решили брать именно этот телефон. Берите не раздумывая.",otzovik.com,otzovik.com,5.0,2020-08-20,https://www.otzovik.com/review_10526746.html,positive
"Достоинства: Отличные технические характеристики, 4 камеры, большая память, большой объём батареи.
Недостатки: Несколько дешёвая комплектация.
Доброго времени суток уважаемые авторы и гости сайта! Сегодня расскажу Вам о своём новом телефоне. Но, так как я люблю всё расставлять по пунктам, то начну в том же порядке, в котором описываю телефоны. 1. Упаковка не оставила меня равнодушным, напротив, очень даже расстроила. Я понимаю, что серия А не является топовой, но нельзя же так пренебрежительно относиться к клиентам. Сегодня купил А, а завтра S, но если человек купил гаджет от Самсунг впервые и напал на такое отношение, вряд ли он захочет покупать потом ещё что либо. Теперь подробнее. В предыдущем отзыве я описывал модель Galaxy S7, ту коробочку было приятно держать в руках и если честно, я оставил её себе и держу в ней всякие мелочи типа наушников и так далее. Эту же стоит хранить только ради гарантии. Даже на фото видно, из какой бумаги она сделана. Ну да ладно, коробка не самое главное!) Комплектация чуть не заставила меня заплакать... Я наверное просто отвык от такого ужаса, так как в последние годы были только Гэлэкси. Зарядное устройство Проводная гарнитура Ключ для открытия слота под сим карту Конечно же сам телефон и всякие бумажки Собственно все то, что было и в Смартфон Samsung Galaxy S7, но не совсем такое.",otzovik.com,otzovik.com,3.0,2020-08-20,https://www.otzovik.com/review_10524649.html,neutral
"Достоинства: Долгая зарядка, NFC система, крепкие стекла, хорошие камеры.
Недостатки: Пока не заметила.
Мне подарили этот телефон недавно, буквально 3 месяца назад, но за этот небольшой срок пользования, могу сказать, что телефон оправдывает свою цену и описание. 1. Крепкое стекло экрана и задней части. 2. Присутствует NFC система, позволяющая производить оплату без карты. Сразу встроено приложение Samsung Pay. Значит Google Pay скачивать не нужно. 3. Потрясающие камеры. 48 и 32 мегапиксилей. 4. Мощная зарядка на 4000 мАч, позволяет целый день играть в телефон, не подзаряжая. Быстро заряжается. 5. Телефон поддерживает хорошие игры. Мощный игровой процессор.",otzovik.com,otzovik.com,5.0,2020-08-12,https://www.otzovik.com/review_10488265.html,positive
"Достоинства: Фото,большой яркий дисплей, очень яркий фонарик
Недостатки: Видео камера
Всем привет, вот и настало время для покупки нового телефона ( предыдущий был Sony Z3). Телефон особо дорогой не хотелось, так как появился ребёнок и со временем думаю, телефон будет не раз падать))) но хотелось бы хорошую камеру и что бы она всегда была под рукой по той же причине))) Не очень долго я выбирала, хотела именно самсунг, так до этого этой маркой не пользовалась, а цветопередача у них всегда была хорошая ( яркие, сочные цвета). После 2 месяцев использования решила написать отзыв. Фотографии на данном аппарате получаются хорошие, яркие, есть в настройках разные фишки для фотосъёмки и видеосъемки ( она оказалось не очень по сравнению с предыдущей сонькой), сенсор достаточно шустрый, да и сам телефон быстро реагирует на мои действия, батарею держит хорошо, громкость звонка хорошая ( но у меня практически всегда телефон на вибро стоит, так как маленький ребенок). Вообщем все свои функции телефон выполняет на отлично, не виснет, не глючит. Если есть какие то вопросы пишите, отвечу)))",otzovik.com,otzovik.com,4.0,2020-07-29,https://www.otzovik.com/review_10420763.html,positive
"Достоинства: Дисплей, nfc, автономность
Недостатки: материалы корпуса, цена, камера, сканер отпечатка пальца
Всем привет. Я тоже приобрел себе этот телефон на тест. Я хотел бы рассказать о вещах, которые меня больше всего раздражают в этом телефоне. Ну, что погнали: топ 5 минусов Samsung Galaxy a51 Я осознал когда держал телефон в руках и осознал, что он полностью сделан из пластика. Они хоть попытались его сделать необычным своими расцветками. Ощущается очень дёшево. Телефон очень скользкий. Царапины на корпусе и экране оставляются легко и непринуждённо. Носил, как и многие в кармане джинс, иногда с ключами от машины. Без чехла и стекла защитного, это будет боль. Замена экрана на телефоне, будет стоить очень дорого, потому что экран здесь установлен Super Amoled, его замена будет вам стоить около 8000 руб. Его заказывают и нужно ждать, пока он приедет, придётся убить 2 недели, как минимум Отпечаток пальца работает отвратительно, лучше бы его совсем не ставили. Срабатывает не чётко и не всегда, что очень раздражает. Ещё одна боль - это камеры. Не все используются. Не снимает в 4К за такую цену. Тот же редми ноут 8 про, который стоит на 4000 т. р. дешевле, он имеет специализацию электронную, снимает в 60fps 4K 30fps. Фотографируют камеры, для соц сетей хватит вполне. А если установить камеру от Google, то камера оживает. Парадокс. Ещё твёрдый минус это звук из динамиков. Нет даже стерео. Качество динамика оставляет желать лучшего, лично моё мнение. Большой аккумулятор на 4000, быстрая зарядка. Вот такой у меня почему-то обзор телефона, в целом хороший качественный, но блин дороговатый.",otzovik.com,otzovik.com,4.0,2020-07-24,https://www.otzovik.com/review_10393369.html,positive
"Достоинства: Хорошая батарея, быстрая зарядка, дисплей, тонкий, цена.
Недостатки: После 2-3х месяцев эксплуатации начал иногда тормозить и нагреваться.
Телефон Samsung Galaxy A51 я покупал 2-3 месяца назад, за все время у меня сложилось отличное впечатление как на телефон и взгляд на компанию Samsung, до этого был плохого мнения о ней. Телефон а51 приобретал для общения и просмотров фильмов, пробовал играть на данном смартфоне (тяжелые) игры, но сразу начинались фризы и подлагивания, а в основном все хорошо тянет. После 2х месяцев, на задней крышки, появились мелкие коцки, на белой крышки это не столь заметно, телефон использую без чехла и защитного стекла. Покупал телефон с 64 гб, на данный момент у меня осталось около 100 мб, хотя у меня скачено мало приложений и фотографий, берите сразу на 128 гб. В общем, телефон Samsung Galaxy A51 меня порадовал.",otzovik.com,otzovik.com,4.0,2020-07-15,https://www.otzovik.com/review_10352782.html,positive
"Достоинства: Дизайн, размер диагонали, камеры, ОЗУ 6 Гб, тонкий, с малым весом.
Недостатки: Не обнаружено
Итак SAMSUNG A51. До покупки данной модели пользовался HONOR 10. Почему то мне нравились эти производители из-за хорошей оснастки оборудования. Не пользовался корейским Самсунгом никогда. Но вот подвернулся случай и по акции взял данную модель. Посмотрел характеристики и был серьезно впечатлен как далеко продвинулись корейцы в области оснащения бюджетных смартфонов столь реальными новшествами. Приятный на ощупь, статный размер диагонали экрана, функциональность на высшем уровне. Не буду описывать все технические характеристики (они есть на многих сайтах), восхитило лишь наличие 4-х камер с огромным разрешением. Снимки очень качественные и четкие. Даже фронтальная камера для съемок селфи равна 48 Мп. Оперативки хватает, чтобы тянуть все игры предназначенные для смартфонов. Удобны интерфейс и безопасность (отпечаток пальца) прямо на фронтальной стеклянной панели. Не надо искать нишу для проводки пальцем, как это сделано на большинстве моделей современных смартфонов. Короче говоря, если нужен хороший и недорогой (цена по акции была что о в районе 20 тысяч рублей) смартфон то это однозначно SAMSUNG A51. Спасибо что дочитали до конца.))",otzovik.com,otzovik.com,5.0,2020-06-18,https://www.otzovik.com/review_10218968.html,positive
"Достоинства: Неплохая камера Хороший аккумулятор Отпечаток пальца Хорошо лежит в руке 2 sim-карты
Недостатки: Размер
Искала телефон с хорошей камерой и аккумулятором. Доверяю только проверенным производителям. По характеристикам, практически не отличается от Samsung galaxy A71, а цена значительно меньше. В темноте довольно неплохо снимает. Поначалу казалось, что диагональ смартфона слишком большая, что будет падать из рук, но на деле отлично лежит в руке, не скользит. Если нужна профессиональная камера, не уверена, что он подойдет. Покупкой осталась довольна на все 100%.",otzovik.com,otzovik.com,5.0,2020-06-16,https://www.otzovik.com/review_10210716.html,positive
"Достоинства: Дизайн
Недостатки: Камера, если вам важна камера, 10 раз подумайте перед покупкой!
Меня снова разочаровала компания самсунг! Я всей душой любила смартфоны самсунг, до покупки модели А5 2017 (это отдельная тема, речь ни о нем), через месяц использования продала и купила хонор 10 с этим телефоном сроднилась, продавать было жалко, но заряд плохо держал и пора было менять телефон и я решила вернуться к самсунгу. Ходила и выбирала долго, а 51 хотела, 4 же камеры! И у знакомых на самсунгах, судя по инстаграмму камера хорошая! Так вот, никакая она не хорошая, фронталка так себе, хонор в 1000 раз лучше, основная лучше немного хонора, ключевое слово ""немного"", цветопередача неестественно, цвета тёмные. Про отпечаток говорить не буду, на него жалуются все и я не исключение. С зарядкой тоже ничего сверхъестественного. И ещё он медленный, имею ввиду, загружается значительнее медленней, чем предыдущий телефон. Короче за эти деньги лучше взять сяоми или хонор. Из плюсов только дизайн!",otzovik.com,otzovik.com,2.0,2020-06-09,https://www.otzovik.com/review_10174557.html,negative
"Достоинства: Размер экрана Яркость Видео/фото съемка Звук
Недостатки: Отпечаток пальца срабатывает через раз
Достойный смартфон за свои деньги. Качество фотографии не хуже apple, а где-то даже лучше. В функциях видеосъемки есть все необходимое, а так же макросъемка, замедление видео, портретная съемка и т. д. Совет: берите сразу на 128 гб, 64 малова-то. Качество изображения отличное. Смотрю на телефоне сериалы, более чем устраивает. Размер экрана самое то, не большой-не маленький. Яркость изображения на высшем уровне. Условия безопасности телефона на 4, не всегда срабатывает отпечаток пальца, но это не критично. Звук качественный, в комплекте идут самые обычные наушники. Покупкой полностью довольна!",otzovik.com,otzovik.com,5.0,2020-01-27,https://www.otzovik.com/review_10102214.html,positive
"Достоинства: Выбор цветов.
Недостатки: Минусов нет!
Всем привет! Хотела бы написать своё впечатление об этом смартфоне! Как многие знают, фирма ГАЛАКСИ очень популярна среди многих любителей техники. Так вот, купил телефон этой фирмы в прошлом году, очень понравился. Удобен в пользовании. Классный дизайн. Больше всего понравилось, что у этого смартфона почти нет рамок. Можно найти любой цвет самого телефона. Вообще, в последнее время почему-то очень нравятся телефоны именно этой фирмы. Думаю, что многие будут со мной согласны. Эта фирма никогда не устареет. Всем рекомендую данную модель телефона. Купите и ни разу не пожалеете! Плюсов очень много. Минусов нет!",otzovik.com,otzovik.com,3.0,2020-01-19,https://www.otzovik.com/review_10052339.html,neutral
"Достоинства: Просто самый лучший телефон на свете, включил и он работает.
Недостатки: нет
Обалденный телефон!!! Сменила на него свой А6+. Телефон просто супер зарядился от 0 до 100 за 2 часа на ускоренной зарядки будет ещё быстрее. Заряда хватает на весь день при активном использовании вечером зарядила на следующий день пользуюсь снова до вечера. Камеры просто бомба. Однозначно рекомендую за такую-то цену. Пользуюсь второй день. Не знаю как у других, но почему то приложения смогла загрузить только с мобильным интернетом, через вай фай не грузились, какую то программу для этого тоже нужно установить, что бы обновления и приложения в гугл плей можно было загружать по вай фай. Со временем думаю разберусь. Фото очень даже не плохие, селфи отличное. Сложно найти пока защитное стекло, если есть, то очень дорого.",otzovik.com,otzovik.com,5.0,2020-01-17,https://www.otzovik.com/review_10040243.html,positive
"Достоинства: 8-ядерный процессов, хорошая камера , отличная скорость
Недостатки: Из минусов наверное только то ,что для есть лишние функции которые мне не нужны и которыми я не пользуюсь , кому-то может и пригодится
Первым делом я обратила внимание на дизайн нового Samsung galaxy A51, большущий и безрамочный экран, а сзади переливающий, радующий глаз корпус, от вида которого даже не хочется покупать какой то цветной чехол, чтобы не закрывать перелив цветов, чем-то напоминающий хамелеон. Приложения работают отлично, скорость потрясающая все летает, 8-ядерный процессор, для игр самое то. Камера впичатлящая. В целом, он стоит своих денег.",otzovik.com,otzovik.com,5.0,2020-01-14,https://www.otzovik.com/review_10024116.html,positive
"Достоинства: Шикарный большой дисплей ,р Автономность ,Камера ,Доступный,Отпечаток под экраном ,Шикарный внешний вид ,соотношение Цена -Качество.
Недостатки: Средний динамик воспроизведения , качество материалов использованных при изготовлении смартфона (пластик).
Покупал данный смартфон сомневаясь в выборе между целым рядом смартфонов в данном классе. В итоге остановился на нем, о чем ни секунды не пожалел. Смартфон шикарный, свою цену оправдывает на все 100 % процентов. Новая оболочка самсунга на 10 андройде, имеет самый широкий функционал и простой для взаимодействия с ней из всех оболочек которыми я пользовался, очень грамотно все реализовано ничего лишнего, все очень легко и просто настраивается под себя. Экран смартфона это просто космос, яркий, сочный амолед, ну нету за такую цену таких экранов в смартфонах с вырезом как во флагманских моделях от самсунг. Пользуюсь уже четыре месяца и не нарадуюсь с каждым днем открываю для себя только с лучшей стороны. Батареи смартфона при тяжелой нагрузке хватает на целый день. Снимает телфон как крепкий середнячок. Отпечаток телефона отрабатывает на ура (если имеются проблемы со скоростью работы и распознанием отпечатка, попробуйте один простой лайфхак настройте все варианты отпечатка на один и тот же палец ). Опять таки, нету телефонов без минусов и в нем они имеются, я выделил только два. Достаточно средний динамик для воспроизведения аудио и посредственное качесто материалов смартфона (он сделан из пластика и это ощущается ). Но плюсы с лихвой покрывают те два маленьких минуса, обусловленых низкой ценой смартфона, на чем то же Самсунг должен был сэкономить. Оценка 9/10",otzovik.com,otzovik.com,5.0,2020-01-05,https://www.otzovik.com/review_9964357.html,positive
"Достоинства: Красивый дизайн, хорошая камера
Недостатки: Пластиковая задняя крышка, простенькие наушники в комплекте
Всем здравствуйте! Хочу оставить коротенький отзыв о преобретенном 2 месяца назад телефоне Самсунг А51. На первый взгляд это очень даже неплохой телефон, с красивым дизайном. Ранее на протяжении 7 лет я пользовалась айфоном. Потом я решила купить себе новый телефон. Зашла я в салон сотовой связи Билайн и увидела Самсунг А 51. Дизайн конечно у этого телефона шикарен. Смотрится он на много дороже, чем на самом деле.( покупала я его за 19990). Камера у Самсунга хорошая, получаются красивые насыщенные фотографии. Фронтальная камера тоже не плохая. Батареи при активном пользовании телефоном хватает на 2 дня. В первое время было конечно тяжеловато с айфона привыкать к андроиду. Для этого мне понадобился примерно месяц:)))В принципе очень даже неплохой телефон.",otzovik.com,otzovik.com,4.0,2020-04-28,https://www.otzovik.com/review_9924236.html,positive
"Достоинства: Дизайн, качество сборки, автономность, хорошая камера для своей цены
Недостатки: Сканер отпечатка встроенный в экран работает медленно и не всегда точно
Хочу поделиться с Вами своими впечатлениями о данном смартфоне. Постараюсь изложить свои мысли кратко и ясно... На внешнем виде долго зацикливаться не буду, скажу только то, что он полностью изготовлен из пластика, что соответствует ценовой категории, но выглядит смартфон не дёшево, стыки подогнаны четко, ничего не скрипит и не болтается. Задняя крышка имеет красивые переливы цветов, под разными углами это смотрится очень интересно. В целом по внешнему виду, производит только положительное впечатление. Затрагивая тему производительности, по сравнению с предшественником Samsung Galaxy A50 изменения не существенные и характеристики довольно таки средние, но для повседневных задач и игр не на самых высоких настройках вполне пригодно для использования. Внутренней памяти на 64 Гб для современного человека вполне достаточно, на крайний случай имеется возможность увеличить память дополнительно увеличив память посредством флеш-карты. Оперативная память составляет 4 Гб, что для бюджетного смартфона не плохо. Емкость аккумулятора составляет 4000 мАч, этого вполне достаточно на световой день активного использования. На смартфоне установлен амолэд дисплей, цвета насыщенные и качественные, но если разобьете экран, в ремонте он обойдется дороже, чем IPS экраны. Камера делает снимки и видео достаточно хорошего качества, сопоставимо своим одноклассникам, в целом требовать чего-то большего от бюджетного смартфона не стоит. К недостатку отнесу лишь сканер отпечатка пальца, встроенный в экран. Данная технология еще сырая и плохо работает даже на топовых смартфонах. Подытожив всё вышесказанное, если для Вас бренд является приоритетным пунктом и производительность смартфона стоит не на первом месте, можно рекомендовать его к покупке. Спасибо за Внимание, надеюсь помог Вам в выборе смартфона.",otzovik.com,otzovik.com,4.0,2020-04-21,https://www.otzovik.com/review_9871573.html,positive
"Достоинства: Шустрый отпечаток пальца, красивый дизайн,главное качественный
Недостатки: Из минусов нет влагозащиты
За свои деньги лучший на рынке. Смотрится современно. Радует, что нет моно брови, а аккуратная капелька. Такое ощущение, что в руках флагман. Купила сыну на день рождение, надеюсь понравиться, а то старый совсем плох. Нужен был достойный аппарат, за который не стыдно, этот телефон можно свободно рекомендовать. Только разочаровало, что влагозащита отсутствует. Смотрела обзоры, думала, что будет лагать и тормозит, но я такого не заметила. Черный цвет очень красиво переливается. Дисплей super amoled, очень четкий и яркий, картинка смотрится шикарно. Игры летают только так. Звук за свои деньги не стандартный, но и не топ. Батареи хватает на день",otzovik.com,otzovik.com,5.0,2020-03-06,https://www.otzovik.com/review_9591534.html,positive
"Достоинства: Память, камера, интерфейс
Недостатки: Нету
До этого у меня был Samsung a50, теперь Samsung a51. Телефон супер как нравится. Удобный, нормально памяти. И классная камера. Рекомендую",otzovik.com,otzovik.com,5.0,2025-01-19,https://www.otzovik.com/review_16949522.html,positive
"Достоинства: Хорошая камера , яркий экран без бликов и т.д. хорошо держит батарею.
Недостатки: Минус только один ОБНОВЛЕНИЯ на этом телефоне они больше не поддерживаются.
Красивый яркий экран, приятные насыщенные цвета, нет затемнений бликов и т. д. Камера для телефона тех годов вполне сравнима с современными телефонами.",otzovik.com,otzovik.com,4.0,2025-01-15,https://www.otzovik.com/review_16935633.html,positive
"Достоинства: просто терминатор среди телефонов
Недостатки: нет
Хочу открыть глаза на просто шикарный аппарат )))он у меня с 2019 года до сих пор работает все норм но мне больше нравится его функционал камера просто улет можно муравьев фотографировать и на снимке увидеть как он вам подмигивал, с этим оппаратом я в 2020 году пробежал свою первую ультру 93 км с 4 результатом (засудили канешна)вообще такая лапа и музычка норм качается и две симки. А сколько раз он у меня из нарукавного чехла выпадал и прямо на асфальт(( но благодаря чехлу силиконовому и его какой то запредельно продуманной аэродинамике он всегда отскакивал и ни трещинки на дисплее, касательно дисплея цветов по описанию в нем вагон ясен пень это ведь не хонор или техно все как и положено корейскому флагману ну и конечно же приложение самсунг хилз это просто песня для тех кто занят своим здоровьем и формой буду писать на него отзыв раскрою как за шесть месяцев похудел по нему на 70 кг на ютубчике есть ролик с пруфами так что не переключайтесь.",otzovik.com,otzovik.com,5.0,2024-12-16,https://www.otzovik.com/review_16842875.html,positive
"Достоинства: Бесконтактная оплата SPay
Недостатки: Маленький объем аккумулятора Нет 60 fps в 1080p Электронная оптимизация кадра
Купил по трейдин Оптимальный смартфон для повседневной работы, средний модем скорость при котором не достигала больше 30мбит/с(МТС, СПб). Начну с прошивки 11 андроид, с самого начала прошивка была вполне неплохой, раздача вайфая, оплата по SPay, держался заряд лучше чем в 12м, больше вопросов было что происходит с камерой на каждой версии андроид, то происходит улучшение, то накинут шум, то пытаются оптимизировать стабилизацию кадра EIS, то начнётся дурка с её подёргиванием когда смотришь результаты. 1080 при 30fps, когда по характеристикам камера и процессор вместе переваривают формат 1080 60fps, даже если использовать EIS. Начиная с 13 андроид, запретили WiFi 5GHz видите ли закон не позволяет 149 канал, спрашивается, а зачем тогда добавляли рекламу о быстрой передачи огромных файлов в одном нажатии? Фонарик в отличие от Galaxy s6 edge, свет рассеивает, от прошивки заводится быстро без затупов. Маркетинг? Возможно. После этого появляются первые проявления проблемы о передаче файлов используя смартфон как переносной диск. По поводу тоже не все идеально скорость скачет до 36мб/с, в идеале 30мб/с. Визуально, как внешне так и оболочки, сначала шторка уведомлений выглядела строго и придерживалась трех-четырех тонов, после развалились на размытие, разные тона, так ещё и куча анимации которая негативно влияет на работу устройства в целом. По начинке с процессором exynos 9611 и тремя ядрами mali было сложно вычислить время работы при старой и новой прошивке, но расход увеличился. Не объемные игры и приложения пережжевывает, если брать что-то серьезное по типу геншин или танков, ну тут как настроить. Кстати приложение по настройке драйвера на этом смартфоне работает с 11 андроид. GPS работает, не совсем шустро, иногда требуется калибровка. Зарядка медленная 15w, вместо 17w(маркетинг), быстрая зарядка работает без вашего контакта с устройством. Диктофон на уровне прошивки работает с одной стороны и двух сторон при отдельном приложении. Звук записывает хорошо. Сам смартфон, приятный в использовании, легкий, из бэдов за 2.5 года словил только 5.",otzovik.com,otzovik.com,4.0,2024-11-07,https://www.otzovik.com/review_16709365.html,positive
"Достоинства: Много классных функций.
Недостатки: Мало памяти.
Выбирая между прочими марками я решилась купить Samsung. И знаете не ошиблась. Телефон хорош тем, чтот у него классный красненький цвет и бомбезное оформление(в самом телефоне). На него можно подобрать абсолютно любой чехол. Много удобных и полезных функций. Например мне очень нравится функция, где можно выбрать тему. То есть внизу если задержать главный экран появится такая штучка Появляется так называемое меню, где есть обои и стиль(замена обоев), темы(как раз та самая крутая функция), виджеты и настройки. Заходя в темы мы видим главную страницу. На которой различные темы. Есть платные и бесплатные. Можно полностью загрузить тему или выбрать отдельно обои, значки или ещё что либо. Вот Вам примерное понимание по ценам на темы. Лично я считаю бред покупать темы. Хотя многим это наверное нравится.",otzovik.com,otzovik.com,5.0,2024-10-07,https://www.otzovik.com/review_16602078.html,positive
"Достоинства: См. в посте
Недостатки: См. в посте
Покупал в 19-20 году. Своих денег не стоит. Плюсы: Цена Объем аккумулятора Сравнительно большая диагональ дисплея Минусы: Слабый процессор (Exynos) Экран 60Гц вместо 90 или 120. Неспособность записывать любого рода видео выше чем в 30фпс Материалы корпуса Слабые камеры Микрофон крайне плохого качества (Даже на iPhone SE 2016 он в разы лучше), слышно как из бочки Нет защиты по стандарту IP от влаги и пыли Плохой модем и средства GPS и GNSS Хрупкий дисплей и шлейф дисплея, общая неударопрочность Всего один динамик (моно-звук), Dolby Atmos только для наушников Нет HDR и Dolby Vision Слабая пиковая яркость, блики Неудобный формат экрана, телефон ""вытянут"". Если такие характеристики у самой усредненной модели серии А5х, то боюсь представить, что там у А31 и ниже.",otzovik.com,otzovik.com,2.0,2024-01-21,https://www.otzovik.com/review_16142023.html,negative
"Достоинства: Хорошая камера,память телефона
Недостатки: Минусов мало,но если вдруг не дай бог экран поломать,то очень дорого обходиться ремонт
У меня еще с раннего детства была особая любовь имеенно к этой данной модели телефона, незнаю в то время, года 2017 наверное, иметь данную модель телефона была крутой, да и в нынешнее время очень популярен именно эта модель самсунг галакси а 51, я в свою очередь на данный момент пользуюсь им и очень довольна",otzovik.com,otzovik.com,4.0,2024-02-18,https://www.otzovik.com/review_15810960.html,positive
"Достоинства: хорошая камера но на мой взгляд в большом зуме долго фокусируется
Недостатки: при активной игре в игры греется
Я недавно приобрел смартфон Samsung A51 и хочу поделиться своими впечатлениями от использования этого устройства. Дизайн: Внешний вид смартфона сразу привлек мое внимание. Устройство имеет современный, стильный и элегантный дизайн, который отлично смотрится в руке. Корпус выполнен из качественного пластика, а задняя панель имеет приятное на ощупь покрытие. Благодаря закругленным краям и удобному расположению кнопок, пользоваться смартфоном очень комфортно. Экран: Экран Samsung A51 впечатляет своими размерами и качеством изображения. Разрешение Full HD+ и плотность пикселей 407 PPI обеспечивают четкую и яркую картинку. Благодаря технологии Super AMOLED, цвета выглядят насыщенными и глубокими, а черный цвет действительно черный. Экран имеет высокую яркость и хорошие углы обзора, что делает его идеальным для просмотра видео и игр. Производительность: Смартфон оснащен мощным процессором Snapdragon 730, который обеспечивает отличную производительность во всех задачах. Графический процессор Adreno 618 позволяет играть в современные игры на высоких настройках без лагов и тормозов. 6 ГБ оперативной памяти обеспечивают плавную работу интерфейса и приложений. Встроенной памяти 128 ГБ достаточно для хранения большого количества файлов и приложений.",otzovik.com,otzovik.com,5.0,2024-01-09,https://www.otzovik.com/review_15648982.html,positive
"Достоинства: Впечатляющая камера с четырьмя объективами, включая основной 48-мегапиксельный сенсор.
Недостатки: Отсутствие защиты от воды и пыли.
Устройство отлично справляется с выполнением всех повседневных задач и предлагает широкий спектр функций, соответствующих современным требованиям пользователей. Один из основных преимуществ Samsung Galaxy A51 - его уникальный дизайн. Устройство обладает стильным и элегантным внешним видом. Качество камеры Samsung Galaxy A51 также оставляет приятное впечатление. Этот смартфон обеспечивает плавное и быстрое выполнение задач, включая запуск множества приложений одновременно. Батарея емкостью 4000 мАч также является большим плюсом, обеспечивая длительное время работы без подзарядки. Как и любой другой смартфон, у Samsung Galaxy A51 есть и некоторые недостатки. Например, отсутствие беспроводной зарядки и защиты от воды. Однако, учитывая стоимость устройства и его другие преимущества, эти недостатки не являются критичными. В целом, Samsung Galaxy A51 - отличный выбор для тех, кто ищет смартфон с отличными характеристиками, качественной камерой и привлекательным дизайном. Это устройство предлагает ощутимую стоимость за свою цену и может соответствовать потребностям самых требовательных пользователей.",otzovik.com,otzovik.com,4.0,2024-01-05,https://www.otzovik.com/review_15631857.html,positive
"Достоинства: Samsung Galaxy A51 предлагает качественный дисплей, отличную камеру, стильный дизайн, длительное время работы от батареи и удобный интерфейс.
Недостатки: Некоторые пользователи отмечают среднюю производительность при выполнении ресурсоемких задач и немного скользкий задний пластиковый корпус.
Samsung Galaxy A51 - отличный выбор для тех, кто ищет бюджетный смартфон с качественным дисплеем и отличной камерой. Он имеет стильный дизайн, удобный интерфейс и достаточную производительность для повседневных задач. Батарея долго держит заряд, а качество фотографий порадует. Однако, процессор может не справляться с очень ресурсоемкими играми. Кроме того, Samsung Galaxy A51 имеет удобное расположение разъема для наушников, поддерживает быструю зарядку и обладает достаточным объемом встроенной памяти для хранения множества файлов и приложений. В целом, этот смартфон предлагает отличное соотношение цены и качества.",otzovik.com,otzovik.com,4.0,2023-12-19,https://www.otzovik.com/review_15571737.html,positive
"Достоинства: Удобный, частые обновления
Недостатки: Не имеются
Очень понравился телефон, другие обычно регулярно сменял а этот держится достаточное долгое время, уверен что ещё не скоро перейду на другой телефон",otzovik.com,otzovik.com,5.0,2023-08-24,https://www.otzovik.com/review_15115027.html,positive
"Достоинства: Камера Память Цвета Функциональность
Недостатки: Память
Вцелом нормальный телефон, памяти хватает, камера хорошая, есть режим 0,5 х и макросъёмка, пользуюсь 1 год. Вроде норм. Если вы любитель широкого экрана, то данный вариант для вас",otzovik.com,otzovik.com,4.0,2023-06-26,https://www.otzovik.com/review_14883422.html,positive
"Достоинства: Лёгкий,качество.
Недостатки: Их нет
Муж подарил телефон на день рождения, и кайфую, он не виснет, цвета все чёткие, хорошее качество, красивые расцветки, лёгкий и удобный, помыть большая, ну есть разные варианты, и по цене тоже хорош, телефону год и куча всего установлено, так как есть маленький ребёнок, игры мультики итд, так же учусь с него и конечно таблицы и много что можно открывать и делать, и не зависает. Связь хорошая и динамики тоже, ловит связь и интернет отлично, даже в деревне глухой, ми с этим не справлялся)",otzovik.com,otzovik.com,5.0,2023-04-29,https://www.otzovik.com/review_14667638.html,positive
"Достоинства: Дизайн, камера, экран, производитель, софт
Недостатки: 60 ГРЦ экран
Я использовал Samsung A51 в течение полутора года и могу сказать, что этот телефон превзошел мои ожидания. Он имеет яркий и кристально чистый 6,5-дюймовый экран, который делает просмотр фильмов и игр более приятным и насыщенным. Также камера на 48MP просто поразительна, она позволяет делать отличные снимки в любых условиях освещения. Кроме того, производительность этого телефона на высоте. Он оснащен 8-ядерным процессором Exynos 9611 и 6 ГБ оперативной памяти, поэтому он быстро и легко обрабатывает любые задачи, будь то многозадачность, игры или работа. Одно из моих любимых возможностей этого телефона - это большая батарея, емкостью 4000 мАч. Она обеспечивает производительность телефона в течение всего дня без необходимости зарядки. И, конечно же, я не могу не упомянуть дизайн. Samsung A51 имеет новый, современный и элегантный дизайн, который выглядит очень привлекательно и непременно привлекает внимание. В целом, я бы рекомендовал Samsung A51 тем, кто ищет превосходный телефон, с большим экраном, отличной камерой, хорошей производительностью и стильным дизайном. Этот телефон точно стоит своей цены!",otzovik.com,otzovik.com,5.0,2023-04-25,https://www.otzovik.com/review_14648968.html,positive
"Достоинства: Удобен в использовании ,прост,хорошая батарея заряд держит хорошо,легкий,маленький
Недостатки: Камера ужасная что передняя что задняя ,не стоит своих денег
Телефоном пользуюсь около 2х лет, вполне все устраивает, работает четко, заряд держит отлично прос в использовании, звонить и сидеть в социальных сетях этого вполне достаточно, но камера не какая через раз фокусирует, покупала на 64гб, оказалось маловато, цена завышена, муж подарил так что пользуюсь",otzovik.com,otzovik.com,3.0,2023-04-20,https://www.otzovik.com/review_14632647.html,neutral
"Достоинства: Удобный, приемлемая цена, внешний вид, камера бомба, экран.
Недостатки: Нет.
Купила данный телефон в 2022 году, покупкой довольна. Телефон абсолютно не лагает и не глючит. Батареи хватает почти на целый день, с учётом того, что из рук не выпускаю телефон. Это очень большой плюс! Есть быстрая зарядка, примерно за 1,5 часа телефон заряжается с нуля до ста процентов. Качество съёмки отличное. Фото и видео получаются замечательые. Много разных настроек под вашу адаптацию: жесты, уведомления, расположение иконок, цветовая гамма и ещё куча всего. Отличная широкоугольная камера",otzovik.com,otzovik.com,5.0,2023-04-12,https://www.otzovik.com/review_14600450.html,positive
"Достоинства: Лёгкий, функциональный
Недостатки: Не нашла
Много функций, удобный. Хорошее качество фотографий. Громкие динамики, наушники в комплекте. Долго держит заряд аккумулятор. Есть помощник в поиске приложений. В общем я довольна. Рекомендую",otzovik.com,otzovik.com,5.0,2023-03-26,https://www.otzovik.com/review_14521706.html,positive
"Достоинства: Дизайн
Недостатки: греется, тупит
Данный телефон я приобрел 2 года назад. За всё время он стал плохо работать и сильно лагать. Так же он иногда грелся при запуске игр. Мне его посоветовал продавец, но вам я не советую его покупать. Камера не очень. Только цыет телефона радует глаза, потому что он реально хорошо сделан.",otzovik.com,otzovik.com,3.0,2023-03-15,https://www.otzovik.com/review_14470348.html,neutral
"Достоинства: Он имеет большой дисплей с высокой четкостью и яркие цвета. Основная камера способна создавать качественные фотографии при хорошем освещении. Кроме того, он оснащен мощным процессором, достаточной емкостью батареи и быстрой зарядкой.
Недостатки: Одним из недостатков является плохая производительность в условиях плохой освещенности, если говорить о фронтальной камере и в целом ее батарея хоть и очень емкая, но может не выдержать сильной нагрузки при интенсивном использовании смартфона.
Как и многие пользователи, я сильно интересовался смартфонами линейки Samsung Galaxy A. И вот, наконец, я решился на приобретение Samsung Galaxy A51 - и не пожалел об этом! Дизайнерское решение очень достойное - кажется, что это телефон класса выше. Экран красивый и четкий, которым можно наслаждаться в любое время дня. Камеры отличные, картинка четкая и яркая. Причем есть и широкоугольная камера, которая делает фото более продвинутыми. Телефон быстрый, никаких проблем с производительностью не заметил. Аккумулятор тоже порадовал - заряжается быстро и держится долго, особенно если использовать режим экономии энергии. Также мне понравилось, что телефон имеет Android 10 и One UI 2.0 - это приятно дополнительный плюс для пользователей Samsung. В общем, если вы ищете телефон с отличным сочетанием скорости, дизайна, экрана, камеры и долговечности, Samsung Galaxy A51 идеальный выбор. Я определенно рекомендую этот телефон!",otzovik.com,otzovik.com,5.0,2023-03-14,https://www.otzovik.com/review_14465278.html,positive
"Достоинства: удобный, хорошая память
Недостатки: В принципе нет
Добрый вечер, уважаемые читатели ""Отзовика""! Я не специалист по техническим девайсам, однако в современном мире приходится ориентироваться. Пользуюсь смартфоном Samsung Galaxy A51 чуть больше трех месяцев. Год выпуска гаджета - 2021 год. Думала, сложно будет сразу переключиться со смартфона другой марки. Оказалось просто: перенесла все данные с помощью Samsung Smart Switch. Нормальная производительность, хорошая камера, объем встроенной памяти - 64 Гб. Все опции понятные. Телефоном пользуюсь часто, в том числе интернетом, различными приложениями. К сожалению, зарядки не хватает на 24 часа. Но меня это не напрягает, не сложно подзарядить. Ну и папкой Knox, если нет острой необходимости в защите личной информации, не стала бы пользоваться. Телефон хороший, можно и фильмы смотреть, читать книги, играть в приложениях и пр.",otzovik.com,otzovik.com,4.0,2023-03-02,https://www.otzovik.com/review_14399559.html,positive
"Достоинства: Не многовесит, хорошая производительность
Недостатки: Плохо держит акб если играть целый день
Телефон samsung a51, относится к среднебюджетному телефону, за свою стоимость отличный вариант, аккумулятор держит не сильно хорошо, но на целый день хватает если сидеть умеренно в нем, в играх показывает не плохую производительность, по камере нареканий нету, свои 48 мегапикселей отрабатывает только так, фото получаются каяественные, но через чур насыщенные с этой стороны это плюс с другой минус но на крайний случай если кому то придется с ними работать то можно и подкаректировать, так же есть и плюс, он досихпор поддерживает свежие версии андройд, сам пользовался на 13 андройде. Не лагает в повседневных задачах, связь не теряет и даже лучше ловит в некоторых местах где вообще почти нету возможности выйти на связь.",otzovik.com,otzovik.com,3.0,2023-02-19,https://www.otzovik.com/review_14348251.html,neutral
"Достоинства: Динамик, камера, экран
Недостатки: Не обнаружил
Один из лучших смартфонов за свои деньги. Оперативной памяти 128гб и 6гб ОЗУ, что не может не радовать. Очень стильный дизайн. Довольно тонкий и лёгкий. Высокая производительность процессора. Отпечаток пальца работает отлично. Широкий экран, разрешение (1080*2400 пикселей) и громкий динамик позволит вам смотреть и слушать всё что душе угодно с комфортом. Шикарная камера порадует вас отличным качеством фотографий и видео. Особенности: светодиодная вспышка, панорама, HDR. Аккумулятор держит заряд очень долго (4500 mAh), поддерживает быструю зарядку. Разъём типа USB Type-C радует своим присутствием в данном смартфоне. Телефон очень классный, советую к приобретению.",otzovik.com,otzovik.com,5.0,2023-02-13,https://www.otzovik.com/review_14326206.html,positive
"Достоинства: Можно вставить карту памяти, камера неплохая, много новых функций
Недостатки: Хрупкий
Как человек не самый аккуратный в использовании телефона НЕ посоветую этот телефон другим таким же людям Много функций удобных необычных, надо просто получше покапаться в настройках По размеру удобно, но лично мне хотелось бы поменьше диагональ Единственное неудобное то, что он оооочень хрупкий, три раза чинила стекло, по 5 тысяч каждый раз отдавала! Камера достаточно хорошая для человека, который не ведет аккаунты в соцсетях, а просто использует ее в повседневности Большой плюс то что можно вставить карту памяти! Вообщем могу сказать что он стоит своих денег, для подросткам в самый раз, но покупайте чехлы!",otzovik.com,otzovik.com,4.0,2023-02-06,https://www.otzovik.com/review_14293644.html,positive
"Достоинства: батарея экран корпус
Недостатки: пластиковая крышка царапается и теряет вид
Всем привет! Встал вопрос о том какой взять телефон после отжившего айфона и взор остановился на модели самса А51 Коротко и по существу: На момент покупки стоимость была 16т. р. это было два года назад. Спустя столько времени батарея деградировала всего на 1% по данным приложения accubattery и это очень даже не плохо))) Зависаний и глюков- может быть пару тройку раз, вполне сносно. Камера работает достойно, памяти в 64 гб оказалось конечно же мало, смело всегда берите больше!!! Несколько раз падал на жёсткую поверхность и отделался лёгкими микрокоцками-крепкий надёжный корпус, несмотря что пластиковая крышка. Экран яркий и насыщенный-радует глаз. Звук громкий, но не прям так супер, но вполне годный)) Все приложения маслаю стабильно и постоянно обновляются. В общем и целом трубка зачётная! Мой рекомендосьён к покупке сего девайса!!! Всем добра!",otzovik.com,otzovik.com,5.0,2022-12-17,https://www.otzovik.com/review_14110053.html,positive
"Достоинства: Камера, батарея, экран.
Недостатки: Мощность, корпус, цена.
Пользуюсь данной моделью почти год. Внешний вид меня устраивает, в руке лежит удобно, но корпус довольно скользкий, без чехла носить не рекомендую. Есть разъём для наушников 3.5 мм, разъём под SD карту, зарядка TYP-C, нет инфракрасного порта, динамик один, поэтому звук тихий. Камера хорошая, но не отличная, съёмка в тёмных местах или вечером плохая. Отпечаток пальца работает хорошо, Face ID через раз. Кнопки выключения и регулировки громкости работают хорошо, не залипают. Задняя крышка глянцевая, поэтому сильно пачкается. Фонарик хороший яркий. Есть функция allways on display, которая показывает на экране время, дату, уведомления и проценты заряда аккумулятора, когда устройством не пользуются. Заряд держит хорошо, на целый день активного использования хватает. Смартфон не очень мощный, для обычного использования хватает. Игровым девайс не назовёшь, подходит только для нетребовательных игр и приложений. Подводя итог: смартфон хороший, но цена немного завышена, подойдёт для простого использования - сёрфинг в интернете, звонки, общение, прослушивание музыки и просмотр фильмов, чтения книг и тд.",otzovik.com,otzovik.com,4.0,2022-11-20,https://www.otzovik.com/review_14014447.html,positive
"Достоинства: Стильный легкий и удобный смартфон. Отдельного внимания заслуживает камера. Снимки получаются яркими и четкими. Для бюджетника вполне себе достойный вариант и в плане начинки, и в плане звука.
Недостатки: Непродолжительный срок службы.
Samsung Galaxy A51 был выбран в качестве смартфона неслучайно. Предшественник тоже был данного производителя и зарекомендовал себя с хорошей стороны. Первое время к смартфону вопросов не было, работал на все сто. Радовал знакомый интерфейс с новыми фишечками и то, что сам телефон шустро реагировал на команды и не подвисал. Через полтора года работы, и конечно же по окончании гарантийного периода, телефон просто начал перезагружаться сам собой. В один прекрасный момент просто не смог загрузиться. Никаких физических воздействий не было, ни падений, ни ударов, ни попаданий влаги, ничего. Носился аккуратно и бережно в чехле. Стоимость ремонта стоит, как сам смартфон. Очень огорчило, что так мало удалось походить с телефоном.",otzovik.com,otzovik.com,3.0,2022-11-19,https://www.otzovik.com/review_14012128.html,neutral
"Достоинства: 1. Стильный дизайн 2. Удобный интерфейс 3. Датчик отпечатка пальца и распознавание лица
Недостатки: нет
Этот телефон изначально привлек меня своим дизайном. Хорошая камера, яркие фотографии. Яркий дисплей. Аккамулятор долго держит зарядку. Есть датчик отпечатка пальца, прямо на экране, а также распознавание лица. ХОРОШИЙ ТЕЛЕФОН. РЕКОМЕНДУЮ",otzovik.com,otzovik.com,5.0,2022-10-23,https://www.otzovik.com/review_13911672.html,positive
"Достоинства: Хороший телефон
Недостатки: Нет чёткости фото
Смартфоном Samsung A51 пользуюсь год без нареканий, получила его в подарок от мужа, чтобы я могла делать хорошее фото сына. фото конечно получаются хорошее, но при условии если включена вспышка и нет резких движений, если эти условия не выполнены, то получаются все смазанные и приходится удалять. А в целом телефон шустрый, не глючит и не зависает. Памяти достаточно много, приложение поддерживает любое. Динамики в телефоне громкие. К сожалению телефон уже снят с продажи, но аксессуары можно заказать и купить в интернете без проблем.",otzovik.com,otzovik.com,4.0,2022-10-05,https://www.otzovik.com/review_13853714.html,positive
"Достоинства: сборка, надежность, софт, камера, экран.
Недостатки: за эту цену нет.
При выборе телефона было несколько критериев: камера, отпечаток в экране, ну и отличный экран. По всем показателям А51 подходил идеально, тот случай, когда китайцы не смогли подделать точь в точь, для игр телефон подходит весьма посредственно, но как надежный друг на каждый день, имеющий минимум лагов и максимум преимуществ за свою цену (покупал на 4/64 за 17 000 рублей) этот телефон вне конкуренции, огромный плюс Galaxy Store, компания не стала блокировать полезные приложения и идти на поводу у санкций, в общем отличный телефон, крепкий и удобный, несколько раз падал на кафель с разной высоты (личный краш тест) остался цел, но появилась трещина от простого нахождения с ключами в одном кармане.",otzovik.com,otzovik.com,5.0,2022-08-30,https://www.otzovik.com/review_13738154.html,positive
"Достоинства: Безрамочный дисплей Производительность Камера Сеть
Недостатки: Сканер отпечатка не работает под стеклом
Покупал на замену Хонора так как там гугл сервисы перестали существовать, а для меня это было очень важно, так же было очень сложно его найти в магазинах. Безрамочный дисплей и аккуратная камера в дисплее привлекли мое внимание, хорошая производительность и 4 камеры это прям казалось что то совершенно не обычное. Если говорить за камеры то они хорошо снимают макро камера делает фантастические снимки так же очень понравилось как снимает ширик и ночной режим работает приемлимо. В самых требовательных играх таких как Пабг, Танки чувствует себя хорошо, не сильно нагревается но и на ультра не выкрутишь процессор не вытягивает на средних настройках играть можно. Модуль GPS тоже работает хорошо стабильно редко такое бывает что не может меня найти. Единственное что меня в нем не утраивает так это подъэкранный сканер отпечатка со стеклом он очееень плохо работает, только пленка...",otzovik.com,otzovik.com,4.0,2022-07-16,https://www.otzovik.com/review_13588070.html,positive
"Достоинства: - Внешний вид - Аккумулятор - Прочность - Отличная основная камера, фронтальная при хорошем освещении снимает не хуже
Недостатки: - Камера в приложениях, где можно снимать видео (TT, IG) слишком близкая и низкого качества. - Медленный скрин экрана
Подарили данный смартфон 2 года назад. За это время падал сотни раз, но ни одной царапинки ни на экране, ни на задней панели (носила без защитной пленки). Телефон практически не глючил, бывало, что тормозил пару раз в особых случаях. Задняя камера фотографирует отлично. Чем лучше освещение, тем качественнее снимок. В полной темоне качество, конечно, оставляет желать лучшего. Фронтальная также хорошо фотографирует (использую ее для полноценных фото-себяшек чаще задней), но в темноте получается размыто. Динамик неплохой, но про него ничего сказать особо не могу, так как всегда слушаю аудио в наушниках. Заряд держит средне, при постоянном использовании может хватить на 5-7 часов работы. Немного раздражает, что разряжается достаточно быстро, если телефон просто лежит (хотя это редкая ситуация, ха-ха). Сама зарядка очень быстрая, что радует. В целом ставлю 9/10",otzovik.com,otzovik.com,5.0,2022-07-07,https://www.otzovik.com/review_13559675.html,positive
"Достоинства: - стоимость - громкость при разговоре (отличная)
Недостатки: - греется постоянно и при любом поводе - проблема со связью - постоянно что-то обновляет
Итак, был куплен данный аппарат с учётом скидки в свое время за ~25000 рублей в Билайне с отличными на мой взгляд наушниками, чехлом и защитным стеклом. Изначально заинтересовал объем памяти 128 Гб и ОЗУ на 6 Гб. По характеристикам вполне неплохой телефон для игр, казалось бы? Но не тут то было. 1) В ходе использования телефон стабильно зависал, греется задняя часть корпуса и греется весьма сильно. Даже за просмотром видео около 20 минут, через чехол ощущается как телефон нагревается в верхней задней части корпуса. В приложениях с требовательными характеристиками и вовсе нагревается так, что без чехла телефон держать становится дискомфортно от жжения пальцев. Стоит так же отметить, что в процессе зарядки телефон всегда нагревается, чего не было замечено с иными моделями Samsung бывшими ранее в использовании. 2) Моим упущением было то, что я не сразу обратил внимание на пропадающую связь. Явление весьма частое, когда интернет или связь просто пропадают даже при нахождении в одной точке часами. Есть несколько знакомый людей, кто сталкивается с такой проблемой каждодневно и именно с этой моделью телефона. При попытке кому либо позвонить, часто появляется ""не зарегистрирован в сети"" и единственным решением данной проблемы - служит ""перезапуск"" через включение и выключение авиарежима. В остальном весьма неплохой телефон за свои деньги, учитывая что он является бюджетным вариантом.",otzovik.com,otzovik.com,3.0,2022-07-03,https://www.otzovik.com/review_13544146.html,neutral
"Достоинства: динамик, бонус при покупке, цена
Недостатки: не водонепроницаемый
Galaxy 51a-хорошая модель, на любителя андроидов! Высокий, чистый звук. Много функций, как и простых, так и специальных. 4 широкоугольных камер, качество хорошее (для андроида). Продаётся в 2 и более цветах. В комплекте идёт: зарядка с блоком питания, наушники от самсунг, инструкция по использованию, скобка для вставки SIM карты. Также в подарок идет чехол на выбор. Для 2022 года, модель вполне подходит! Цена полностью соответствует описанию телефона.",otzovik.com,otzovik.com,4.0,2022-01-22,https://www.otzovik.com/review_13397912.html,positive
"Достоинства: Хорошая камера
Недостатки: Нету
Телефон купила в конце августа 2020 года. Долго читала, изучала рынок. Главное требование - это хорошая камера!! В итоге остановилась на этом телефоне. Пользуюсь год, полностью довольна. Сразу скажу, в игры на нем не играю!!! Так что сильно рассуждать о производительности не стану. Камера отличная, особенно широкий угол, очень радует. Фронтальная камера, вполне себе. Размер дисплея и его цветопередача, тоже прекрасные. Ничего не глючит, Но прошивку не обновляла. Пока не вижу смысла. Собственно у многих, проблемы после этого и начинаются! Качество прекрасное, нигде ничего не скрипит и не люфтит. Зарядку спустя год, держит почти полтора дня. Так что телефоном очень доволен и не разу не пожалела о его покупке.",otzovik.com,otzovik.com,5.0,2022-01-10,https://www.otzovik.com/review_13362511.html,positive
"Достоинства: Внешний вид, функционал, вид, камера, качество
Недостатки: Для себя не обнаружила
Брала этот телефон в 2020 году. Перед этим посмотрела кучу обзоров и почитала кучу отзывов на разные модели (в бюджете до 20 т. р.) и остановилась на этой модели. Привлекла она меня своим видом и функционалом. Для меня этот телефон собирает в себе все необходимое: -выход в интернет -отличная камера как основная так и фронтальная -возможность открыть на одном экране несколько приложений сразу(нужно для работы) -наушники(учитывая что не во всех моделях они идут) -много различных функций камер(живой фокус, макросъемка, 2 укла камеры, хорошее качество фото и видео) Да и просто он выглядит стильно, и в руке лежит удобно. Брала кстати на 128Гб больше к сожалению нет. Батарейка держаться при активном использовании(играть, слушать музыку, сидеть в интернете) чуть больше суток. На морозе батарейку не жрет, держит нормально, не лагает. Есть система NFC. Впервые в этом телефоне узнала, что такое сценарий Bixby. Очень удобно если вы берете телефон не для позвонить и в интернете посидеть. С помощью этой функции смартфон адаптируется к твоей жизни, и подстраивается под твой ритм.",otzovik.com,otzovik.com,5.0,2022-01-05,https://www.otzovik.com/review_13346830.html,positive
"Достоинства: Хорошая камера,телефон не лагает,памяти всегда хватает,игры все тянет
Недостатки: 1 минус не очень существеннен,для людей которые любят поиграть в игрушки бывает не хватает зарядки даже на один день
Доброго времени суток!)Друзья, к вашему представлению Samsung Galaxy a51. Многофунцианальный телефон, очень качественный бренд, стоит своих денег. Очень много читал про все самсунги, но нравится именно эта модель, его дизайн, удобная камера, отпечаток пальца очень удобен, телефон по так безупречен. Многие считаю что с каждой новой моделью телефоны становятся лучше, по функциям, камерой и тд, но по мне так я бы посоветовал именно эту модель, так как на протящении многих лет им пользуюсь и он меня ни в чем не подводит. Подарил своей жене а 32 вроде бы он считается лучше всем, но не тут то было. Через пару недель пользования начал глючить, перезагружатся, хотя брали в том же самом мвидео где и этот а51.",otzovik.com,otzovik.com,5.0,2022-04-09,https://www.otzovik.com/review_13267492.html,positive
"Достоинства: Все функции работают исправно.
Недостатки: Не обнаружила.
Сначала колебалась с выбором смартфона, но подруга убедила меня купить фирмы Samsung. Я выбрала именно А51, и по сей день, не жалею о этом. Отличная камера, в ней много своих фильтров, плюс функция ""красота"", для улучшения фото. Вообще камеры четыре, встроенный сканер отпечатка пальца, здоровый экран, хороший угол обзора. Достоинств очень много. Даже при том, что на моём уже заполнена почти вся память телефона(128Гб), он ни разу не ""заглючил"", не то чтобы был в ремонте.(тьфу, тьфу, тьфу)... Даже на улице, при температуре -12, никогда не подводил сенсор. Ещё в комплект входит быстрая зарядка(моя до сих пор исправна) и проводные наушники хорошего качества. Всем рекомендую.",otzovik.com,otzovik.com,5.0,2022-03-24,https://www.otzovik.com/review_13211240.html,positive
"Достоинства: без багов, комплектация, внешний вид, технические характеристики
Недостатки: поживем увидим
Нравится мне самсунг, не именно телефоны, а производитель в целом. Палитра у них сочная, без искажений. Вот фоткаешь красный, и получается красный, без ухода в малиновый подтон, и кожа нормального цвета. Дома и моник и телевизор их, по качеству без нареканий, собственно, поэтому перед выбором нового смартфона долго не стоял. Упаковываю сразу в силиконовый чехол и стекло, специфика работы такая, что и поцарапать, и уронить в легкую можно. Аккум емкий, на пару дней пользования хватает, если конечно вы не привыкли безвылазно сидеть, уткнувшись лицом в экран. Заряжается быстро, с собой кабель даже не таскаю. Габариты солидные, больше наверно под мужскую ладонь. По части функционала все норм, система не тормозит, самостоятельной перезагрузки не возникает, приложения все запускаются махом, сенсор на морозе не тупит. Памяти за глаза, париться о том, влезет ли очередной видос, не приходится.",otzovik.com,otzovik.com,5.0,2022-03-15,https://www.otzovik.com/review_13180306.html,positive
"Достоинства: отличный дисплей, встроенный в экран отпечаток пальца, камеры, хорошая автономность!
Недостатки: шлейф соединения нижней платы и верхней платы иногда перестаёт функционировать
Отличный смартфон, пользуюсь чуть меньше года, в телефоне меня все устраивает кроме некоторых системных дополнений в оболочке ONE UI, самый весомый минус который влияет на производительность телефона в играх это приложение game booster, как по мне оно только ухудшает производительность в играх, комплектация телефона вполне добротная, но за время использования пришлось сдать данный телефон в сервисный центр, поломка заключалась в шлейфе который соединил верхнюю и нижнюю плату, из за данного шлейфа телефон перестал заряжаться, в сервис центре сказали что это из за изгиба экрана, хотя телефоном пользовались бережно и никто его не мог погнуть, позже после ремонта выявила та же проблема но теперь нужно изгибать телефон чтобы телефон начал заряжаться, а так вполне добротный смартфон за свою цену!",otzovik.com,otzovik.com,5.0,2022-02-03,https://www.otzovik.com/review_13023566.html,positive
"Достоинства: Хороший телефон
Недостатки: Немного тупит
Этот телефон я получил в подарок от папы и полностью доволен подарком. Из плюсов телефона он не дорогой и за свою цену в 18 тысяч предлагает хороший телефон от компании самсунг. О характеристиках телефона 4 гига оперативы на 64 гига встроенных. Мощный процессор, амулет экран. Есть минус:4 гига оперативной памяти не хватает для системы самсунг и поэтому она немного лагает, но это не очень критически.",otzovik.com,otzovik.com,4.0,2022-01-16,https://www.otzovik.com/review_12936515.html,positive
"Достоинства: Симпатичный дизайн, хорошо держит зарядку, хорошее качество фото, цена
Недостатки: Минусов нет
Приобрела данный смартфон и не пожалела ни разу! За свою стоимость он работает более чем отлично. Вообще андроидам доверяю. Крайне редко случаются какие-либо перебои, зарядку телефон держит хорошо. Телефон на 2 симкарты. Большой экран, который не сажает батарею, 4 камеры, которые делают изображение достойного качества. Вообще много доступных настроек в самом телефоне, но я ими не пользуюсь, не вижу смысла. Также отмечу симпатичный дизайн телефона. Задняя панель прям переливается, но в чехле этой красоты не видать, к сожалению. Дизайн телефона, как мне кажется, подойдёт как для мужчин, так и для женщин. Итог таков - я довольна покупкой! Буду советовать друзьям и родственникам.",otzovik.com,otzovik.com,5.0,2022-01-09,https://www.otzovik.com/review_12904570.html,positive
"Достоинства: Качество камеры радует меня в телефоне, объём памяти и функционал.
Недостатки: Всего три цвета телефона, а хотелось бы больше разновидности цветов телефона.
Хочу рассказать о моем телефоне, который мне подарил муж год назад. Это Samsung Galaxy A51, телефоном очень довольна. Samsung Galaxy привлекает своим разнообразием выбора: цветовая гамма, дизайна, объёма памяти, функциональностью, камеры и мощностью телефона. Мой телефон 64 gb памяти, и у меня заполнена память, на 70%, при условии того, что у меня очень много установленных приложений и игр. В добавок видео и фотографий, огромное количество. Фотографии отличного качества, игры моментально загружаются, не тормозят и ни висят. Периодически загружаются обновления, после этого появляется больше возможностей в телефоне.",otzovik.com,otzovik.com,5.0,2022-01-08,https://www.otzovik.com/review_12899666.html,positive
"Достоинства: Не тупит, яркий ,большой экран, быстрая зарядка
Недостатки: Быстро садится батарея ,не удобные наушники, короткий кабель
этот телефон был подарком на нг, к новому меню привыкла быстро, в общем устраивает, но батарейка для меня слабая, телефоном пользуюсь активно, заряжаю 2 раза в день! телефона на 128gb, памяти хватает. Быстрая зарядка после хонора, для меня уже не быстрая, там телефон заряжался до 100% меньше чем за час, тут заряд занимает большего времени. Экран большой, яркий, сам телефон тонкий и удобно ложится в руку. Комплектация: кабель( очень маленькой длины), блок питания и не удобные наушники на которых даже нет регулировки громкости, так и остались лежать в коробке... телфон стоил 25000 р. Пользуюсь почти год, телефон не разу не ломался!",otzovik.com,otzovik.com,4.0,2021-12-10,https://www.otzovik.com/review_12786187.html,positive
"Достоинства: 1. Большой экран с высоким разрешением 2. Мощный процессор 3. Четыре камеры 4. Большой аккумулятор 5. Небольшой вес 6. Быстрая зарядка
Недостатки: Пластиковый корпус
Хороший надежный смартфон, который не подведет вас в трудной ситуации. У него достаточно хорошая камера для своей цены, большой качественный Super Amoled дисплей 6,5 дюйма, мощный процессор, способный выдержать практически любые нагрузки на телефон, будь то игры или какие-то повседневные задачи, типа просмотра видео на ютубе или пролистывания социальных сетей. А сейчас о минусах, которых хоть и немного, но они имеют не малое значение. 1. Первый, самый главный минус этого устройства - пластиковый корпус. Благодаря нему телефон ощущается сильно дешевле, чем стоит на самом деле. 2. Отсутствие стерео динамиков, тут думаю, объяснять что-то смысла нет, один раз послушав стерео звук, моно звук уже не будет восприниматься как должное. После пользования Galaxy A51 пластиковые смартфоны у меня вызывают сильное отторжение. Но тем не менее, они имеют место быть.",otzovik.com,otzovik.com,4.0,2021-11-24,https://www.otzovik.com/review_12714147.html,positive
"Достоинства: Красивый дизайн, не виснет, хорошая камера, качество видео отличное
Недостатки: Иногда лагает, но очень редко
Где-то год назад приобрела Samsung A51, до этого ходила с айфоном 6, сразу же после такого маленького телефона экран показался огромный, потом постепенно привыкаешь. Камера очень хорошая, отлично фокусируется на каком-либо предмете, сам дизайн очень красивый, качество тоже отличное, заряд держит долго, даже спустя год работает как новый",otzovik.com,otzovik.com,5.0,2021-11-21,https://www.otzovik.com/review_12699486.html,positive
"Достоинства: Прекрасная камера, процессор для данной ценовой политики хороший.
Недостатки: В комлекте нет наушников, иногда подлагивает.
За мое время пользования этим телефоном, а именно 1.5 года я не обнаружил недостков. Иногда может лагать, но это очень и очень редко. По качеству сьемки - похоже на айфон. Над камерой очень даже сильно постарались. Процессор потянет танки, шутеры и такое прочее. На максималках не везде получится поиграть. Прекрасный звук, очень громко. В принципе я бы рекомендовал этот телефон. Если думаете чего бы взять дешевого и качественного берите этот телефон. Зарядку держит долго. В комплекте есть быстрая зарядка, но нет наушников. Если они уж вам так важны. Заряжается телефон лично у меня до 100 процентов за час. Удобно на нем работать так как достаточно большой экран.",otzovik.com,otzovik.com,4.0,2021-11-16,https://www.otzovik.com/review_12681045.html,positive
"Достоинства: Качество камера цена зарядка
Недостатки: Нет
Решила приобрести телефон марки самсунг 2 года назад и не пожалела. Цена соответвует качеству. Начну с самых достоинств, которые выявила на начальном этапе... Зарядку держит долго, до самого вечера активного использования устройства. Приложения все скачиваются, ничего не виснет, инет работает быстро, качественно. Камера как основная так и фронтальная, фото огонь. Качественные, чёткие. Видео как в реальности... По размеру телефон удобный. Тонкий дисплей. Звук чёткий, динамики работают хорошо. Всем рекомендую к покупке данную модель",otzovik.com,otzovik.com,5.0,2021-11-03,https://www.otzovik.com/review_12623968.html,positive
"Достоинства: Экран Дизайн Камера Плавность Сканер отпечатка
Недостатки: Батарея может быстро разряжаться
Пользуюсь данным смартфоном около года. При покупке телефонов уже давно не получал никаких эмоций, но Samsung A51 всё изменил. После покупки был впечатлен данным телефоном и до сих пор очень рад. У него удачный дизайн, очень удобный хват и качественная сборка. Немного о камере:Основной блок камер Samsung A51 включает 4 объектива: 48-Мп сенсор Samsung, 12-Mп сверхширокоугольный объектив со све, 5-Мп макро-объектив и 5-Мп сенсор глубины. Я очень люблю делать снимки и с этой задачей смартфон справляется на ура. В играх тоже неплохо себя показывает. Так же немаловажным аспектом является работа отпечатка пальца и распознавания лица, и тут тоже у меня всё чётко и без каких либо нареканий НЕСКОЛЬКО ФОТОГРАФИЙ СДЕЛАННЫХ НА ЭТУ КАМЕРУ",otzovik.com,otzovik.com,4.0,2021-10-20,https://www.otzovik.com/review_12566411.html,positive
"Достоинства: Шустрый,хорошая камера,легкий,стильный
Недостатки: В этой ценовой категории их нет
Брал год назад. После LENOVO просто метеор, не успеваешь коснуться экрана, мгновенная реакция. Загружено куча приложений, музыки, фотографий и видео, а ему все не почем, работает шустро. Да, бывает, может заглючить, но за год было всего два раза и те на пару минут, это пустяк, если учитывать сколько мною всего в нем загружено. Камера отличная, скидывал другу фотки, друг спросил за сколько брал такой фотик, удивился когда узнал что это с телефона фотки. Пару раз сильно падал, но все цело, экран и корпус без повреждений. Аккамулятор вообще отдельная тема, 2 дня при интенсивном использовании (звонки смс, вацап, интернет и приложения)Вообщем хороший аппарат, по мне так за свои деньги не хуже хваленых айфонов!!!",otzovik.com,otzovik.com,5.0,2021-10-18,https://www.otzovik.com/review_12557477.html,positive
"Достоинства: Их очень много.
Недостатки: Камера при дальней съёмке и ночью.
Что могу сказать про этот телефон, он хороший в работе если не сильно забит вирусной информацией, встроенной памяти у него 128 Гб, а оперативной памяти 6 ГБ, которая разрешает принимать много материала на данное устройство, как для меня это очень хорошо, можна ещё дополнительно вставить карту памяти которая даст максимальний объем до 512 ГБ. Имеет 4-х модульный объектив, который разрешает фотографировать на дневном свете очень качественные фотографии, из-за камеры широкого профиля разрешается взять в кадр очень много, что на заднюю камеру, что и на фронталку, немного конечно, в ночное время камера фотографирует хуже, и все в сильних пикселях, и очень нуждается в дополнительном искусственном освещении, и при отдалении на 4х или 10х, так же, начинают появляться мелкие пиксели. Ёмкость аккумулятора 4000 мАч, время работы батареи зависит от частого использования вдень, поэтому у всех снос зарядки разный. По весу очень лёгкий 170 грамм, к большому сожалению состоит из пластика задняя крышка, и при падении на ребро металлической детали осталась вмятина, а так вполне очень довольно своим приобретением.",otzovik.com,otzovik.com,4.0,2021-10-04,https://www.otzovik.com/review_12498685.html,positive
"Достоинства: хороший звук, быстрая зарядка
Недостатки: не очень хорошая камера
Смартфон очень хороший за свои деньги. Заряд держит отлично, заряжается быстро. В комплекте шел блок питания с ускоренной зарядкой аккумулятора, за это огромное спасибо производителю. Наушники, которые так же шли в комплекте имеют хороший, качественный звук. Использую долгое время, звук никак не меняется. В руке лежит приятно, экран большой, но не ""лопата"", как говорят многие люди. Смартфон прочный, падал не раз, не разбился. Приятный материал из которого сделана задняя крышка так же порадовал.",otzovik.com,otzovik.com,5.0,2021-10-03,https://www.otzovik.com/review_12496303.html,positive
"Достоинства: Соотношение цена качество, камера, экран.
Недостатки: Не нашел.
Всем доброго дня. Пишу отзыв о купленном супруге А51, который пришел на замену стареньком у J5. Телефон сразу порадовал большим и четким экраном, и супер четкой камерой. После, уже притормаживающего J5, просто космос. 128гб памяти, более чем достаточно. В руке лежит отлично. Качество фотографий, кто бы что ни говорил, очень хорошее. Особенно порадовала макросъёмка. Ни на одном аппарате из всех предыдущих такой четкости не было. Много режимов камеры. А так как супруга очень много фотографирует, ей очень это нравится. Фейс id очень удобная штука. В предыдущем аппарате ее не было, а здесь есть и это не может ни радовать. В общем, за свои деньги супер, я считаю.",otzovik.com,otzovik.com,5.0,2021-09-26,https://www.otzovik.com/review_12465819.html,positive
"Достоинства: Дисплей, экран, nfc, качественные фото
Недостатки: Не обнаружено
Достойный смартфон за свои деньги. Качество фотографии не хуже apple, а где-то даже лучше. В функциях видеосъемки есть все необходимое, а так же макросъемка, замедление видео, портретная съемка и т. д. Совет: берите сразу на 128 гб, 64 малова-то. Качество изображения отличное. Смотрю на телефоне сериалы, более чем устраивает. Размер экрана самое то, не большой-не маленький. Яркость изображения на высшем уровне. Условия безопасности телефона на 4, не всегда срабатывает отпечаток пальца, но это не критично. Звук качественный, в комплекте идут самые обычные наушники. Доволен своей покупкой, рекомендую вам и хорошего пользвония.",otzovik.com,otzovik.com,5.0,2021-09-25,https://www.otzovik.com/review_12464261.html,positive
"Достоинства: Тoнкий, лёгкий, бoльшoй и ширoкий экран. Сканер oтпечаткoв пальцев пoд экранoм , сoвременнo и интереснo. Хoрoший экран
Недостатки: Иногда тормозит, плохова-то распознает отпечаток пальца, плохо качество фото с 4 камер, смысла не вижу
Слoмался, телефoну нет гoда. Сегoдня сдал егo пo гарантии, перестал рабoтать экран. В oчереди передo мнoй тoже сдавали такoй же телефoн, oн у негo самoпрoизвoльнo выключался и зависал. Пoсле пoследних oбнoвлений устанoвились прoграммы oт Яндекса (предустанoвленные) их нельзя удалить. Пoсле каждoгo oбнoвления ждал чтo улучшится рабoта камеры, нo так oна и пoдвисала. Раздражает кoгда нужнo сделать быстрый снимoк. Первый мoй Самсунг, впечатления испoртил. Мoжет быть в s серии будет надёжней, нo не знаю",otzovik.com,otzovik.com,3.0,2021-09-22,https://www.otzovik.com/review_12453365.html,neutral
"Достоинства: Быстрый
Недостатки: Слишком грамозкий
Что бы вы поняли меня, мне всего 18 лет, поэтому напишу о телефоне со своей точки зрения :) Мои первоначальные заявки были: чтобы игры тянул, ну и вообще лучше чем был))) Были очень удивительны(в хорошем смысле) увидя цену и качество этого телефона: И фронталка 32мп, и дизайн космос, и игры вроде тянет. Решили купить. Не пожалели не каплю. Фото просто бомба, и игры почти не лагают. Заряда с моим использованием 24/7 со 100 до 0 хватает с 8 утра до 8 вечера. Родители и я убедились что ""Samsung"" хорошая компания, и даже после покупки купили и папе тоже ""Samsung"".",otzovik.com,otzovik.com,5.0,2021-09-16,https://www.otzovik.com/review_12425793.html,positive
"Достоинства: Дизайн.
Недостатки: Аккумулятор, камера, нежный корпус который при любой возможности поцарапается даже в защитном чехле. Самый жирный минус в том что они разряжаются в ноль во время неактивного пользования примерно за 6-7 часов.
Молниеносно разряжается аккумулятор даже при неиспользовании смартфона. Камера так себе даже в режиме Про. Глубокие царапины для него не новость. Царапается даже в защитном чехле. Не советую к покупке.",otzovik.com,otzovik.com,3.0,2021-09-09,https://www.otzovik.com/review_12400848.html,neutral
"Достоинства: Хорошая камера и звук. Хороший, яркий и прочный экран. На выбор большое количество разнообразных цветов!
Недостатки: Может тормозить при большом количестве открытых приложений.
Я приобрел Samsung Galaxy a51 в сентябре 2020, сейчас спустя практически год он работает изумительно, как новый! Мне нравится качество камеры, звука. Большое количество расцветок, очень классный дизайн телефона. Качество звонков просто отличное, слышно собеседника очень хорошо без перебоев звука, меня слышно тоже замечательно! Этот смартфон с отличной батареей, держит заряд хорошо, у меня, при частом использовании, батареи хватает на +-12 часов! Цена соответствует качеству",otzovik.com,otzovik.com,5.0,2021-08-25,https://www.otzovik.com/review_12343148.html,positive
"Достоинства: Заряд держит хорошо
Недостатки: Выключается без ведомых причин
Купила я телефон месяц назад, глючить стал в первые же дни. в салоне сказали что возможно вы не обновляли, хотя все обновления провожу в срок, как только появляются. постоянно то ли выключается то ли тухнет экран, но в общем без перезагрузки не обходится. в общем не очень советую его брать",otzovik.com,otzovik.com,4.0,2021-08-24,https://www.otzovik.com/review_12338752.html,positive
"Достоинства: Мощный батарей
Недостатки: Слабый процессор
Камеры На бумаге набор камер на 48+12+5+5 Мп внушает доверие, а на практике — разочаровывает. Сканер на экран часто тормаживает телефон.",otzovik.com,otzovik.com,2.0,2021-08-22,https://www.otzovik.com/review_12332357.html,negative
"Достоинства: Хороший аккамулятор. Идеальная камера. Отличная раюота смартфона.
Недостатки: Лично для себя я не нашла минусов в данном смартфоне.
Что можно сказать о марке SAMSUNG? На мой взгляд только положительные комментарии. Сколько бы марок телефонов я не испробовала, все равно предпочтение остается SAMSUNG. Отличная продукция, работает все на высшем уровне. Данную модель телефона, а именно SAMSUNG A51 я преобрела год назад и вполне довольна своей покупкой. Ни капли не пожалела. Как уже выше написала, работает все на высшем уровне, заряд батареи держит долго, даже если целый день, например, работать. Качество камеры превосходит все свои ожидания, некоторые из профессиональных фотоаппаратов не могут передать всей урасоты, как передает данная можель смартфона. В меню смартфона все идеально и просто, не нуно часами сидеть и разбираться где что находится! У SAMSUNG A51 очень красивый дизайн, он легки, удобно сидит в руке. Лично для меня это находка из сматфона.",otzovik.com,otzovik.com,5.0,2021-08-20,https://www.otzovik.com/review_12322496.html,positive
"Достоинства: Тип цветного экрана - Super AMOLED Разрешение экрана - 2400 x 1080 Процессор - Samsung Exynos 9611 Разрешение видеосъемки основной камеры (макс) 3840 x 2160 (UltraHD, 4K)
Недостатки: Емкость аккумулятора - 4000 mAh
Этот смартфон был приобретен мной совсем не давно, буквально неделю назад, но даже за такой столь короткий промежуток времени я успел выявить много плюсов данного смартфона, минусы конечно тоже есть. Из плюсов этого смартфона я могу выделить хороший процессор ""Samsung Exynos 9611"" который очень хорошо выполняет свою работу, так же возможность съемки 4к. Из минусов самое не притяное это емкость аккумулятора 4000 mAh. На этом смартфоне можно спокойно серфить по интернету, играть в разные игрушки и вообщем получать одно удовольствие от этого смартфона. Отпечаток пальца работает адекватно только если добавить один палец минимум 2 раза, камера работает хорошо и качество просто суперское. Так же присутствует быстрая зарядка на смартфоне, смартфон заряжается от 0% до 100% за 2часа.",otzovik.com,otzovik.com,5.0,2021-08-19,https://www.otzovik.com/review_12319510.html,positive
"Достоинства: Батарея хорошая,поддержка 4к
Недостатки: Греется при зарядке
Приобрёл по случаю. Зашёл в салон пополнить счёт, но мысль о замене телефона крылась в душе. Девушки(консультанты) стали предлагать приобрести по акции новинки смартфонов. Короче купил, точнее акция была без переплат на год. Память внушила доверие, как внутренняя так и оперативная. Честно сказать-я его ещё толком полностью не изучил, хотя ему уже почти 8 месяцев. Запускал несколько приложений на нём-справляется. Посмотрим как будет вести себя дальше. Пока я доволен...",otzovik.com,otzovik.com,5.0,2021-08-18,https://www.otzovik.com/review_12315765.html,positive
"Достоинства: Качественная камера Удобное расположение фронтальной камеры Высокое разрешение экрана
Недостатки: Долгая реакция на команды
Samsung А51 своими хорошими характеристиками характеристиками относительно невысокой ценой. Что же конкретно привлекает меня в этой модели? 1. Удобный интерфейс - как активный пользователь платформы андроид, я знакома с расположением приложений, ярлыков и т. д., так что переход с Asus на Samsung не составил никакого труда! 2. Диагональ - 6,5 дюймов то, что надо! Идеально как для просмотров видео, так и для обычной работы. Однако стоит отметить, что для миниатюрной девушки, как я, не всегда бывает удобна работа с экраном одной рукой, так что возьмите это на заметку! 3. Экран с FHD разрешением делает просмотр фильмов/ видео по дороге на учёбу или работу одним удовольствием! 4. Камера НЕ в виде капельки - почти не заметна! Эта 'точка' с отличным разрешением на экране совсем не мешает при использовании телефона! Так что телефоном я осталась довольна!",otzovik.com,otzovik.com,4.0,2021-08-16,https://www.otzovik.com/review_12308876.html,positive
"Достоинства: Быстрый, красивый, удобный.
Недостатки: Не заметил.
Несколько месяцев пользуюсь этим смартфоном, он очень удобный, удивляет своим интерфейсом, а также качеством за пристойную цену. Мобильный телефон оснащён четырьмя камерами, хотя я не почувствовал, что они уж такие важные. Сам смартфон смотрится стильным и передняя камера никак не мешается в полноэкранном режиме. Sumsung A51 может быть с 64 и 128 гигабайтами. Лично взял с 64, так как много памяти на телефоне мне не нужно. Также на смартфон есть отпечаток пальца. Прикольно, когда ты прикладываешь палец к центру экрана, а не пытаешься найти отпечаток сзади. Вообщем и целом каждому рекомендую приобрести этот гаджет.",otzovik.com,otzovik.com,5.0,2021-08-10,https://www.otzovik.com/review_12286116.html,positive
"Достоинства: Много памяти
Недостатки: пока нет
Всю жизнь пользовалась тока фирмой Samsung, до этого была модель А 30, была тоже очень довольна, но со временем батарея стала быстро садиться. 3 месяца назад мне подарили А 51, он в принципе особо не чем не отличался от предыдущего, но мне важно было это, память телефона у меня на 128 Гб+ батарея. Я очень довольна, а самое приятное что камера на много лучше, фото такие четкие, еще не совсеми функциями разообралась, но как говорится все впереди, модель очень красивая, и дизайн камеры квадратом тоже очень красиво смотрится. И если смотреть по бюджету, но он вполне приемлем, не 50 тыс как другие модели, мне покупали за 17 в Спб.",otzovik.com,otzovik.com,5.0,2021-08-10,https://www.otzovik.com/review_12285634.html,positive
"Достоинства: Хорошая камера, быстрая зарядка
Недостатки: Когда телефон заряжается, начинает тормозить
Купили его ещё в мае. Порадовала камера, она снимает отлично днём, а ночью не очень. Заряжается за 1,5 часа, заряд держит примерно 8-10 часов. Игрушки тянет и сильно не греется. Это мой первый смартфон с Full HD разрешением, я радуюсь всем его функциям)",otzovik.com,otzovik.com,5.0,2021-08-04,https://www.otzovik.com/review_12259904.html,positive
"Достоинства: Хорошая камера, качественный звук, красивый дизайн, сильная батарея
Недостатки: Мало памяти(но исправит флешка)
Хочу оставить отзыв о данной модели, я всегда выбираю только самсунги, и этот оказался самым лучшим, камера ни чем не хуже, чем на последней модели айфона, мой телефон работает быстро, за год использования никаких нареканий, телефон прошёл руки ребенка (1.5 года) падал много раз))) и всё также в строю, это лучшая модель по цене и качеству, берите не пожалеете, и ,кстати батарее хватает надолго, что очень важно для меня. Единственный минус это памяти для меня мало, но всё решает флешкарта и яндекс диск, поддерживает много приложений и игр, и ничего не зависает, также в данной модели прекрасный звук. В общем ни разу за всё время использования, я не пожалела о том, что именно эту модель купила.",otzovik.com,otzovik.com,5.0,2021-08-02,https://www.otzovik.com/review_12251709.html,positive
"Достоинства: Большой экран, бюджетный вариант.
Недостатки: Слабый сенсор, со временем по бокам тупит.
Покупала младшей сестре в подарок. Красивый цвет корпуса ( голубой), большой экран, объем памяти в 128 Гб. Дарила на день рождения в декабре 2020 года, служит он ей уже 7 месяцев. Так как она подросток и телефоном пользуется постоянно, тест драйв он прошёл хорошо. За все время практически неприрывного использования не тупит, не лагает, не виснит, единственный минус данной модели, как я узнала пойже проблема сенсора (слабенкий). Хоть и сборка комплектации у него не такая дорогая, но для звонков и поверхностного использования подойдет, просто во временем начинает по бокам подтупливать сенсорный экран. Поддерживает работу текстовых редакторов Майкрасофта, бесконтактную оплату, отпечаток пальца. Возможность вставить 2 симкарты одновременно, но тогда нет возможности использовать флэшку. Подключается к ПК как модем. Модель рекомендую как бюджетную версию для работы и использования в целом.",otzovik.com,otzovik.com,4.0,2021-07-29,https://www.otzovik.com/review_12233664.html,positive
"Достоинства: Мощный, быстрый. Большая память.
Недостатки: Рамка на дисплее.
Купили мы с мужем по смартфону данной модели. В нем много преимуществ. В нем есть ВСЁ, что необходимо для человека. Перечисляю: Доступная цена. В комплекте есть наушники, это очень важно. Функциональный. Хороший, громкий звук. Качественное видео и фотосъёмка. Яркий, красочный дисплей. Долго держит заряд. Быстро думает. Большая память, данная модель имеет 128гб. Красивый дизайн. Не широкий, поэтому его удобно держать в руке. Отличные настройки и т. д. За несколько месяцев использования мы с мужем ни разу не разочаровались. Более того мы планируем приобрести ещё два смартфона этой же фирмы своим детям. Рекомендуем своим близким. Покупаем самсунг с 2006 года, и убедились, что это довольно достойные планшеты и смартфоны.",otzovik.com,otzovik.com,5.0,2021-07-25,https://www.otzovik.com/review_12217504.html,positive
"Достоинства: Большой экран Две симки и флешка Сканер отпечатка под дисплеем Много камер Удобный перенос данных
Недостатки: Бывает лагает в некоторых моментах Нет защиты от влаги
После того как мне надоел iPhone из за своей проблемы с быстрым разрядом батереи, решил опробовать что из андроидов, после долгих поисков решил взять Samsung и очень даже удивился насколько быстро андроиды догоняют по производительности и красоте Apple а за свою столь дешёвую цену по сравнении с iPhone, то это сказка, данный телефон решил мою проблему с зарядом батареи, хватает на целый день, а камера очень даже ничего себя показывает!",otzovik.com,otzovik.com,4.0,2021-07-24,https://www.otzovik.com/review_12214094.html,positive
"Достоинства: Сплошные плюсы
Недостатки: Пока не обнаружил
Хочу поделиться своими впечатлениями от Samsung A51, который был приобретен в подарок жене на День Рождения. Прошло уже полгода, яркие эмоции в самом начале перешли в рассудительный опыт, поэтому попробуем разобрать один из самых продаваемых телефонов 2020 года. Наушники и быстрая зарядка на 15 Вт в комплекте. Дизайн. Минимальные рамки, вырез селфи камеры в экране, сканер под экраном - все это смотрится очень круто. Телефон отлично собран, ничего не люфтит и не скрипит, в добавок очень тонкий и с небольшим весом. Все как и ждешь от Самсунга. Материал из пластика нисколько не смущает, тактильно он похож на стекло, материал качественный, да и все равно большинство пользователей пользуются бамперами или чехлами. Но тут тот самый случай, когда жена походила с чехлом, а после решила его снять. Действительно так телефон ощущается совершенно иначе. По дизайну А51 очень схож с S серией, можно смело всем говорить, что у тебя S20. Расположение задних камер тоже понравилось, смотрится свежо и современно. Нравится новая цветовая гамма Самсунга, телефоны имеют интересный и красивый отлив, эффект разлитого бензина в луже. Из минусов отмечу маркую заднюю крышку, которая собирает отпечатки пальцев. Дисплей. Тут однозначно 5 из 5. Только за один экран а51 уже стоит своих денег. В этом сегменте никто не может предложить такой классный экран. Цвета яркие, насыщенные и сочные, углы обзора отличные. Глаза не устают. Мне кажется, что экран 6,5 дюймов будет самым оптимальным вариантом для большинства, отлично подойдет для женской руки и в целом за счет тонких рамок и малого веса не ощущается лопатой. После покупки читал про так называемый ШИМ. По тестам в интернете А51 показывает лучшие результаты нежели флагмановская линейка Самсунга, включая S20. Почему так - не знаю. Но на большой и средний яркости ШИМ отсутствует, да и в целом не ощущается, глаза чувствует себя комфортно. Ютуб смотреть одно удовольствие. Свайпом можно развести экран во всю ширину. Производительность, работа системы В игры жена особо не играет, телефон использует для социальных сетей, просмотра фильмов и ютуба. И тут вопросов у меня нет. Интерфейс по началу работал плавно и без лагов. Спустя время мне показалось, что он стал медленнее. Особенно ощущаешь это после А71. Но телефон стоит вполне вменяемых денег и требовать от него скоростной работы не стоит, не требовательным пользователям должно этого хватить. Пробовал запускать игрушки, все тянет нормально. Смартфон Samsung Galaxy A51 фотоотличие от китайцев, Самсунг уделяет большое внимание не только флагманам, но и средне бюджетным устройствам. Скоро Телефон получит новейший Андроид 11, а спустя год и 12. Поэтому еще несколько лет он будет вполне актуальным. Как по мне OneUI самая красивая и приятная оболочка на Андроиде. Красивые проработанные иконки, анимация, продуманные разделы меню. Много фишек от старших моделей, а если точнее, то корейцы засунули сюда почти все программные плюшки от флагманов. Появилась Эйдж панель, в которой запрятано много функций. Есть запись экрана, подсветка дисплея при получении сообщений и звонков, Dolby Atmos, сценарий Биксби. Очень интересная задумка, которую надеюсь Самсунг будет развивать еще больше. Вы можете задать различные режимы работы смартфона в зависимости от ситуации. К примеру. Наступила ночь, телефон включает фильтр синего, отключает звук звонка. Или к примеру садитесь вы в свой автомобиль, смартфон подключается по блютузу, запускает навигацию, включает ваши любимые треки. И таких вариантов может быть очень много и все это настраивается. За это респект. Always on display настраивается, как душа пожелает. Можно выставить определенное время работы. Эйдж панель Отмечу и фишки самого Андроида. Снимок экрана можно сделать проведя ладонью по экрану - очень удобное решение. Селфи камера фотографирует, стоит лишь вам показать ладошку руки. И таких приятных мелочей очень много. В 10 Андроиде появились жесты, наподобие тому, что стоит в Айфонах. Но признаться честно мне не нравится быстродействие этих жестов, поэтому использую стандартные кнопки снизу. Сканер отпечатка. Он встроен в экране и это действительно классное решение. Читал, что у некоторых проблемы с срабатыванием. Работает сканер действительно медленнее стандартного, но если зарегистрировать 3 одинаковых пальца, работать начинает быстрее. Пробовал распознавание лица - работает нормально, но гораздо интереснее прикладывать палец, поэтому пользуюсь только им. Хотя зимой возможно включим и эту функцию. Камеры. Телефон на старте по курсу стоил чуть более 200-сот баксов и требовать уровень флагмана от него не стоит. Но при этом камеры приятно удивили. Основной сенсор на 48 мегапикселей при дневном хорошем освещении способен выдавать весьма отличные фотографии. Цвета яркие, сочные, их нет желания дополнительно обрабатывать. Понравился и ширик, у Самсунга они отличные и с ним а51 может запросто посоревноваться по качеству и с Айфоном 11. Правда опять же мне показалось, что из коробки он фотографировал лучше. Не знаю с чем это связанно - возможно обновление, а может и придирки. Что касается видео - радует наличие съемки в 4к, в том числе и на фронталку. В этом сегменте это очень достойно. Картинка не самая плавная, автофокус периодически подергивается. Но за такие деньги качество вполне ничего. Фронталка на 32 мегапикселя выдает вполне неплохие себяшки. Понравился ночной режим, картинка становится действительно светлее, появляется больше деталей. В тусклом помещении можно сфоткать текст, который будет очень четким. Есть портретный режим, причем и на фронталке тоже. Задний фон красиво размывается. Про макрокамеру сказать нечего. Функция побаловаться на пару раз, но все равно приятно греет тот факт, что у вас в телефоне аж целых 4 камеры в форме красивой буквы L. Аккумулятор. Емкость 4000 mA ч. Телефона хватает на 1 день активного использования - постоянный серфинг в интернете, звонки, просмотр и загрузка видео. Примечательно, что мне автономность показалась даже лучше, чем в A71. Главной проблемой по прежнему остается шлак от Андроида. Приложения могут потреблять заряд, когда их вы даже не включали. Приходится переводить приложения в спящий режим, отслеживать постоянно. К сожалению пока Андроид смартфоны страдают этим. Разъем 3,5 мм под нашники. Редкость в наше время. К плюсам также отнесу наличие быстрой зарядки прямо в комплекте. Телефон поддерживает NFC и имеется разъем под наушники, что в наше время уже становится редкость. Порадовало качество и громкость динамика, звук громкий, при просмотре видео приходится громкость ставить даже ниже среднего уровня. Вывод. Скажу так. Жене телефон нравится, претензий у нее особых нет. Поэтому от нее A51 получает 5 баллов. Я же после А71 наблюдая более тормозной интерфейс, фотографии тоже нравятся в моем больше. Но телефон стоит недорого, при этом предлагает современный и стильный дизайн, последнюю оболочку от Самсунга, 4 камеры, стильный вырез селфи камеры в экране и недоступный никому экран. При этом он меньше и удобнее А71, по эргономике для многих будет предпочтительнее. Камеры выступают меньше, а вырез под селфи камеру более аккуратный. В общем телефон безусловно обладает своими преимуществами. От меня 4 звезды, в общей сумме ставим 5. A51 дарит шарм и магию бренда Самсунг, его приятно брать и пользоваться, он дарит яркие впечатления. А это самое главное.",otzovik.com,otzovik.com,5.0,2021-07-24,https://www.otzovik.com/review_12213266.html,positive
"Достоинства: Зарядка, телефон сам по себе качественный, камера.
Недостатки: Биометрия, дорогой ремонт.
Пользуюсь телефоном около 1.5 года, работает отлично (даже с учетом того что побывал в ремонте). Камера хорошая, не супер, но для большинства пользователей подойдет. У меня версия на 64 гб, вполне достаточно, но думаю лучше взять на 128 гб. Один из минусов, это разблокирока с помщью биометрии. Отпечаток пальца просто не работает, разблокировка по лицу только на улице в солнечный день. Один из главных плюсов - зарядка, и даже не из-за того, что телефон очень долго не разряжается, а из-за быстрой зарядки. Телефон можно поставить на зарядку буквально на 30 минут пока занимаешься своими делами и телефон заряжен на 80%. Кстати о ремонте, это тоже один из минусов, потому что он очень дорогой. Сломал экран телефона, в ремонте отдал 8000 рублей (1/3 от стомости телефона). По итогу скажу, что лучше взять какой-то другой, более новый телефон от самсунг, ну или сяоми какой-нибудь.",otzovik.com,otzovik.com,3.0,2021-07-11,https://www.otzovik.com/review_12159394.html,neutral
"Достоинства: Память удобный в руках
Недостатки: Хотелось получше камеру! Защитное стекло
Данной моделью телефона пользуюсь уже около двух лет! В телефоне имеется 2 сим - карты и место для флэш карты! Но с учётом того что у меня телефон с памятью 128 гигабайт мне кажется дополнительно память мне ещё не очень скоро приходится! Камера хорошая! Не зависает! Единственный минус который относится так же к телефону это его защитное стекло! Не советую брать стекло с чёрной оконтовкой! Мне клеили три человека и всё ровно очень быстро отходят края! И ещё стекло очень тонкое! Ну а так впринципе в данном телефоне всё устраивает очень комфортно с данной моделью в руках окуратный, симпатичный с хорошей памятью и андроидом телефон!",otzovik.com,otzovik.com,5.0,2021-07-11,https://www.otzovik.com/review_12157307.html,positive
"Достоинства: Внутренний накопитель, яркий дисплей, зарядка, дизайн.
Недостатки: Цена, наушники, производительность, скользкий корпус (без чехла).
Купили в начале 2021 года за 20 490, пользуемся полгода. Изначально предназначен был мужу, позже перешёл в руки дочери. Первое, что хочу отметить, яркий дисплей и большой экран с расширением 10802400 пикселей. Объем памяти-накопителя 64гб, оперативная 4,6гб. У телефона присутствует функция быстрой зарядки, это приятно удивило. 4 камеры сзади и одна селфи-камера спереди, качество фото и видео хорошее, что также приятно. Ну и последний, наверное, плюс это сам дизайн смартфона, он идеально помещается в руке взрослого человека и подростка, да сам по себе выглядит красиво. В минусы запишу производительность, она здесь на троечку, корпус телефона без чехла скользит, его легко выронить из рук, во время записи экрана телефон начинает тормозить, не всегда, но бывает. Я ожидала большего от телефона за такую цену, так что переоценено. Сам телефон какой-то хрупкий, за полгода будем 2 раз стекло менять, самые обычные, легкие приложения иногда стали вылетать, серьёзно. Наушники. О боже, я такие в последний раз видела в 2015, кажется, очень неудобные, ушная раковина болит после ношения, выкинули.",otzovik.com,otzovik.com,4.0,2021-07-10,https://www.otzovik.com/review_12154962.html,positive
"Достоинства: Красивый дизайн, приятная оболочка интерфейса , очень насыщенные цвета экрана
Недостатки: Низкоемкая батарея, слабый процессор ( в сравнении с конкурентами)
Купил смартфон более года назад, с тех пор немного хуже стала работать батарея. В жаркую температуру, или же нагрузке тройки приложений или какой-нибудь тяжёлой игры сильно греется. Это что касается неприятных впечатлений. Если рассматривать приятные моменты этого смартфона, то стоит начать с очень хорошего экрана - матрица SuperAmoled, это говорит о многом: очень насыщенные цвета, глубокий чёрный цвет, а также чёрные места на экране не подсвечиваются, следовательно на подсветку этих мест не тратится заряд батареи. Также стоит отметить очень приятный и свежий дизайн, даже спустя более года выпуска. Ещё одним из преимуществ этого смартфона, как и многих из линейки Samsung - поддержка разработчиками новыми обновлениями более 2ух лет. Процессор не является сильной стороной этого смартфона, производительность находится на среднем уровне. Та же история и с камерой : в этой ценовой категории - это средний уровень.",otzovik.com,otzovik.com,4.0,2021-06-22,https://www.otzovik.com/review_12083197.html,positive
"Достоинства: Фотографии качественные,громко играет музыка
Недостатки: Мало памяти
Купила на новый год дочке телефон, покупаю всегда только Самсунг, нравится мне фирма. Телефон очень качественный, динамик слышно хорошо, громко играет музыка, цвета вообще ярко не сравниться с моим телефоном. Фото и видеозаписи качество бомба, даже распечатывала фотктграфии отлично, ярко прям как на профессиональные фотки. Легко подобрать чехол в магазине всегда найдётся в наличии, так же и стекло всегда есть. Покупкой в магазине мне посоветовали консультанты в Билайне и я не пожалела об этом. Иногда у дочери беру фотографии делать т. к качество на высшем уровне. Приложения скачивается без нареканий, интернет хорошо работает. Удобно держать в руке, играть тоже удобно. Я вам всем советую по цене он сейчас и стоит недорого...",otzovik.com,otzovik.com,5.0,2021-01-26,https://www.otzovik.com/review_11971957.html,positive
"Достоинства: Дизайн, хорошая ёмкость батареи, исправно работает.
Недостатки: Маркий корпус, отпечатки пальцев хорошо видны на задней крышке, нужно регулярно вытирать.
Покупал данный телефон, так как понадобился андроид смартфон для работы. Дешёвое устройство не хотел брать, поэтому выбор пал на данную модель смартфона. Выглядит стильно. Имеет яркий дисплей. Можно сказать, не глючит (очень редко подтормаживает). Памяти хватает. Батарею хорошо держит, на 1,5 - 2 дня хватает. Сложных задач на нем не выполняю. Сижу в соцсетях, смотрю видео, иногда играю в нетребовательные игры. Всё работает исправно. Пользуюсь уже более 3 месяцев.",otzovik.com,otzovik.com,5.0,2021-01-06,https://www.otzovik.com/review_11890950.html,positive
"Достоинства: красивые цвета экрана ( яркий)
Недостатки: камера в режиме видеосьмки
Хороший телефон, но камера так себе оказалась, фокус ловит долго на преближении и все размазано ... Камера когда в движении тоже не понятно, все смазано Брала телефон для фото и видео, Хотелось бы лучше качество! А фотографии хорошие яркие ) Вот такой чек вышел, телефон сам на 64 Гб, белый + карта памяти отдельно 64 Гб И туда же сотовая связь, я как раз поменять хотела. В целом не плохой, работает хорошо, не тормозит. Хотя поначалу было такое, даже хотела менять! Но походу потому что новый совсем был, потом все ок стало Приложения работают хорошо! Все поддерживает, тут без нареканий! Кстати наушников в комплекте не было. Смутило...",otzovik.com,otzovik.com,3.0,2021-04-29,https://www.otzovik.com/review_11860762.html,neutral
"Достоинства: Внешний вид, характеристики в общем, цена, экран
Недостатки: Скользкая задняя панель, некомфортные наушники в комплекте, сканер отпечатков пальцев плохо работает
Приобрели сестре этот смартфон в начале марта 2021 года (вроде, 7 или 8 числа). Я его настраивала и сравнивала со своим Samsung galaxy m21, а сестра каждый день рассказывала свои впечатления от её нового гаджета. И она очень довольна. Прошло полтора месяца, а за это время никаких жалоб не появилось. Смартфон работает исправно, без лагов. Что неудивительно при шести гигабайтах оперативной памяти, которые забить почти невозможно. Поэтому ни зависаний, ни лёгких торможений не обнаружилось за время использования. Смартфон на сегодняшний день работает так же исправно, как работал в день покупки. Как будет дальше — пока неизвестно, но на данный момент претензий к его работоспособности нет. Также следует упомянуть комплектацию данной модели. В коробке, помимо самого смартфона, находились блок питания с функцией быстрой зарядки, шнур для зарядки, скрепка для открытия отсека для сим-карт (в телефон помещается две сим-карты и карта памяти, как и в остальных самсунгах) и наушники. К блоку питания и кабелю претензии отсутствуют, но вот наушники максимально некомфортные. Так что если помимо смартфона вам необходимы наушники, их лучше докупить отдельно. Те, что прилагаются в комплекте можно использовать в самых крайних случаях. Но это отзыв о смартфоне, а не о наушниках в комплекте к нему, так что дальше на них заострять не буду. *Оставлю внизу фотографии коробки и наушников (фотографии сделаны не на samsung galaxy a51, а на samsung galaxy m21) Думаю, следующим пунктом следует упомянуть камеру данного смартфона. Она состоит из четырех объективов, то есть, телефон оснащён квадрокамерой. Она довольно хорошая, можно делать красочные детализированные снимки, но назвать камеру шикарной нельзя. Но сделать весьма добротный снимок можно без проблем. Разница с камерой самсунг гелекси м21 ощутимая. Экран. Экраны мне нравятся во всех моделях самсунга и этот телефон — не исключение. Картинка красочная, цветопередача отличная. На нажатия отзывается без задержек. Хотя сканер отпечатков пальцев работает через раз (он спрятан под экраном), поэтому сестра им не пользуется. Говорит, что неудобно. Но без учета того, что через экран сканер работает плохо, так к дисплею претензий нет. Он очень хороший. Производительность Про неё я немного говорила в самом начале отзыва. Смартфон действительно быстрый, работает без лагов. Тянет все игры, которые сестра скачивала, а от их разнообразия в её телефоне разбегались глаза (гонки, симуляторы, стратегии, шутеры и множество других). Но сестра говорит, что абсолютно каждая игра работает без тормозов. Поэтому к производительности устройства претензии отсутсвуют. Батарея Сестра заряжает телефон раз в день. С утра, перед колледжем. И до следующего утра гаджет держит заряд, выдерживая все нагрузки, возлогаемые на него подростком. Поэтому батарея отличная, никаких проблем с ней также не было обнаружено. Звук Сестра почти всегда сидит в наушниках, так что нормально оценить динамики не было возможности. Но из того, что я всё же слышала — звук не совсем чистый и очень хорошим его не назвать, но и плохим он тоже не является. Задняя панель Внешне — красота, довольна ею и я и сестра (у не телефон в голубом цвете) но поверхность очень скользкая, так что использовать гаджет без чехла — не лучшая идея. Чехол обязателен. Суммируя всё вышесказанное: samsung galaxy a51 — это хороший гаджет, пусть и ничем не выделяющийся, но способный выполнять все функции, необходимые для среднестатистического пользователя. Универсальный стильный смартфон, с отличной производительностью. Могу спокойно советовать его, не разочарует.",otzovik.com,otzovik.com,5.0,2021-04-25,https://www.otzovik.com/review_11841969.html,positive
"Достоинства: Камера, мощность, память, зарядка, nfc, запись экрана
Недостатки: Батарея, дешевая комплектующая, тайпси ( не совсем минус, к самому проходу нет, но сложно с обычного переходить на новое).
Всем доброго времени суток! Покупала телефон себе, а потом еще и сестре, уж очень он нам понравился. Опыт в телефонах у меня большой и из вех его можно считать лучшим! 4 передних камер прекрасно снимают и днем и ночью, очень нравится широкие фотки и пейзажи, камера сама отдаляется, если в кадре много людей или далекие здания, что очень удобно. Передняя камера тоже хорошо снимает, но вечером или ночью без освещения может немного сдавать. Батарея не самая мощная, при активном пользовании хватает на пол дня, но это если несколько часов без вылезания. Если же посматривать что-то в течении дня, то вполне хватит до вечера. Телефон вполне мощный, играю на нем в геншин, пабг, бравл старс и он прекрасно справляется. не фризит и не вылетает, тьфу тьфу. Покупала 128 гб и памяти хватает с лихвой. Успела покупать до нормально зарядки с одной стороны тайпси, с другой обычный проход как к пк, жаль что сейчас делают двойное тайпси. Так же огорчили дешевенькие наушники.",otzovik.com,otzovik.com,4.0,2021-04-25,https://www.otzovik.com/review_11840561.html,positive
"Достоинства: Зарядка быстрая, яркая картинка, быстро заряжается
Недостатки: Минусов не обнаружила
Всем привет!!! Хочу поделиться своим отзывом о телефоне Galaxy A51. Купила его сразу после того как сломался мой предыдущий телефон. При покупке на выбор был красный, голубой и черный. Я выбрала черный. Купила я в декабре 2020г и по сей день работает отлично. Я была приятно удивлена качеством фотографии, насыщенной картинки. Сам по себе по сравнению с Samsung G7 телефон намного легче, наверно потому что корпус пластиковый. В целом телефон стильный по внешности. Шустрый. Минусов не обнаружила. Если обнаружу исправлю отзыв.",otzovik.com,otzovik.com,5.0,2021-04-21,https://www.otzovik.com/review_11824857.html,positive
"Достоинства: экран, дизайн, камера ( в светлое время).
Недостатки: Корпус, камера ( в темное время), отпечаток пальца , фейс айди , Exynos.
Хожу с телефоном уже примерно год, за свои деньги телефон неплох, но можно взять и лучше, переплата за бред, так сказать, телефон устраивает во всех аспектах, суперский экран Super AMOLED, неплохая камера, телефон работает быстро, но брать не советую, за эти деньги можно взять какой нибудь xiaomi, ну или что нибудь похожее, а да еще у телефона плохие материалы корпуса, телефон носил все время в чехле, но все ровно вся задняя крышка в потертостях, так как выполнена она из пластика, еще камера плоха снимает в темное время суток, и вообще андройд надо брать на процессоре snapdragon, а не на самсунговском Exynos, так как телефон прослужит без лагов максимум 1.5 года. У данного телефона присутствует отпечаток пальца, встроенный в экран телефона, задумка прикольная, но реализация хромает, отпечаток очень плохо работает, а если стекло наклеить то вообще молчу, с фейс айди плюс минус похожая ситуация. Телефон по сути неплох, но не советую к покупки, так как можно взять лучше за эти деньги.",otzovik.com,otzovik.com,3.0,2021-04-15,https://www.otzovik.com/review_11791311.html,neutral
"Достоинства: Отличные технические характеристики, 4 камеры,большой объем батареи.
Недостатки: Простенькие наушники в комплекте
Телефоном очень локальна. Много различный функций. Очень мощный, до этого раньше не пользовалась данной фирмой телефонами. Но тут я просто в восторге. Камера - друзья думают, что делаю фотографии на профессиональный фотик. Отличные технические характеристики, четыре камеры. Видео получаются очень хорошие. Можно снимать в обычном и широкоформатном режимах. Зарядки хватает чуть больше суток, если пользоваться интернетом, камерой и другими функциями телефона. Если интернет отключён, то зарядки хватает примерно на трое суток. Имеются сценарии Bixby. Это такие умные сервиса для облегчения жизни. Нужное приложение будет включаться само в нужное время.",otzovik.com,otzovik.com,5.0,2021-04-05,https://www.otzovik.com/review_11741086.html,positive
"Достоинства: Быстрая зарядка Nfc Хорошая камера Четкость экрана
Недостатки: Не обнаружено
Пользуюсь этим телефоном уже 3 месяца, своих денег он стоит, много друзей мне говорили что samsung, через месяц начинает очень жестко глючить, на удивление у меня он не глючит, очень много фишек на этом телефоне, благодаря этим фишкам, все упрощается в сотни раз. Так же похвалю камеру, за такую сумму, эта хорошая камера, делает четкие и хорошие фотки, обе камеры фоткают на ура. Отпечаток пальца работает хорошо, в тот же момент если у вас испачканы руки, то отпечаток пальца не работает. NFC, что могу сказать, эта функция очень выручает, забыл карту дома, расплатился с телефона, NFC работает хорошо, в любом магазине не было проблем с оплатой. Про тигры могу сказать так, хорошо играется, каких то задержек не было мной замечено, игры летают, смартфон хорошо тянет игры, гонки, стрелялки, стратегии, очень приятно играть, все отображает плавно. Быстрая зарядка тоже хороша, выручает в быстрых ситуациях, и после держит заряд долго.",otzovik.com,otzovik.com,5.0,2021-03-25,https://www.otzovik.com/review_11688980.html,positive
"Достоинства: Эргономика, дизайн, качество фото! Все супер!
Недостатки: нет
После того, как я купила себе Самсунг А 31, стали выбирать телефон дочке. Тоже склонялись к этому, но ей нужна была функция замедленной сьемки. Как раз она оказалась в Самсунге А 51. В выборе фирмы телефона не сомневались ни на секунду, искали только необходимые функции. Очень довольны. Зарядное устройство немного отличается от привычного (не микро usb), но как показала практика, сейчас оно есть у многих в доме, поэтому подзарядить телефон нет проблем, в случае необходимости. НО!!! такая необходимость бывает крайне редко, поскольку зарядки этого телефона хватает ооочень надолго! Спасибо за это отдельное! Ребенок всегда на связи. Качество фото, эргономика, дисплей все очень радует. Телефоны качественные, пользуемся уже год и никаких нареканий. Поэтому не раздумывайте, покупайте, не пожалеете.",otzovik.com,otzovik.com,5.0,2021-03-24,https://www.otzovik.com/review_11680717.html,positive
"Достоинства: Дизайн , удобный по размерам
Недостатки: Быстро разряжается , тормозит , плохо работает отпечаток
Купили мужу телефон в 2020 году на день рождение. Наш выбор упал именно на Самсунг Гелакси а 51, цвет выбрали красный. Брали в Мегафоне, в рассрочку. Телефон очень красивый, есть выбор расцветок, удобно лежит в руках, яркий экран. В комплект входила зарядка и наушники. Первое время в телефоне все нравилось кроме камеры, но для мужа это было не важно. На счёт отпечатка пальца прямо на экране, ужасно, не реагирует, чуть только палец намокнет или замёрзнет разблокировать уже не получится. Телефон после 3 месяцев использования начал глючить, вылетать из приложений, а парой просто не включатся. С телефоном всегда было бережное отношение, всегда был в чехле и с защитной пленкой, ни разу не роняли. Аккумулятор садится очень быстро, муж пользуется телефоном очень редко ( позвонить пару раз в день и в обеденный перерыв Посмотреть что-нибудь или поиграть минут 20) приезжает с работы в 6 вечера телефон уже разряжен. Хотя когда только купили такого не было. Лично мое мнение, за такую цену можно купить телефон по лучше.",otzovik.com,otzovik.com,2.0,2021-03-24,https://www.otzovik.com/review_11679081.html,negative
"Достоинства: Камера
Недостатки: Нет
Очень хороший телефон за свою цену. Покупала в ДНС в районе 21 000. Пользуюсь больше года, никаких нареканий, работает отлично, не зависает. Хорошая камера, отличное качество видео, что было при покупке в приоритете. К звуку так же нет претензий. Телефон меняет яркость экрана в зависимости от того где человек находится, это очень удобно, например вышел на улицу и нужно срочно позвонить, то телефон сразу настроит яркость экрана, не нужно как в других телефонах искать сначало увеличение яркости чтоб разобраться что на экране. Удобный размер, легкий. На морозе зарядка садится быстро, но терпимо. К покупке рекомендую.",otzovik.com,otzovik.com,5.0,2021-02-24,https://www.otzovik.com/review_11531685.html,positive
"Достоинства: Меню очень удобное, сенсорное управление отличное. Камера очень хорошая, очень тонкий.
Недостатки: Минус только в том, что разработчики не учли про взлом аккаунта
Телефон Samsung A51, не давно стала обладателем этого телефона, на первый взгляд телефон очень красивый и стильный, дизайн выполнен великолепно, камера -отличная, все в нем хорошо, но... Столкнулась с такой проблемой, как Google аккаунт. При первой загрузки телефона, запросил ввести аккаунт, ввели, при пользовании телефона произошла такая ситуация, произошел взлом аккаунта хакером, и теперь чтоб включить телефон, нужно удалить аккаунт, этого сделать не возможно, т к телефон при включении, запрашивает пин-код, которого вы конечно же не знаете, либо войти через аккаунт Google, который был взломан, и к нему доступа нет!",otzovik.com,otzovik.com,3.0,2021-02-20,https://www.otzovik.com/review_11505177.html,neutral
"Достоинства: Плюсы с каждым обновлением и это только радует)
Недостатки: Пока не было замечано.
Совсем недавно приобрёл новый телефон, до этого пользовался ""ксяоми"" (если это можно назвать телефоном). Пользовался на протяжении двух лет, второй год зависал не имоверно, кончилось терпение купил самсунг с момента покупки не разу не пожалел он стоит своих денег и даже больше так как, модель А51 ещё свеженькая выходят новые обновления что не может не радовать, ну просто пользоваться прям в кайф, хочу отметить то что меня очень удивило, это сканер отпечатка пальца на экране сразу и не заметил, это очень удобно, если так ли? мне кажется у Apple есть серьёзный конкурент Такая работа что необходим второй телефон, скорее всего возьму ту же модель. Всем спасибо!)",otzovik.com,otzovik.com,5.0,2021-02-18,https://www.otzovik.com/review_11494851.html,positive
"Достоинства: Отличные технические характеристики, отличная камера. Не дорогой
Недостатки: Режущая глаз дешевезна
Всем привет уважаемые авторы и гости сайта! Сейчас расскажу Вам о телефоне. Но, так как я люблю всё расставлять по пунктам, то разлажу все по полочкам. 1. Упаковка не оставила меня равнодушным, напротив, очень даже расстроила. Я понимаю, что серия А не является топовой, но нельзя же так пренебрежительно относиться к клиентам. Сегодня купил А, а завтра S, но если человек купил гаджет от Самсунг в первый раз и напал на такое отношение, вряд ли он захочет покупать потом ещё что либо от этого бренда. Теперь подробнее. Например модель Galaxy S7, ту коробочку было приятно держать в руках и если честно, я оставил её себе и держу в ней всякие мелочи типа наушников и так далее. Эту же стоит хранить только ради гарантии. Ну да ладно, коробка не самое главное!) Заветная надпись 128 ГБ. Да и то, что телефон сделан в Индии, как там написано, меня порадовало, мне уже порядком поднадоело видеть на подавляющем большинстве того, что есть у меня дома видеть надпись сделано в Китае, хоть какое то разнообразие. 2. Комплектация чуть не заставила меня заплакать... Я наверное просто не привык к такому ужасу, так как в последние годы были только Гэлэкси. Зарядное устройство Проводная гарнитура Ключ для открытия слота под сим карту Конечно же сам телефон и всякие бумажки Собственно все то, что было и в Смартфон Samsung Galaxy S7, но не такого качества. 3. К скорости и качеству зарядки вопросов у меня нет, а вот пластик на ощупь совсем другой. Чувствуется, что он значительно дешевле. Стыки и переходы чувствуются довольно таки сильно и видны невооружённым глазом. каково же было моё удивление, когда я еэразвернул зарядку. Её длина всего 80 см. Я не помню, какая длина провода была у предыдущего телефона, но здесь она явно короче. Всё равно я куплю себе дополнительные кабели и в машину и домой, но то, что в базовой комплектации, где как правило лежит хороший кабель, положили такую насмешку, мне не очень понравилось. 4. Такие наушники я не видел давно... может лет 10) Если честно, я забыл что такие бывают, серьёзно они мне напомнили те наушнике, которые мне покупала мама в детстве, когда я учился в школе и денег не было в достатке, в самом простом понимании этих слов... Это какой то кошмар... Я не говорю о том, что мне не нравится эта форма, да, я люблю так называемые капельки, но эти как-то не оправдали ожиданий Вроде как не плохо выглядят, Но один проводок намного короче и не предусматривает возможность использовать их комфортно, один провод надо обернут вокруг шеи, а сама кнопочка на гарнитуре будет почти на ухе. Положу их в коробочку, пусть там же и лежат. Первый сюрприз, помимо формы это отсутствие регулировки громкости. Я всё понимаю, но на сколько же надо экономить, что даже не созвонить включить в комплектацию регулировщик громкости... Долго думал, как передать толщину проводков, и понял что она ровно толщине спички. Как Вам такие проводки? Думаю немного резко повернуть голову и провод порвётся. Но есть и значимый плюс! Собака их не перегрызёт, провод просто застрянет между зубов) 5. Сэкономили даже на ключе, пользуемся мы им конечно не часто, но такого ключа я ещё не встречал) Могли бы просто вместо ключа написать совет воспользоваться иголкой) Но, свою функцию выполняет и ладно. 6. В бумажках всё как обычно, стандартный набор, в отличие от С7, дополнительную гарантию я брать не стал 7. А вот и сам красавчик) В руке сидит приятно, хотя и несколько неудобно, большой. Но а71, который я рассматривал несколько больше, по этому взяв его в руки, решил, что вероятность падения этого телефона на пол несколько ниже и выбрал 51) Стекло приятное, сам корпус выполнен качественно. Камер не пожалели, аж 4! Они несколько выступают, по этому обязательно куплю чехол, но пока в салонах с этим беда, пользуюсь аккуратно. Задняя крышка так же не обрадовала, но об этом предупредил ещё консультант, в отличии от серии С, в этой телефоне она пластиковая. Экономия во всём. Порт зарядки находится внизу, это понятно, но зачем внизу стали размещать и порт для наушников, мне не понятно. Какая то новая фишка у Самсунга. Кнопки теперь перенеслись на одну сторону, что не могу сказать, что неудобно, просто в первые дни было непривычно. Слот для сим карты и карты памяти перенесли с верхнего ребра, на боковое ребро, что в принципе не важно, так как пользуюсь им крайне редко. 8. Камер аж 4! Зачем их столько я не совсем понимаю, но наверное так лучше) Техническое описание камер я описывать не буду, скажу лишь что оно меня устраивает. 9. Монитор яркий, мне нравится, цвета отличные, люблю яркие цвета. Мне экран очень нравится. Большой и удобный. Хотя я по прежнему стараюсь смотреть в экран телефона поменьше. 10. Меню меня не удивило ничем. Правда пришлось удалить назойливые сообщения от Яндек Дзен, жаль полностью его удалить не получилось. В принципе, все мои приложения я перенёс с С7, так что всё привычное и родное) Настройки если и изменились, то настолько незначительно, что я этого не заметил. Расположение включалок и отключалок функций, можно настроить по своему, чем я и воспользовался. 11. Батареи мне хватает больше, чем на день, несмотря на моё использование телефона в течение дня. Объём батареи хороший, так что проблем с быстрой разрядкой нет. 12. Объём памяти 128 гб. Для меня это очень важно, и теперь я снимаю и видео и фото спокойно, не боясь заполнить карту. 13. Купил телефон я в салоне Мегафон и вот почему. Пройдя по МТС, Связной, и Мегафон, они не только предложили самую выгодную цену, 22 300 р., округленно, но и предоставили скидку в размере 2 300 р. за старый телефон. Так как у меня 2 Galaxy S4, один из которых сломался и не стоит починке, второй кстати ещё работает, я предложил им не работающий. В принципе можно даже принести кнопочный телефон, если у кого ещё остался и получить скидку в размере 2 300 р. что на мой взгляд очень не плохо. По этому я и отдал предпочтение салону Мегафон. Так как телефон сломался ночью, а ждать пока его привезут курьеры я конечно же не мог, мне и пришлось прогуляться до салонов связи. Это не реклама Мегафон, как у клиента у меня есть претензии, причём серьёзные, но цена у них оказалась самая выгодная. 14. Взаимодействие с моей любимой Bluetooth гарнитурой Hoco E7 отличное, правда пока пользуюсь ею только во время прогулок с собакой, за рулём в ""самоизоляции"" особо не поездишь) Стоит ли покупать телефон А 51? Да, да и ещё раз да. Несмотря на копеечную комплектацию, начинка у него что надо. Стоит он не дорого, мне он обошёлся в 20 000 р, а технические характеристики у него намного выше чем у 7 и 8 Galaxy серии S. Прогресс не стоит на месте и я понимаю, что за 2 года техника ушла вперёд. Но получить смартфон с такими характеристиками за эти деньги, по моему просто отлично. Выбирал я между Honor 20 pro и серией А 51 и 71. 71 для меняч слишком большой, а китайца не взял пожалуй потому, что во первых привык к Самсунгам, а во вторых не доверяю китайским брендам после HTC, как то не складывается у меня с их продукцией. Да, многие скажут, что я переплачиваю за имя бренда. Но Дамы и Господа! Имя бренда - это его репутация, а репутация стоит денег) Надеюсь мой отзыв помог принять кому то решение и был интересным. Спасибо за внимание и до новых встреч)",otzovik.com,otzovik.com,4.0,2021-02-11,https://www.otzovik.com/review_11452531.html,positive
"Достоинства: Хорошая камера, долго держит батарея, узкий и удобный.
Недостатки: Нет
Добрый день. Спешу поделиться с вами своими впечатлениями о моем новом телефончике Samsung A51. Покупкой я несомненно довольна и не капельки не пожалела о своем выборе. Во первых очень красивый дизайн и я в восторге от того, что он узенький и его очень удобно держать одной рукой (даже несмотря на то, что он в селиконовом чехле). Шикарная камера, получаются очень качественные фото. Встроенная память 64 гб и возможность вставить дополнительно флэшку (если кому-то нужно больше). Батарея просто бомба, держит два дня при том, что я пользуюсь телефоном постояно по работе разговоры и вайбер, и музыку слушаю. Я очень рада, что остановила свой выбор именно на этой модели.",otzovik.com,otzovik.com,5.0,2021-02-10,https://www.otzovik.com/review_11446807.html,positive
"Достоинства: NFC, Макро камера, Отпечаток пальца под стеклом, Samsung Pay, Камера встроена в экран.
Недостатки: Пока не нашла.
Год назад муж подарил телефон. Сейчас он еще и подешевел. За эти деньги считаю отличный выбор. Samsung надежный бренд. Есть NFC для оплаты и считывания карт. Собственное приложение для оплаты Samsung Pay. Частенько в свое время попадались терминалы, которые не работают с NFC беспроводными картами оплаты, а Samsung есть запатентованная технология эмуляции даже магнитных лент. Плюс есть макро камера.",otzovik.com,otzovik.com,5.0,2021-02-04,https://www.otzovik.com/review_11413933.html,positive
"Достоинства: Экран большой
Недостатки: Нет индикаторов пропущенных звонков
Пожалел о покупке данного телефона. Вроде по характеристикам все нормально, но 1 при исходящем вызове горит белый экран около 2-3 секунд потом пошел вызов 2 нет диода напоминалки о пропущенных событиях, т. е. если не увидели вызов или смс пока не включите экран ничего не увидите. 3 батарея скорее всего не соответствует заявленной, хватает максимум на сутки, в 22:00 заряд 100% а в 06:30 уже 85% причем кроме интернета ничего не включено, т. е за ночь садится на 15%. Вроде и мелочь но до этого был старенький Хонор Р6 про и всех этих недостатков не было, а батарея железно держала двое суток, пр том что по работе я телефон не использую, только звонки родных, друзей и полазить раз в сутки в сети.",otzovik.com,otzovik.com,3.0,2021-02-03,https://www.otzovik.com/review_11407987.html,neutral
"Достоинства: Надежный, быстрый, емкая батарея.
Недостатки: Пластиковый корпус.
Отличный телефон среднего+ класса. Делает отличные снимки, даже темной ночью. Фокусировка идеальна и быстра. Фронтальная камера со вспышкой, делает не плохие фото без засветов. Насчет игр: Отлично, без лагов тянет ёмкие шутеры и даже Асфальт 9. Имеет удобный классический компас. Замеряет шаги, точно без подключения фитнес браслета. Можно использовать в качестве линейки и не профессионального уровня, нужно только скачать нужное приложение. Комплектация бедная: дешёвые наушники плохого качества, жиденький шнур зарядки. Посмотрим по эксплуатации, как себя покажут провода. Плохо, что чехла нет в комплекте.",otzovik.com,otzovik.com,5.0,2021-02-03,https://www.otzovik.com/review_11407757.html,positive
"Достоинства: запись экрана, хорошая камера, удобный в работе
Недостатки: скользкий, без чехла трудно удержать
Самсунг Гэлакси А51, купила себе в начале года. быстрая передача информации с старого смартфона на новый. яркий экран, довольно большие значки приложений. Очень громкий, как раз для любителей музыки. Можно настроить уведомления ко всем приложениям по разному. На рабочий стол можно поставить удобные для вас приложения, а те что не нужны можно перенести в меню. смартфон можете выбрать в палитре, в комплекте идет зарядка, наушники и инструкция по эксплуатации. так же в самом телефоне можно выбрать любую тему на любой вкус и совершенно бесплатно, ну есть и платные конечно. есть разблокировка экрана с помощью пальца и с помощью лица.",otzovik.com,otzovik.com,5.0,2021-01-27,https://www.otzovik.com/review_11366771.html,positive
"Достоинства: Стильный, лёгкий, быстрая зарядка
Недостатки: Цена завышена для данной модели
Доброго времени суток! Пользуюсь данным телефоном уже год и моё мнение о нём складывается двоякое. Подробнее о плюсах: стильный смартфон, камера достаточно не плохая, NFC очень безопасный (т. к. без отпечатка пальца владельца, картой не воспользоваться). Широкий экран, быстрая зарядка, хорошая память. Пожалуй, всё. Теперь о минусах использования этого телефона. Зарядка хоть и быстрая, но ненадолго. Самый огромный минус для меня-это его ужасное торможение. Виснет в самый неподходящий момент. При входящих вызовах, при листании ленты в инстаграм, самое бесячее:если захочешь включить быстро камеру, то телефон на 5 лет завис и можно больше на него не рассчитывать. При звонке, блокировка экрана постоянно отключается, я могу не заметить, как поставил на удержание собеседника или уже написал кому-то сообщение...",otzovik.com,otzovik.com,3.0,2021-01-26,https://www.otzovik.com/review_11357356.html,neutral
"Достоинства: Дизайн, экран, эргономика, автономность, уровень приёма сети, хороший экран, сборка
Недостатки: Система отпечатка пальца, качество камеры
С данной моделью телефона хожу уже полтора года. К достоинствам могу отнести хороший и модный дизайн смартфона, хорошо сделан экран очень прочное стекло, но одновременно касания проходят отлично, стекло не затормаживает касания. Так-же могу выделить хорошую эргономику. Так-же очень хорошо что Samsung решили сделать автономность что очень сильно помогает. Так-же очень хороший уровень приёма сети, ни разу не провисает подключаясь и пользуясь сетью. Хочется выделить качественную сборку данного устройства, все хорошо закручено, приклеено и прицеплено. Девайс очень долго держит заряд батареи что очень помогает в дальних походах. Теперь о недостатках. Плохо работает система отпечатка пальца в 75% случаев просто не принимает. Качество камеры слегка хромает, особенно после пользования смартфоном пол года.",otzovik.com,otzovik.com,4.0,2021-01-24,https://www.otzovik.com/review_11344682.html,positive
"Достоинства: 1.Экран 2.Дизайн 3.Автономность 4Качество звука в наушниках 5.Сканер отпечатка
Недостатки: 1. Местами фризя в оболочке 2.Реализация приложений под вырез в экране
Впечатления неоднозначные. С одной стороны вот он, новехонький блестящий красавец, даже в руке прекрасно лежит, несмотря на свои габариты, инновационный вырез под камеру, основной блок камер, как говорится в тренде, но вся эта радость рассеивается при включении. Да, весьма странно для 2020го года, но аппарат лагает прямо из коробки. Тормозило и фризило буквально все. После настройки, синхронизации и обновления приложений системы большинство фризов ушло, но все равно нет нет, да проскочит в самом неочевидном месте, я думал, что такого уже не бывает. По работе интерфейс летает вроде, но даже самые нетребовательные приложения работают порой задумчиво, причем какой то четкой связи нет. Сказывается видимо их неоптимизированность под самсунговский эксинос. Один раз вообще в меню приложений перестали отображаться все прилаги, спасла перезагрузка, но для свежего аппарата мне показалось это весьма странным. Экран прекрасен с одной стороны, но все таки от него устают глаза, видимо не зря амоледы ругают за шим. Но самый прикол не в этом: если гугловские приложения еще как то оптимизированы под работу с вырезом в экране, то сторонние работают абсолютно рандомно, зачастую просто обрезая эту область: внутренний перфекционист страдает и плачет)) сканер отпечатков видимо исправили, но срабатывает прекрасно, 9 из 10 точно, к нему вопросов нет. Аккумулятор держит хорошо, под нагрузкой полтора- два дня работы вытянет спокойно, тоже плюсик. А теперь о печальном- камера... тут все грустно, хоть и на бумажках 48 мегапикселей. Камер напихали целых 5: 4 сзади, 1 спереди, но работают они на уровне, а местами даже хуже одной камеры в iphone 6. Свет они улавливают хорошо, но толку от этого, если все, что улавливает камера, она с радостью превращает в мыло( такое ощущение, что внутри сидит акварельщик, который все фотографии размывает) короче снимки смотрятся более менее только на экране телефона.",otzovik.com,otzovik.com,4.0,2021-01-16,https://www.otzovik.com/review_11298834.html,positive
"Достоинства: дизайн, батарея, экран, цена
Недостатки: нет влагозащиты, скользкий
Купил данный аппарат после S10+, конечно после флагмана немного не то, но на то он и бюджетный сегмент. Со всеми моими задачами справляется на отлично, просто чуть медленнее. Никаких нареканий по качеству не выявлено, много что есть от флагмана, например дактилоскопический сканер встроенный в экран, что существенно облегчает доступ. Ну и конечно же экран! Просто шедевр, это SUPER AMOLED, контраст и цветопередача обалденные, что наряду с разрешением делает его изумительным. Последний Андроид и поддержка от Samsung, что не может не радовать. Батареи хватает на весь день активного использования, плюс быстрая зарядка. Дизайн тоже на высоте. Приятно лежит в руке, но лучше использовать в чехле, так как немного скользкий и есть вероятность выронить из рук. По быстродействию все в порядке, никаких лагов, фризов и т. д не замечено. Одним словом советую, прекрасный аппарат за свои деньги.",otzovik.com,otzovik.com,5.0,2021-01-14,https://www.otzovik.com/review_11283828.html,positive
"Достоинства: Легкий, тонкий,красивый дизайн, камера не хуже Айфона 8, полюбила за внешность, все приложения поддерживает на ура.
Недостатки: Зависает спустя время, батарею держит мало‍♀️
Хочу сказать что сама марка Samsung очень хорошего рейтинга. Увидела его в рекламе, и сразу в глаза бросился дизайн тонкий, легкий, да еще и 4 камеры описали его конечно на высоте. Решила приобрести! Сразу скажу первое время все очень нравилось, я его узнавала, все было высшем уровне. Но спустя где то пол года началась какая то неразбериха. По началу начал зависать, и с каждым месяцем все больше и больше, я ничего не поднималась пошла в салон сотовой связи, они сказали что надо какое то приложение чаще обновлять и он не будет зависать( ага, я же его для этого покупала чтоб обновлять приложение) меня это насторожила, и я встретила случайно человека более разбирающегося в телефонах и он сказал что они не прокачаные, и похожи на A71 что так же тупят. Я думала ладно меня уверяли что он держит батарею долго! Вранье, у меня и дня не продержался. а под конец и вообще:мне звонят, а он не зависает на моменте когда должно высветится имя того кто звонил, и пока он ""пришел в себя"" меня уже сбросили!!! Решила его продать. Так как постоянно ходить в салон времени нет!",otzovik.com,otzovik.com,4.0,2021-01-13,https://www.otzovik.com/review_11274349.html,positive
"Достоинства: отличные камеры, большой экран, шустрый, быстрая зарядка
Недостатки: с момента покупки я могу сказать что их нет за свои деньги устройство просто топ меня все устраивает
Отличный смартфон за свою цену. Купила по акции в черную пятницу, пока не жалею :))) Удобен в руке, есть функция быстрой зарядки, классный экран, много полезной функционалки (стабилизация видео, подсказки как сделать фото лучше и тд). Насчет сканера, нашла выход: сделала сканер пальца до поклейки стекла и потом второй такой же после; также поставила в настройках функцию ""чувствительность экрана"", работает отменно!!",otzovik.com,otzovik.com,5.0,2021-01-11,https://www.otzovik.com/review_11262363.html,positive
"Достоинства: Батарея,камера,много настроек системы
Недостатки: корпус,следы от пальцев
Купил себе a51, на замену своему старому a50. Доволен телефоном. Пользуюсь уже несколько месяцев. Могу отметить хорошую батарею на 4000 которой хватает аж на 2 дня, при этом используя телефон в максимальном режиме. Так же могу сказать про камеру она тут шикарная, цвет и качество фото не хуже среднего. Интерфейс работает шустро без лагов, часто приходят обновления ПО, что не может не радовать)). У экрана цвето-передача очень насыщенная так же множество гибких настроек тоже большой плюсь. Но цвет лучше брат белый, на остальных быстро грязниться. В целом телефон получится очень достойный для своей цены, не хуше премиум сегмента.",otzovik.com,otzovik.com,5.0,2021-01-06,https://www.otzovik.com/review_11233366.html,positive
"Достоинства: Качественна, съёмка
Недостатки: Если играть,заряда батареи не хватает.
Добрый день, друзья! Сегодня я хочу рассказать о своем телефоне, фирмы Самсунг GALAXY A51, который я купила в мае 2020г. Очень долго выбирала, но всётаки остановилась и сделала свой выбор в пользу этой марки. И вот по прошествии времени, решила поделиться своим мнением, по сравнению с предыдущим телефоном, который всё время тупил, зависал и глючил(очень бесил), этот -просто небо и земля. Ни каких раздражителей. поддерживает много обьемных приложений и игр, радует фото съёмкой и видио, всё очень чётко получается, без размывов. Большая внутренняя память, что позволяет хранить всю эту кучу фотографий и видио. Фотографировать я люблю, поэтому фотографий очень много, редактировать можно, хотя и в бывшем телефончике это тоже было, но здесь это как то круче получается. Играю в разные игры в свободное время, которого на моей работе бывает в достатке, правда тогда зарядки не хватает.",otzovik.com,otzovik.com,5.0,2021-01-04,https://www.otzovik.com/review_11222378.html,positive
"Достоинства: Память 64 GB.Внешний вид.
Недостатки: Остальное-одни минусы!
Долго на сайте ""Мвидео""выбирала телефон. Перечитала массу отзывов, решила купить телефон ""Vivo"", но когда пришла в магазин ""Мвидео"" в ""Озмолле"", консультанты меня отговорили. Сказали, что нужно покупать известный и проверенный бренд. Я повелась. Купила этот ужасный от Самсунга смартфон. До этого у меня были смартфоны в 2-4 раза дешевле. Даже Алкатель был намного лучше. Но не хватало памяти. В Самсунге плюс, это только память 64GD. На этом плюсы заканчиваются. Минусы: 1. Сразу стал не работать вход по отпечатку пальцем. Сначала очень долго не срабатывал, потом вообще, не могла зайти в телефон в течении 40 минут. Пришлось отказаться от такого удовольствия. 2. Бывает очень трудно куда-то зайти, а потом выйти. Особенно, когда сделала фото, а выйти из камеры. Прикасаться приходиться многократно. Часто виснет. Приходится перезагружать, обновлять. 3. Плохо работает камера. Хочу просто сделать снимок, начинает вылазить куча ненужных функций. 4. Смотришь сайт, например ""Юла"" и вдруг начинает вылазить куча окон, все сбивается. 5. Зарядку держит, как самый дешевый телефон. Утром заряжаю, к вечеру уже разрядился. Своих денег не стоит. И вообще, телефон живет своей жизнью. Куда хочет заходит, от куда не хочет, не выходит. Надеюсь, консультантам, которые посоветовали мне этот телефон, икается. Не кому не советую покупать такой телефон.",otzovik.com,otzovik.com,1.0,2020-11-18,https://www.otzovik.com/review_10965327.html,negative
"Достоинства: Экран, камера, звук
Недостатки: Нет
Прошло пол года с покупки. Телефоном доволен как слон. За это время вышло три новых обновления прошивки. Пофиксили все проблемы. Датчик отпечатка работает хорошо. По лицу-нареканий нет, только вытаскиваешь из кармана, поднимаешь на уровне глаз-открывает моментально. Аккумулятор емкости не потерял, дисплей не выгорел. Работаю таксистом, нагрузка на тело сами понимаете какое. Вообщем все в порядке.",otzovik.com,otzovik.com,5.0,2020-11-16,https://www.otzovik.com/review_10948112.html,positive
"Достоинства: Доступный девайс
Недостатки: Не замечено
Этот телефон приобрела совсем недавно, в подарок для дочери. Очень уж приглянулся. За небольшую сумму смартфон имеет кучу функций, неплохую основную и фронтальную камеру, зарядки хватает на целый день постоянного использования. Красивый дизайн. Взяла белый цвет, сзади пластик, хотя выглядит как стекло. Очень красиво переливается. Удобный размер, хороший экран. За два месяца пользования нареканий не замечено.",otzovik.com,otzovik.com,5.0,2020-11-13,https://www.otzovik.com/review_10930833.html,positive
"Достоинства: Цена
Недостатки: Нет
Сильно греется, телефон отличный. Купил его за 16 000 по акции. Сразу же понял, что чехлы для него найти трудно. В комплекте холл не положили, это огромный минус, вы для него было место. Много разных цветов но купить их сложно. Приобрёл телефон чёрного цвета, царапается быстро и экран бьётся тоже быстро. Цена приятная, экран большой. Камера замечательная, но бывают проблемы. Телефон сильно греется, даже без чехла. Сканер отпечатков пальцев работает замечательно, где-то 2 секунды. Телефон продается в коробке, которая царапается быстро. Заказывал телефона вайлдберриз, коробка пришла вся поцарапанная. Но коробке была пломба. Телефон в днс дороже намного. Рекомендую покупать на валберис. По функции в кавычках найти быстрее. Как телефон отлично, рекомендую всем",otzovik.com,otzovik.com,5.0,2020-11-09,https://www.otzovik.com/review_10911302.html,positive
"Достоинства: Камера Зарядка Функциональность Отпечаток на экране
Недостатки: Пока не нашла
Никогда не любила продукцию Samsung пока не купила а 51, классная камера, функции, память, лучше чем honor 10, красивый, зарядку хорошо держит, большой экран, в камере есть фильтры, очень красивый дизайн, у меня белый, классно переливается задний корпус, покупала его в тульской области город ефремов, в салоне связи мегафон, очень осталась довольна, девушка консультант все рассказала о нем, у него мощный процессор, очень удобно, что отпечаток находится на экране, а не на крышке телефона, две сим карты, в комплекте ещё и наушники были, плюс ещё скидка была на телефон 2000 рублей, в подарок дали адаптер, вообщем советую",otzovik.com,otzovik.com,5.0,2020-11-03,https://www.otzovik.com/review_10878827.html,positive
"Достоинства: Цена огонь. Высокая производительность
Недостатки: Быстро пачкается задняя панель
Приветствую всех. Моё знакомство с А51 началось произошло на печальной ноте, разбила свой дорогой телефон и после решила не покупать телефоны дороже 20к. Очень порадовал внешний вид(я как девушка ориентируюсь в первую очередь на этом)аккуратно смотрится основная камера, впечатление фронтальная камера, почти незаметная и по началу если она и бросилась в глаза, то спустя неделю её и не замечаешь. Производительность на высшем уровне, такие игры как асфальт не виснут. В руке лежит идеально, не скользит как а50. Отличная камера, много функций очень хорошая передача света в темное время суток. Очень порадовал отпечаток пальца на дисплее.",otzovik.com,otzovik.com,5.0,2020-10-24,https://www.otzovik.com/review_10826810.html,positive
"Достоинства: Дизайн, экран большой, камеры, функционал
Недостатки: Клавиатура (нет отдельной кнопки под смайлики) - но тут спасает возможность установки абслбютно любой сторонней клавы, перешел на gboard. Не загорается экран, когда прихдят уведомления.
Купил самсунг а51 в замен айфону 6s. Очень долго сопротивлялся андроиду, но жизнь прижала, шестерка моя умирала (все-таки 3 года проходил с ним, аккум меняный трижды уже не вывозил, камера уже не устраивала, памяти не хватало, даже с учетом того, что была подписка на айклауд дополнительная). Долго выбирал по цене / качеству телефон, китайские андроиды я отмел сразу. На айфон жалко тратить 90к-100к, тупо из-за понтов. Остановился на самсунге, долго выбирал модель, смотрел разные обзор и наконец-то решился на покупку а51. Теперь по делу: 1. Внешность - красивый, купил голубой, не захотелось ходить снова с черным телефоном, а белыз телефонов для меня не сущетсвует. Цвет на задней панельке переливается. Экран большой, выглядит, как лопата. 2. Наполнение - внутренности хорошие, аккум на 4тыс mAh. Зарядку держит целый день, с учетом того, что я целый день на созвонах и в интернете. Память 64гб + допом взял флешку на 128гб. Оператива 4гб. 3. Камеры - 4шт, до сих пор не разобрался, если честно. Основная 48пикселей, потом 12,5 и 5. Макро съемка прикольная, развлекался пол вечера. Фронталка на 8. Есть много режимов - ночная съемка, панорама, мультикадр какой-то. Внутри встроен сканер qr кода и еще много приколюх, которые мне предстоит найти. 4. Экран - цветопередача пушечная. Яркость прекрасная. 5. Крайне доволен функциями в настройках, все-таки в айфоне все ограничено, тут же ты можешь настроить все, что душе угодно. Бесплатно скачать музыку и установить звуки на уведомления и звонки (чего дорогие производители айфонов жлобят делать для своих пользователей). 6. Есть NFC, что тоже было для меня плюсом. В общем в телефоне обширный функционал, который оказался непревычным после айфона, НО дня за 2-3 привыкаешь и начинаешь презирать айфон (да простят меня фанаты яблока). Попал на акцию в магазине, покупка составила 16,5к + 1к за флешку + около 1к за бампер и стекло.",otzovik.com,otzovik.com,5.0,2020-10-23,https://www.otzovik.com/review_10820836.html,positive
"Достоинства: Красивый дизайн,большой экран
Недостатки: Нету
Идельный бюджетный телефон. если охото преобрести недорогой смартфон, но с функциями нового флагмена, то берите его, не пожалеете! качество фотографий идеальное. качечтво фронтальной камеры лучше, чем у других известных производителей телефонов. я купила телефон пару месяцев назад, и до сих пор его многие функции только узнаю. широкий дисплей, позволяет смотреть на нем фильмы, звук у телефона очень хороший, динамик работает очень громко и отлично! ни разу не пожалела о покупки этого телефона. можно вставить свою карту памяти, если мало встроенной, что я и сделала. В общем за такие деньги, нет никаких минусов Идеальный тклефон",otzovik.com,otzovik.com,5.0,2020-10-21,https://www.otzovik.com/review_10809935.html,positive
"Достоинства: Большой экран, качественная съемка фото и видео, долго держит заряд.
Недостатки: Пластиковый корпус, высокая цена по моему мнению.
Мое почтение и уважение друзья! Samsung Galaxy A51 не так давно появился в продаже и уже является одним из самых продаваемых в рознице смартфонов. Я думаю, что многие из вас также задумываются о покупке этого аппарата, и вы знаете друзья за все время использования Galaxy 51 я уже могу точно сказать, что из себя представляет этот аппарат и надеюсь, что после прочтения этого отзыва, вы сможете ответить себе на вопрос подходит вам он или нет. Многие критикуют пластиковый корпус этого аппарата. Друзья с каждым годом отличий между смартфонами верхнего и среднего ценового сегмента становится все меньше и меньше, поэтому пусть уж стекло остается прерогативой флагманов. Если мы оглянемся на несколько лет назад, то увидим, что и флагманы тогда были выполнены из пластика к тому же большинство пользователей всё равно будут использовать аппарат в чехле. В этом случае уже не важно что тут стекло или пластик. Хорошим аргументом для покупки чехла, кстати говоря, является чуть выпирающая камера, которую можно защитить только используя аппарата в чехле. Что касается остальных элементов корпуса: с правой стороны расположена кнопка power, качелька регулировки громкости, с левой полноценный слот для двух sim-карт и карты памяти при этом пользоваться двумя sim-картами. На нижнем торце находится динамик, микрофон, разъем USB и аудио разъем. На верхней части можно заметить только лишь второй микрофон. Экран имеет большую диагональ, защищенный стеклом поэтому, теоретически, можно защитную пленку не клеить, но все же я бы рекомендовал это сделать так, как стекло все-таки будет царапаться при взаимодействии с мелкими частицами. Экран тут плоский и пленка хорошо клеится. Если кого смущает круглый вырез фронтальной камеры можете не беспокоиться о нем забудете сразу как, начнете пользоваться аппаратом. Настройки дисплея в аппарате почти тоже самые что у его флагманах. Можно включить режим затемнения, и активировать жесты место кнопок. Как все мы прекрасно знаем, дисплей это одна из самых главных составляющих смартфона от его качества зависит наш комфорт при просмотре фильмов, играх просмотров web-страниц и многом другом. Базируется аппарат на 8-ядерном процессоре. Этот процессор, как раз таки, предназначен для смартфонов средней ценовой категории. Оперативной памяти в аппарате может быть 6 или 4 гигабайт, как моем случае. Конечно работает он не так молниеносно, как флагман ну и разница составляет всего доли секунд. На аппарате без проблем запускается тяжелые игры. На минимальных настройках вполне можно играть pubgmobile это будет не так комфортно, как на смартфоне с более мощным процессором, поэтому если для вас в первую очередь важны игры лучше взять один из прошлых флагманов. У Galaxy A51 всего один динамик, но достаточно громким и хорошего качества, конечно смотреть видео на youtube комфорт на смартфоне со стереодинамиками, но это пока прерогатива флагманов. Соответственно dolby atmos можно активировать только при подключении наушников. Кто бы что не говорил о не важности мегапикселя тем не менее сорока восьми мегапиксельной снимки позволяют нам более детально посмотреть информацию. Видеосъемка на этом аппарате доступна в hd качестве, но при этом при активации стабилизации, кстати здесь она работает просто замечательно. Батарея довольно большой ёмкостью 4к миллиампер-часов хватает на очень долго. По итогу хочу сказать, что при бюджете пределах 20000 рублей galaxy A51 будет отличным вариантом для по покупки. Он может предложить все, что хочет большинство пользователь от смартфона. Все самое интересное еще впереди. Всего доброго до новых встреч.",otzovik.com,otzovik.com,4.0,2020-10-16,https://www.otzovik.com/review_10786875.html,positive
"Достоинства: Внешний вид, камера, интерфейс
Недостатки: Дорогие запчасти, функция быстрой зарядки
Никогда не могла бы подумать, что телефон за 20 тысяч рублей способен на то, что выдаёт данный смартфон. Камера просто чудо, можете убедиться, посмотрев прикрепленные фото. Внешний вид телефон - отвал всего... у меня красный с отличным дизайном, который удивляет всех, кто видит телефон у меня в руках. Шустрый, памяти достаточно на все необходимое и больше. Большой экран, удобный интерфейс. Управление без нижней кнопочной панели. Из минусов увидела только небольшое неудобство выскакивания карт ""снизу"", а так же функция быстрой зарядки не такая уж и полезная, как хотелось бы. Влюбилась в этот телефон с первого взгляда как говорится. Очень много плохих отзывы и замечаний видела, но рискнула и не прогадала. P S. Также за минус можно считать дорогостоящие запчасти. Поэтому будьте осторожны.",otzovik.com,otzovik.com,5.0,2020-10-13,https://www.otzovik.com/review_10771396.html,positive
"Достоинства: Один из лучших по цене и качеству
Недостатки: Царапается об воздух
Мне нравится хороший отличный товар. Хватает на день просмотра видео и прослушивания музыки. Отличный экран. Интересный дизайн. Быстрая зарядка (и быстрый адаптер в комплекте). -Очень интересный аппарат, один из лучших по ценекачеству. -Сканером отпечатков я остался доволен, в большинстве случаев срабатывает верно. Если совместить с распознавание лица, то получается разблокировать почти всегда. -Насчёт камер ничего сказать не могу, т. к. никогда не сравнивал их, однако качеством съёмки я доволен. -Быстрая зарядка реально быстрая. -Usb type-c избавил от тыкания проводом в темноте, но гнездо явно менее прочное, чем у micro-usb. Как-то я его дернул и теперь гнездо люфити и щёлкает, хотя на зарядке это не отразилось. -Единственная большая претензия - твёрдость стекла, т. к. сканер в экране накладывает ограничения на использование защиты. Лучший вариант в данном случае - использовать чехол с бортиками, чтобы экран не касался поверхностей и не класть телефон в один карман с другими предметами.",otzovik.com,otzovik.com,5.0,2020-10-11,https://www.otzovik.com/review_10761992.html,positive
"Достоинства: Хороший экран, качественный корпус, выглядит дороже своих денег. За свои деньги вполне современная начинка.
Недостатки: Очень медленная и неточная разблокировка по пальцу, разблокировка по лицу быстрая, но только при свете. Очень медленное ПО камеры, медленный фокус, медленная обработка снимка. Больше минусов не заметил.
В целом аппарат хороший, качественный. Два минуса: 1. Разблокировка по пальцу - самый главный минус этого аппарата. Срабатывает через раз и очень медленная. Никакие обновления и перерегистрация отпечатков пока не помогают. Разблокировка по лицу быстрая, но только днем. Ночью не работает + она не безопасная (при сервисе оплаты сам Samsung позволяет только отпечаток). 2. Почему-то очень медленная работа камеры. Медленный запуск, фокусировка, переключение режимов, постобработка. Делаешь фото и пару секунд ждешь его появления, чтобы посмотреть. Качество фото весьма среднее, но это и не флагман. В остальном, повторюсь, хороший аппарат. Но за эти деньги, если вы не поклонник именно Samsung, можно найти что-то пободрее в плане разблокировки и камеры.",otzovik.com,otzovik.com,4.0,2020-10-05,https://www.otzovik.com/review_10734058.html,positive
"Достоинства: Все что есть, за свои деньги
Недостатки: Задняя панель царапается без чехла
Последние 2 года я пользовался А50, и вот решил попробовать А51. Понравился мне этот телефон с первого прикосновения. Внешне они различаются очень сильно, но по эргономика все осталось как прежде, телефон лежит в руке очень удобно, лёгкий, тонкий. Задняя панель, выполненная из пластика, получила не просто градиентные расцветки, а еще и узоры, замысловато переливающиеся под разными углами. Дисплей. Super AMOLED занимает почти 90% передней панели телефона. Все также круто ведёт себя при солнечной погоде, на экране при большой яркости видно ВСЁ. Разрешение 1080:2400. Железо в А51 изменилосьне сильно, но при этом хватает на пару десятков открытых приложений и большого количества вкладок без лагов. Все новые игрушки тянет без каких либо нареканий. Камера. Конечно же SAMSUNG не могли избежать тренда с квадрокамерами. 4 камера дают очень качественные снимки как днем так и ночь. Причём проблема разиазаных краёв объектов на фото была исправлена. Теперь видео можно снимать в 4К, однако, эффективно стабилизация работает только в 1080. Аккумулятор. Ёмкости в 4000 хватает почти на сутки. Зарядка от 0 до 100% занимает примерно 1 час 40 мин. Сканер отпечатка пальца. Расположен под экраном и работает намного лучше, чем в А50. На 20 раз совпадений не было найдено всего лишь 1 раз. Но это когда пальцы были чистыми. Распознавание лица работает так де на отличном уровне. Конечно на рынке есть много конкурентов за те же деньги, но на вкус и цвет товарища нет. Пользуюсь А51 уже 2 месяца, и за это время понял, что Samsung делают качественный товар, и денег на это на их продукцию тратить не жалко). Падал пару раз, все целое. Задняя панель царапается так же, как и на А50. Поэтому без чехла носить не стоит.",otzovik.com,otzovik.com,5.0,2020-09-22,https://www.otzovik.com/review_10670240.html,positive
"Достоинства: Удобный, быстро работает, хорошие камеры и их режимы, хороший динамик, красивый дизайн
Недостатки: Нагрев устройства, отсутствие записи экрана
Совершила покупку данного девайса в марте 2020 года. Хоть и прошел достаточно маленький период времени, но я уже могу рассказать о плюсах и минусах пользования Samsung Galaxy A51. В целом, смартфон удобно лежит в руке, размер смартфона хорошо ляжет в ладонь как мужчине, так и женщине. Что касается дизайна, то главная изюминка телефона является переливающееся на свету задняя панель устройства. (Даже жалко такую красоту перекрывать защитным чехлом). Фронтальная камера снимает видео потрясающего качества, да ещё и можно настроить широкоугольный режим. Сама фронтальная камера занимает не много места на передней панели устройства, что очень хорошо. И при работе дисплея фронтальная камера не выделяется ""чёрной капелькой"", как её называют, а становится просто частью дисплея. Батарея держится на протяжении всего дня при средней нагрузке на телефон. К тому же, есть функция экономия энергии и закрытие приложений, которые работают в фоновом режиме через ""обслуживание устройства"" в настройках. Звук через динамик чистый и без особых нареканий. Меня возмутил, следующий факт - на устройстве нет встроенной функции записи экрана, приходится скачивать посторонние приложения из Play market (Для меня запись экрана немаловажная фишка). Также, из минусов можно выделить нагревание устройства в солнечных местах и при зарядке.",otzovik.com,otzovik.com,5.0,2020-09-09,https://www.otzovik.com/review_10614315.html,positive
"Достоинства: Отличное соотношение цены и качества смартфона Samsung Galaxy A51 2020 6/128GB Black. Объем оперативной памяти, функциональность, характеристики фотокамер, цвет. Наличие аксесуаров (защитное стекло, чехлы и тд)
Недостатки: Пока всё нравится
Samsung Galaxy A51 2020 – элегантный смартфон, сочетающий экстравагантный дизайн, необычные цвета корпуса и высокий уровень технического оснащения. Он получил полностью безрамочное исполнение, а 6,5-дюймовый Super AMOLED дисплей занимает практически всю лицевую поверхность. Фронтальная камера на 32 МП Samsung Galaxy A51 2020 спрятана в миниатюрном вырезе в самом экране. Дополнительно в него встроен еще и сканер отпечатков пальцев. В качестве аппаратной платформы используется фирменное 8-ядерное решение компании Exynos 9611, дополненное графическим ускорителем Mali-G72 MP3. Основная камера смартфона состоит из четырех модулей: 48 МП, 12 МП и пары по 5 МП. Они позволяют вести запись видео в разрешении 3840х2160 точек с частотой 60 к/с, замедленную съемку с частотой 240 кадров, а также делать фотопортреты с эффектом Боке. Дополнительно Samsung Galaxy A51 2020 оснащается модулем NFC, а также поддерживает быструю зарядку на 15 Вт. Почти 5 лет пользовался Xiaomi Redmi 3 Pro и пришло время изменить гаджет на более новее и функциональнее. Так как братья чистого китайца больше не захотел то выбор пал на производителя Samsung и изо всех модельных рядов захотелось действительно свежий телефон серии Samsung Galaxy A. Выбирал между моделями А-50, А-51 и А-70 оценив все свойства телефонов и их габариты взял себе именно Samsung Galaxy A51 2020 6 / 128GB Black. Во-первых, он более новийший и вылизанный в отличие от А-50. А во-вторых, размеры Самсунга А-70. Телефон очень симпатичный и функциональный",otzovik.com,otzovik.com,5.0,2020-09-08,https://www.otzovik.com/review_10609819.html,positive
"Достоинства: Цена Камера Зарядка
Недостатки: Бывает тупит Отпечаток пальца
Привет всем! Я была долгой обладательницей только айфонов, нравилась сама системы, никогда не тупили, но Цена всегда кусалась, зато очень надежно. И тут мой дорогой айфон сломался, начал выдавать ошибку память закончена, хотя было ещё 2 гб, кэш я почистила, но ничего не открывалось. Работаю я удаленно и телефон нужен был срочно, что бы был и функциональный и удобный и камера хорошая и приемлемая Цена. В распоряжении было всего 19000 рублей свободных денег, я пошла в днс и выбор пал на Самсунг а51 белого цвета, цвет не маркий, разводов как на чёрном не видно, предлагали ещё Хонор, но мне не понравился. И так о телефоне, Самсунгом я пользуюсь впервые, навигация для меня сложнее чем на айфон, есть главный экран, почему бы сразу не разместить там все ярлыки по папкам, ну ладно к этому легко привыкнуть. Отпечаток пальца, за 2 недели пользования заметила что реагирует не всегда, так же как и на внешность, как будто я каждый раз разная. Поэтому за это самсунгу минус, благо это происходит не часто и можно набрать пароль, но это менее удобно. приложения такие же как и на айфоне. Экран яркий хороший, на солнце видно очень хорошо. Камера меня порадовала, я ожидала от фотографий качество хуже, Но почему то плохо работает стабилизатор изображения, либо там его вообще нет, классно работает макросьемнка, почему то не нашла портретную сьемку, в темноте фотографии оставляют желать лучшего так же как и на многих телефонов. Работает шустро, но уже иногда тупит, переключаясь между приложениями, айфон в этом плане будет побыстрее. Диагональ экрана отдельная тема, очень не люблю большие телефоны, но тут он очень даже удобный, помещается в руке, без чехла скользит, задняя панель пластик, красиво переливается, что не даёт ему казаться дешевым. В принципе покупкой довольна за 15990 рублей это вполне приличный телефон с хорошим функционалом, не знаю как он проявит себя в дальнейшем, буду надеятся что не сходнет через пол года. Зарядку держит более менее активной работы на нем 9 часов.",otzovik.com,otzovik.com,4.0,2020-09-07,https://www.otzovik.com/review_10604042.html,positive
"Достоинства: 1. Большой экран 2. Стильный дизайн 3. Камера 4. Звук
Недостатки: 1. Довольно быстро нагревается , но при этом не зависает). 2. Советую сразу купить защитное стекло, так как ремонт стекла в случае поломки будет стоить довольно дорого!
Я приобрела данный смартфон 31 июля 2020 года в магазине DNS. На данный момент пользуюсь смартфоном почти месяц. За это время можно найти как плюсы в использовании, так и минусы. Я купила смартфон в чёрном цвете. Хотя белый мне по внешнему виду понравился больше, но решила взять чёрный, так как до этого у меня был смартфон белого цвета. Стоит отметить, что смартфон продаётся по довольно демократичной цене. А в магазине ещё и сделали скидку 3000 рублей, что очень приятно. Самсунгом пользуюсь впервые, поэтому этот опыт для меня новый. Но в итоге оказалось, что смартфон стоит своих денег. Ниже я подробнее указала плюсы и минусы, которые выявила через месяц пользования данным смартфоном.",otzovik.com,otzovik.com,5.0,2020-08-28,https://www.otzovik.com/review_10564505.html,positive
"Достоинства: красивый дизайн, большой экран, отличная камера, объем памяти, срок службы батареи.
Недостатки: открытие приложений могло быть немного быстрее, блютуз чувствителен к помехам.
Сам телефон очень лёгкий . Экран большой, но не слишком большой. Цвета всплывают, приятно видеть. С точки зрения скорости это сначала немного разочаровало. S7 открывает большинство приложений даже быстрее, чем A51. Корпус очень красивый, но очень гладкий. Даже настолько гладкий, что просто выскользнет из кармана, когда вы сидите на стуле. Таким образом, чехол - не лишняя роскошь В целом, это отличное устройство по хорошей цене. Особенно, если вы используете его для «нормального» использования и не хотите играть в тяжелые игры.",otzovik.com,otzovik.com,5.0,2020-08-22,https://www.otzovik.com/review_10533354.html,positive
"Достоинства: Отличная камера, высокая производительность, насыщенный экран
Недостатки: Большой размер, хрупкий
Всех приветствую! Хотелось бы рассказать о данном смартфоне. Когда впервые включил его, сразу заметил насыщенность и яркость экрана, просто глаза радуются! Четкость камеры, автофокус, зум просто на высоте, можно записывать видео в формате 4к! Так же производительность смартфона не может не радовать. Можно играть в абсолютно любые игры на любых настройках. Могу добавить еще что телефон совсем не греется, даже после того как я его использовал 3 часа подряд. Еще радует объем как встроенной памяти, так и оперативной. Телефон отличный, единственные минусы для себя я смог найти то, что смартфон большеват и легко бьется. Ну а вообще за свли деньги это если не самый, то один из самых лучших вариантов!",otzovik.com,otzovik.com,5.0,2020-08-18,https://www.otzovik.com/review_10517335.html,positive
"Достоинства: Дизайн
Недостатки: Батарея(в играх),камера,дисплей.
Купил данный смартфон потому что до этого был Samsung Galaxy Grand 2 Duos. Почему именно этот потому что сразу понравился современный дизайн. Перед тем как его купить посмотрел куча обзоров на ютюбе все его хвалили вроде камера супер и характеристики невероятные. Купил я его пришел домой и включаю камеру и смотрю что полно шумов камера выглядит хуже чем Grand 2 Duos реально при плохом освещении. Ладно проверил заднюю тоже самое полно шумов и фокус плохой(размыто и очень долго фокусируется). Я не понимаю зачем там 4 камеры 48 мегапикселей маркетинг какой-то. Так еще к этому батарея быстро разряжалась. При игре Brawl Stars почему-то прерывалась связь. В общем прошло уже 2 недели как я им пользуюсь проверил заряжается с 0% до 100% за 2 часа. За 8 часов в безопасном режиме ушло 5% а в обычном если зарядки меньше 20% процентов за 8 часов полностью 20% просто куда-то уходит. Дисплей плохо откалиброван. Никогда не рекомендую вам покупать бюджетные модели от samsung.",otzovik.com,otzovik.com,3.0,2020-08-18,https://www.otzovik.com/review_10515744.html,neutral
"Достоинства: Отличная камера, красивый внешний вид, очень яркий экран, удобный интерфейс
Недостатки: Слабая батарея
Итак, муж фанат самсунгов, поэтому моим новым телефоном стал именно этот смартфон. Материал корпуса - пластик, но достаточно красиво оформленный (у меня белый перламутровый), сам телефон тоненький, изящный, красивый и стильный, а 4 камеры на задней панели добавляют ему некой брутальности. Очень удобный, идеально лежит в руке, кнопка отпечатка пальца расположена внизу экрана, что поначалу было непривычно, но буквально после несколько использований поняла, что это гораздо удобнее, чем на задней панели) в комплекте были простые наушники. Интерфейс очень понятный, телефон полностью можно настроить под себя, я например заменила кнопки ""домой, назад и недавние приложения"" на жесты и теперь наслаждаюсь полным экраном) отличный звук, потрясающий экран и цветопередача. Сначала показалось, что камера хуже, чем на моем предыдущем телефоне, но чуть чуть поразбиравшись, все стало идеально. Фотографии днем не отличишь от профессиональных, вечером тоже отличное качество, ночью фоткает, но чудес в этом плане ждать от бюджетки не стоит. Единственный минус - слабая батарея, многие пишут, что хватает на два дня, но это не про меня, мне на сутки не хватает, может потому что сын в игры играет, не знаю. В целом, я довольна, прекрасный телефон за эти деньги!",otzovik.com,otzovik.com,5.0,2020-08-17,https://www.otzovik.com/review_10508544.html,positive
"Достоинства: Низкая цена, игровой процессор, безрамочный экран, довольно хорошая камера для самсунга + хороший зум, в целом мощный телефон.
Недостатки: Короткий кабель, иногда неудобно заряжать телефон, наушники старого поколения, не совсем удобные, не понравилось то, что производитель не кладёт чехол, как делают это другие.
Телефоном пользоваться стала недавно, в целом хороший телефон, нормальная камера макрообъективом, который никак мне не пригодился, игры тянет, ничего не зависает.",otzovik.com,otzovik.com,4.0,2020-08-16,https://www.otzovik.com/review_10506209.html,positive
"Достоинства: Экран Безрамочность Камеры, они суперские тем более за такую цену
Недостатки: Это не совсем минус, но все-же хотелось бы аккумулятор чуточку помощнее. У меня он ещё не падал, но что-то мне подсказывает что при ударе экран придётся менять. Не знаю как у других, но мне кажется что он скользкий
Такс, с чего бы начать. Брал не особо надеясь на чудо. Но как я ошибался. В первую очередь может показаться что фронтальная камера будет мешать, но уверяю это не так. Нет, в самом начале она конечно будет бросаться в глаза, но после недели вы про неё забудете. Камеры. Про фронтальную ничего сказать не могу, просто обычная камера, не самая плохая, но и не самая лучшая. А вот основной модуль порадовал, при плохом освещении он снимает очень хорошо, а при нормальном так и от IPhone не отличить). Из приятного ещё есть сканер отпечатка пальца, спрятан под экран и довольно шустро работает. Мощности хватает, игры не лагают Мой вердикт таков, если вы хотите отличный телефон за 15 тыс. то это ваш выбор.",otzovik.com,otzovik.com,5.0,2020-08-16,https://www.otzovik.com/review_10505678.html,positive
"Достоинства: Качество фото, дизайн, регулярное обновление, удобный в использовании.
Недостатки: Пачкается задняя панель, супер аммалет стекло, самое дорогое и легко разбиваемое
Качество фотографий просто шикарное, очень много различных эффектов и функций, регулярно выходят обновления, удобны й в использовании, различные цвета телефонов, вроде большой экран но он максимально легкий и тонкий, красивый дизайн. Сама пользуюсь телефоном пол года, ждала пока появится в нашем городе, не капли не жалею что купила, телефон который не состарится еще длительное время, элементарно по дизайну. Батарея спокойно держится 2 дня при использовании интернета.",otzovik.com,otzovik.com,5.0,2020-08-14,https://www.otzovik.com/review_10496992.html,positive
"Достоинства: Долго держит зарядку Быстро грузит интернет Хороший удобный экран
Недостатки: Плохие наушники
Я хочу поблагодарить создателей этого телефона. Я недавно купила его и уже довольна. Мобильный интернет быстрый(4g), приложения бысто загружаються, а так же телефон долго держит зарядку, для меня это важно. Я человек который очень часто сидит в телефоне и предыдущие мои телефоны совсем не держали зарядку, а тут я могу сидеть в телефоне хтть 24 на 7. Могу сказать что Samsyng Galaxy, скоро будет круче фирмы Appel в 100 раз. Я ни капельни не сожалею что я купила этот телефон, спасибо этой фирме Минусов у этого телефона я пока что не увидела, ноя хочу сказать чтобы в коробку с телефоном положили другие наушники, мне пришлось отдельно покупать их, т. к. наушники в коробке были не удобные! А в общем телефон хороший.",otzovik.com,otzovik.com,5.0,2020-08-11,https://www.otzovik.com/review_10481899.html,positive
"Достоинства: Яркий экран, смартфон не зависает. Быстрая зарядка.
Недостатки: Пока что не нашла
Привет всем читателям отзовика, давно я ничего не писала. Дело в том, что мой sumsung j7 neo сломался и я не могла зайти в отзовик. Недавно я приобрела новый sumsung galaxy A51. Стоимость у него средняя 19000, а в подарок дали яндекс станцию мини (покупала в связном). Итак, надеюсь вам будет полезен мой отзыв. Если это так, то не поленитесь поставить лайк, а я взаимно лайкну вас. Начнём как обычно с внешнего вида. У меня смартфон белой расцветки. Выглядит смартфон очень стильно, крышка стеклянная и красиво переливается разными цветами, 4 камеры. Спереди рамок нет, здесь только незаметный динамик и камера. Телефон удобно лежит в руке, лёгкий, не слишком большой, но и не маленький (экран 6,5""). Пробежимся по характеристикам. Экран Super AMOLED, процессор Exynos 9611 (8 ядер), оперативная память 4 Gb. Встроенная память у меня 64 Gb, есть на 128 Gb. Ну и многое другое, если интересно то остальные характеристики можно найти в гугле. Так, посмотрим на камеру. Вот фото сделанное на основную камеру: Широкоугольгый режим: Фронталка: Широкоугольгая фронталка: Работает смартфон шустренько, пока не зависал, но ему всего несколько дней. Памяти хватает на большое количество приложений и фоток. Телефон удобный в использовании, экран яркий. Есть отпечаток пальца (встроен в экран, с плёнкой или защитным стеклом работает через раз) и распознавание лица (не работает в темноте). Как и в других новых моделях sumsung, эта моделька поддерживает sumsung pay. Ещё хочу выделить огромный плюс, это быстрай зарядка, телефон действительно быстро заряжается. Разъём Type-C, кому-то это может не понравится, но я считаю это плюсом. Полной зарядки мне хватает на весь день, иногда приходится подзаряжать (я провожу очень много времени в телефоне)",otzovik.com,otzovik.com,5.0,2020-08-08,https://www.otzovik.com/review_10467407.html,positive
"Достоинства: Экран, отличный вид, камеры
Недостатки: Пластиковый корпус, распознание отпечатка очень плохое
Решила заменить сыну телефон на Самсунг, выбирала между А51 и А71, в итоге сэкономила :-) . Вот так выглядит коробочка, телефон бюджетный, поэтому все скромно. Комплектация-зарядное устройство и проводные наушники. Зарядное устройство быстрое, 15 Вт. Разъем- USB, тип С. В телефоне есть разъем для наушников, кстати, в комплекте есть проводные наушники. На наушниках есть 1 кнопка. Скрепочка для открывания лотка тоже есть. Еще внутри коробки было краткое руководство, оно ну очень краткое, поэтому на всякий случай я закачала себе полное, из интернета. Корпус телефона пластиковый, хотя выглядит как металл. Сзади телефон выглядит потрясающе. Но все это обязательно обдерется, ибо пластик, поэтому я предварительно заказала в Китае чехол. Камера для селфи - капелька 32 Мп. Камер 4: верхняя на 5 Мп (камера глубины), внизу основная на 48 Мп, ниже на 12 Мп широкоугольная, рядом на 5 Мп для макросъемки. Также в этом блоке - вспышка. Видео снимается в 4К. Только включила телефон-тут же полетели какие-то обновления. Разблокировка сделана тремя способами - отпечаток, по лицу и с помощью рисунка. По лицу работает отлично, отпечаток пальца срабатывает откровенно тормозно и не с первого раза, рисунок-тоже безупречно. Если будете брать себе, чтобы проплатить на кассе с NFC-сенсор ужасен. Распознание по лицу не сработает из-за маски, а отпечаток, скорее всего, будет распознавать ооочень долго, с десятого раза. Экран потрясающий, цвета насыщенные, при таком же разрешении экрана другие телефоны проигрывают Самсунгу (прежде чем купить, ходила и смотрела в магазине) . Камера снимает неплохо, в темноте ожидаемо качество падает. Стереозвучания нет, звук моно, вполне сносный. Недавно задались вопросом - как же сделать скриншот, в шторке нет такой функции? Кнопкой включения и кнопкой уменьшения звука, нажатыми вместе. Не сильно удобно, но возможно. Брала на распродаже в М-видео, поэтому смогла позволить себе память 128 Гб, а с 64 Гб телефон стоил вообще 16990. По-моему отличная цена за новинку 2020 года. Дополнение после эксплуатации. Телефоном пользуемся, как обычно, но заметили, что аккумулятор емкостью 3750 у Хонор 8Х (старенькая модель, ему 2 года) держал заряд дольше, чем новенький Самсунг с 4000. И еще-больше, чем встроенная клавиатура понравилась клавиатура гугловская, которую установили из магазина приложений. Еще дополнение. Немного неудобным показалось создание скриншота. Есть возможность настроить телефон, чтобы делать скриншот жестом ребром ладони. Немножко побаловались и тоже не понравилось, неудобно. В итоге поставили из магазина приложений программу для скриншотов и записи экрана. Если честно, видно привыкли, что в Honor 8x скриншот был в шторке.",otzovik.com,otzovik.com,5.0,2020-07-29,https://www.otzovik.com/review_10417250.html,positive
"Достоинства: Дисплей
Недостатки: Цена, процессор.
Приветствую, недавно у меня побывал в руках этот телефон, скажу сразу, телефон неоднозначный. Дизайн. Телефон приятно держать в руке, как по мне, он слегка большеват. Задняя крышка пластиковая, глянцевая, очень маркая, как по мне, неудачное решение. Дисплей у телефона безрамочный, кажется странным вырез под фронталку посередине, но при этом он находится чуть ниже верхней рамки дисплея, думаю с этим можно смириться. Добавлю, телефон скользкий, ОЧЕНЬ СКОЛЬЗКИЙ. Дисплей. Самсунг как всегда на высоте в этом аспекте. 6,5 дюймовый super AMOLED Gorilla glass 3. 90 Герц, к сожалению, южнокорейская компания не ""завезла"". Но я не уверен что самсунговский Exynos их хоть где-то отрисует. DC Dimming есесно есть. Аккумулятор. Литий-ионный аккумулятор на 4000 mah позволяет пользоваться телефоном весь день. Есть быстрая зарядка 15 Вт, если честно, это тухло, Realme за эти деньги предлагает быструю зарядку на 30Вт. Заряжается телефон за 1,5 часа до 100%. Камеру оценить не могу, этим в телефоне я пользуюсь редко. Казалось бы неплохое устройство, но Самсунг опять поставили свои фирменные процессоры. И вот с этого начинается ад. Глюки, баги, постоянно отваливается Bluetooth и интернет. Казалось бы, отнесите телефон и поменяйте, НО НЕТ! Эта проблема есть почти во всех Самсунг. Не помогает ни перезагрузка, ни изменение режимов. Резюмируя вышесказанное, телефон был бы отличным, если бы Samsung не поставила свои ""топовые"" процессоры. Это печально, даже очень, Самсунг сами себя закапывают, но люди то ""схавают""...",otzovik.com,otzovik.com,3.0,2020-07-27,https://www.otzovik.com/review_10410677.html,neutral
"Достоинства: 4 отличные камеры, хорошая батарея, высокая производительность, качество на высшем уровне, экран без обрамлений, комфортно использовать
Недостатки: Пока минусов не обнаружила
Был выбор между этим телефоном и 11 айфоном, но я предпочла взять Samsung A51 Данный телефон устраивает меня по всем своим параметрам: -в нём имеется отпечаток пальца, который расположен удобно (в нижней части экрана), -также присутствует распознание лица, -заряд батареи сохраняется на длительное время (до 1,5 суток), -имеется 4 камеры, одна из которых 48 Мп!!! -высокая производительность, поддерживает различные игры, -удобно держать в руке, самый подходящий, по-моему мнению, размер, -в комплекте имеются наушники, что не мало важно, -имеется бесконтактная оплата, Пользуюсь телефоном 16 дней, довольна качеством фотографий Телефон вообще не нагревается до высоких температур, но нагрев всё таки присутствует Рекомендую данный телефон, особенно в тех случаях, когда небольшой бюджет, но хочется качественным гаджет",otzovik.com,otzovik.com,5.0,2020-07-24,https://www.otzovik.com/review_10395535.html,positive
"Достоинства: Хорошая цветопередача, большая емкость аккумулятора, быстрота
Недостатки: Явных нет
Всем здравствуйте! Очень много времени потратил на поиск подходящего для себя телефона. Рассматрел множество вариантов. Старый Самсунг служил мне верой и правдой много лет, поэтому наверное мой выбор остановился на этой модели телефона. Телефон действительно хорош. Очень большой функционал. Можно настроить под любого пользователя. Быстро реагирует на запросы. Заряда аккумулятора хватает на денъ активного пользования телефоном. Большой выбор режимов съёмки фото и видео. Хорошая цветопередача экрана. Хорошо ложится в руку, ощющается приятная тяжесть. Правда без чехла, материал корпуса телефона, скользкий.",otzovik.com,otzovik.com,4.0,2020-07-23,https://www.otzovik.com/review_10389396.html,positive
"Достоинства: камера, память, экран, удобный
Недостатки: надо разбираться в настройках
Добрый день, наконец приобрел новый телефон Самсунг А 51. Хотел бы рассказать, что приобрел его по акции проводимой оператором Билайн в рассрочку. Акция интересная за него фактически первоначально ничего не теряю, подарили связь, интернет и ТВ на год бесплатно, плюс в подарок аксессуаров на три тысячи. Но сейчас не об этом, телефон действительно хороший, камера впечатляет снимками, но пока как то идет искажения – надо настраивать, экран яркий и радует глаз. Слышимость собеседника отличная. В руке лежит удобно, несмотря на размер экрана – кажется компактным. Память 128 гигабайт радует. Не зависает и не глючит, зарядки на сутки, при активном использовании хватает. В сравнении с Ксиоме - Самсунги надежнее. Первое впечатление пока такое, дальше посмотрим. Всем советую данный аппарат!",otzovik.com,otzovik.com,5.0,2020-07-17,https://www.otzovik.com/review_10362928.html,positive
"Достоинства: соотношение цена/качество,экран, камера широкоуг.+макросъемка
Недостатки: корпус-пластик,отсутствие стабилизации видео,постоянные обновления от самсунга (очень надоедают)
честно сказать-я не поклонница смены телефонов, но мой xiaomi redmi 3s pro уже не тянет обычные бытовые задачи... долго примерялась к разным моделям смартов в ценовой категории до 20 тыс и лучше Самсунга А51 не нашла ничего). по эргономике-телефон приятно лежит в руке, несмотря на довольно большой размер. Скользит, но эта проблема решается чехлом. так же я бы рекомендовала сразу купиль стекла на камеру и дисплей, ибо проще купить новый смарт, чем восстанавливать разбитый амолед. Экран просто волшебный, адаптивная яркость, очень насыщенные цвета. рекомендую брать 128гб, если не планируете ставить флешку, приложения и фото занимают много места. Камера хорошая, но, в отличии от флагманов, практически отсутствует стабилизация, особенно в видео. динамик моно, достаточно громкий. большой плюс в его расположении- захочешь-не перекроешь), немного шипит, если музыку включить на полную громкость. Не знаю, как телефон ведет себя в игровом режиме, но в режиме фотографирования, использования соц сетей и просмотра видео мне его хватает на день с хвостиком. впринципе, баттарея стандартная на 4000 м/а. ну и еще много класных фишечек от самсунга вроде always on display, удобного и понятного интерфейса... комплектация конечно забавная, не думала, что наушники капельки еще делают... зато зарядка быстрая. в целом достойный смарт и по начинке и по внешнему виду. Рекомендую!",otzovik.com,otzovik.com,5.0,2020-06-29,https://www.otzovik.com/review_10274015.html,positive
"Достоинства: Быстрая зарядка, NFS, качественная камера, хороший экран, качественный звук, выносливый процессор, возможность
Недостатки: Нету
Хороший смартфон. Очень понравилась камера данного аппарата, отпечаток шустрый, экран четкий, при просмотре фильмов передает всю его реалистичность, советую именно эту модель для тех кто любит поиграть, так как процессор это позволяет, нфс чуткий, звук у данного смарфона достаточно хороший, чистый, есть водонепроницаемость, сам проверял опуская его в воду примерно на 40 см. В коплекте качественный шнур зарядки, блок хороший, есть функция быстрой зарядки, телефона с полной зарядкой хватает как минимум на 8 часов если играть непрерывно. Смартфон мне очень понравился, я не жалею что его купил, оно того стоит)",otzovik.com,otzovik.com,5.0,2020-06-21,https://www.otzovik.com/review_10235982.html,positive
"Достоинства: Камера 48 мп, ОЗУ, быстрая зарядка
Недостатки: Отпечаток пальца(knox2)
Доброго времени суток, читатель!) Приобрел в начале мая 2020 года себе данный гаджет, да цена кусалась, но я решил. По дизайну: Стильный гарилаглаз 2, на задней крышке изображена векторная графика, 4 камеры со вспышкой в одной блоке, и фронтальная камера встроена в передней экран. Телефон сам по себе удобно лежит в руке. Зарядку держит сутки, если целый день почти играть, имеет два вида экономии, последняя его заставит жить около 6 дней, при полной зарядки, а заряжается за 2-3 часа, т. к. имеет встроенную зарядку. делятся на два типа по оперативке, на 4 и 6, советую брать на 6, и тогда никаких проблем вы не будете испытывать с ним! Камера нуждается в настройке(5-10 минут ютуба), иначе снимает не очень хорошо. Все новые функции, samsung pay, heath все отлично работает! knox2 самый, большой минус для меня, сканирует палец долго, и частенько не получается с первого раза! Чуть-чуть палец вымазал, все, не отсканишь, благо есть граф. пароль. А так советую всем данный аппарат, реально в 2020 самый мощный в самом ценовом фоне",otzovik.com,otzovik.com,5.0,2020-06-19,https://www.otzovik.com/review_10228326.html,positive
"Достоинства: Не перегревается, не лагает, быстрый, стильный, обновляеться постоянно.
Недостатки: Встречаються мелкие ошибки.
Смартфон качественный, обновляется часто, тянет такие игры, как PUBG, Call of Duty, GTA:SA. Со временем использования познаются и новые фишки данного аппарата. Стоит заметить, что 4 камеры справляются на отлично, качество крутое, есть множество режимов съемки. Стоит не забывать и про программное обеспечение, вместе с телефоном, стоит game launcher, в котором будут храниться ваши игры, и будет показываться общее время (так можно узнать точное количество наигранных часов) телефон греется очень медленно, что позволяет использовать его на полную в течение нескольких часов. Хотелось бы еще упомянуть об встроенном отпечатке пальца. Работает отпечаток не без ошибок, но как правило считывает правильно, и кого-либо кроме вас в телефон не пустит. Приятный зеленый свет на отпечатке - позволяет погрузиться в будущее, представляя что это не просто телефон, а гениальное изобретение инженеров со всего света...",otzovik.com,otzovik.com,5.0,2020-06-16,https://www.otzovik.com/review_10213048.html,positive
"Достоинства: - дизайн красивый (схож с Pixel), - дисплей шикарный, дырка в экране лучше, чем капля) - батарейка долго держит. После Сяоми решил попробовать.
Недостатки: Ужасно тупит сенсор отпечатка пальцев, затыкаешься, пока разблокируешь, сканер рожи-лица аналогично тупит, как блондинка за рулём.
Потрясающий экран, рамки узкие и тонкие, а эта дырочка в экране! Нет слов, он шикарен как попа Ким Кардашьян. Для тех, кто снимает влоги и видео самый раз! Камеры снимают в шикарном качестве, единственное - смартфон очень греется при съёмке или в процессе игры на высоких настройках (можно рубашку погладить вместо утюга). Сразу покупайте чехол, ибо задняя панель-пластик. Тут есть 3,5мм джек! (Помолимся компании Samsung за то, что оставили хоть тут эту замечательную дырочку). Батареи хватает смело на полтора дня. Я восхищаюсь этой компанией, так как за скромные деньги вы получаете очень хорошие камеры и производительность.",otzovik.com,otzovik.com,5.0,2020-06-02,https://www.otzovik.com/review_10138701.html,positive
"Достоинства: Хорошая камера
Недостатки: Плохо работает отпечаток пальца,приработе с клавиатурой нужно попадать точно в центр букв,иначе печатает соседние,быстрая разрядка батареи,ПЕЧАТАТЬ НП ВОЗМОЖНО!
Телефоним пользуюсь 15 дней. До этого был ксяоми МиА 2 Лайт., по него самсунг и много ещё чего. Так вот если даже сравнивать эту модель с моим недорогим китайцем(он соил 16000т. р.) я могу сказать, что этот телефон кроме камеры больше ничем не отличается в плюсах, да забыла сказать, что в моём китайце и оперативки и внешней памяти было меньше, а отклик лучше. До покупки читала отзывы, но не поверила, пошла в магазин получить отзывы продавцов, магазин торговал и другими телефонами. Приоритетом выбора, после того как его расхвалили продавцы, стало то, что он легче на 40 гр. той модели ксяоми, которую я хотела купить и то что камера не выпирает. Итог, все негативные отзывы поддерживаю, как то- батарея разряжается очень быстро, при не очень активном использованиии(частично, просмотр какой то информации в соцсетях, использование самой трубки), скан пальца на передней панели работает отвратительно, через раз, несколько раз телефон просто блокировался(это тоже было в отзывах), вопрос к компании Самсунг, зачем недоработанный продукт вы выпускаете на рынок? Я обратилась за помощью в компанию, со мной общались операторы, которые, дальше просто песня, порекомендовали мне увести телефон в безопасный режим, жто значит отключить все сторонние приложения, (тогда собственно и интернет отключится и соцсети, зачем тогда мне смартфон???)попользоваться телефоном сутки и тогда можно будет понять почему он разряжается. Я конечно не эксперт, но и так понятно, что если не пользоваться приложениями, то телефон и не будет разряжаться. Ну и ещё одна мелочь, когда печатаешь, всё время приходитьюся редактировать, потому что телефон радостно печатает соседние буквы, если не попась точно в центр. Вывод:никогда больше не куплю телефон этой компании, ну или за дёшево, он этих денег не стоит. Да и ещё о минусах, за такие деньги могли бы положить приличный наушники, а не это убожество, которое в уши не лезет и хотя бы приличную щарядку по длине слелали, а не этот эконом вариант, про силиконовый чехол вообще забыли. Если бы не помяла упаковку, сдала бы в магазин.",otzovik.com,otzovik.com,3.0,2020-01-31,https://www.otzovik.com/review_10127020.html,neutral
"Достоинства: Яркий экран, не плохая автономность, симпатичный дизайн
Недостатки: Нестабильный сканер отпечатка пальца, камера могла быть лучше, пластиковый корпус
Компания samsung долга шла к покорению рынка среднебюджетных устройств. И, глядя на модель А51, можно сказать, что шли они в правильном направлении. Наконец-то у них получился качественный смартфон за приемлемую цену. Конечно не без минусов, но фанаты samsung все равно должны оценить этот аппарат. А теперь про плюсы и минусы. Первый плюс, который я заметил - это конечно же яркий и по-флагмански сочный экран. Здесь компания явно решила не экономить. Так же меня удивило, что телефон достаточно хорошо держит батарею, обычно для samsung""ов автономность является проблемой. Производительность телефона тоже на уровне своей ценовой категории. Из самых больших недостатков для меня - конечно же пластиковый корпус. Выглядит он красиво, но на ощупь - дешево. Тут сэкономили:) Сканер отпечатка пальца работает не так хорошо, как хотелось бы. Срабатывает не быстро и порой бывает, что приходится палец приложить несколько раз. Далее скажу по камере. Она не плохая, но могла быть лучше! Мне показалась слабовата, для меня это тоже минус. В остальном же телефон шустренький, цена завышена совсем чуть чуть, и если вы любите компанию samsung, А51 будет хорошим выбором.",otzovik.com,otzovik.com,4.0,2020-01-28,https://www.otzovik.com/review_10106846.html,positive
"Достоинства: Качество фото и видеосъёмки! Много памяти! Две симки! Хороший сигнал и громкий звук! Удобная навигация! Симпатичный!
Недостатки: Защитное стекло оказалось неудобным - не прошло ещё двух месяцев, а оно у меня уже всё разбито. Думаю, лучше наклеить защитную плёнку.
У меня телефон теперь мощнее компьютера, а места занимает в несколько раз меньше!! Очень удобно - две симки и у обеих сигнал отличный. Очень удобная навигация и настройки. Особенно мне - чайнику)) Радует громкость звука - и сигнал слышен ото всюду, и музыку слушать без дополнительной колонки можно, а громкая связь - действительно громкая. Нравится качество съёмки и возможности обработки фотографий, цветовая палитра. У меня в предыдущем телефоне такого не было. А здесь - 4 камеры! И я, если честно, ещё не все возможности освоила, но те, которыми уже успела воспользоваться, впечатляют. Хорошие видео получаются, т. к. вполне приличная стабилизация. Я уже забыла про отдельную от телефона видеокамеру. Памяти и так много, но и для дополнительной есть место! Совместим со всеми программами, которые мне нужны! Мне нравится дизайн - у меня красненький перламутровый! В общем, я очень довольна!!!!",otzovik.com,otzovik.com,5.0,2020-01-27,https://www.otzovik.com/review_10103378.html,positive
"Достоинства: хорошый дезайн
Недостатки: яркость экрана
Дизайн. Телефон выглядит просто шикарно. Можно подумать, что он стоит далеко не 23 тыс. руб. -Дисплей. Samsung'овский Super Amoled, да ещё и с диагональю 6,5 дюймов - просто наслаждение для глаз. По поводу шима ничего сказать не могу.(Совет тем, кто купил данный телефон: Зайдите в настройки-дисплей-режим экрана и поставьте там насыщенные цвета, т. к. без этой опции экран выглядит намного хуже). -Оболочка One UI 2. Android 10 с этой оболочкой выглядит очень красиво. Телефоном приятно пользоваться. Это самая лучшая оболочка, что я видел. MIUI, EMUI вообще не идут в сравнение с ней. -Камера. Тут и одновременно и плюс, и минус. Плюс- наличие неплохого ультраширика, довольно посредственной макрокамеры и хорошей фронталки. Основная камера тоже хороша, но она снимает далеко не на 48 мп. Минус- ночная съёмка. У камер диафрагма F2,0 или даже больше. Из-за этого они ночью снимают не сказать что плохо, но и не хорошо(даже несмотря на то, что у камеры есть ночной режим). Ещё один минус- отсутствие режима 1080p60fps. 4k снимает, а FHD в 60 фпс- нет. Странно. Ну и последний ""минус"" - это основная камера. Хоть она и снимает в 48 мп с разрешением 80006000, но по сравнению с Galaxy S7(! у него камера на 12 мп!) детализация практически не отличается, только цветопередача получше. -Батарея. 4000 mAh держат отлично 1,5-2 дня в зависимости от интенсивности использования. -Сканер отпечатков. Далеко не идеальный, но работает стабильно и чуть-чуть получше, чем в A50.",otzovik.com,otzovik.com,4.0,2020-01-12,https://www.otzovik.com/review_10008187.html,positive
"Достоинства: Отличный экран, динамик, камера
Недостатки: Пока не вижу минусов
Достоинства телефона: 1. Отличный экран. Фронтальная камера начтолько мелкая, что перестаешь ее замечать через час работы. 2. Блок камер почти не выпирает из задней панели. Эта делает толщину девайса (около 8 мм) честной по всей его площади. 3. Камера очень хорошая, за такую цену просто качество супер, всем советую. 4. Батарея держится хорошо, зарежаю телефон один раз в два дня, я считаю это очень даже хорошо, хотя в соц. сетях в телефоне нвхожусь постоянно. 5. Динамик в телефоне очень я бы даже сказала что очень громкий, меня все устраивает. До этого пользовалась Айфоном 5, но мне больше нравится эта модель телефона, всем советую!!!",otzovik.com,otzovik.com,5.0,2020-04-30,https://www.otzovik.com/review_9938956.html,positive
"Достоинства: Дизайн, камера, зарядка батареи
Недостатки: Наушники, входящие в комплект
Очень долго не могла отказаться от своего айфона se, после него все телефоны казались огромными. Но в итоге решилась на замену, из-за того что батарея разряжалась на холоде за несколько минут. И так! Пересмотрела кучу телефонов, айфон не рассматривала из-за цены. Самсунг понравился в первую очередь дизайном. Покупала через интернет за 16000, что очень порадовало. Батареи хватает на день и больше. Хорошая камера, отлично справляется с макросьемкой, экран просто космос, чёткость идеальные цвета. Не глючит. Быстрый сканер отпечатка пальцев прекрасное сочетание цены и качества! Покупкой довольна на все 100%",otzovik.com,otzovik.com,5.0,2020-04-23,https://www.otzovik.com/review_9881440.html,positive
"Достоинства: Обтекаемый дизайн профессиональная камера, влагостойкость, оперативность, мощность процессора
Недостатки: Пока не нашла их
Безумно понравился телефон, он очень легок в использовании. Т к я девушка, начну с того, что дизайн просто фантастика! Плоский и тоненький, с обтекаемым экраном, телефон словно комптютерная планшеика в ваших руках!!! Модель представлена в разных цветах, от белго до ярко-красного, для озорных девчонок)) Следующая женская радость - шикарная камера, 48 мегапикселей она позволяет делать снимки на уровне профессионального фотоаппарата. Можете дегко это проверить! Просто дайте это чудо, самсунг galaxy а51 в руки професииональному фотографу, он сделает такте снимки что от студийного формата не отличишь! Попробуйте сами! Телефон не боится влаги, если вы вщяди его в душ, капля воды не инициирует беспощадные звонки кому угодно, не выведет ваш тедефон из под контроля, и не испориии гомкость динамиков! Просто класс Также, чудо чтт за дело восьмиядерный процессор этой милой модельки. Работает так оперативно, что тянет графиеу гецмплей самых новых и самых тяжелых игр 2020 года, совмещая это с параллелтной работой в офисных таблицах с массивами эксель Оченб рекомендую эту модель самсунга, доволбна очень сильно",otzovik.com,otzovik.com,5.0,2020-04-20,https://www.otzovik.com/review_9864210.html,positive
"Достоинства: Камера, стиль, шустрый
Недостатки: Не обнаружила
Всю жизнь пользуюсь айфоном, и когда пришло время сменить телефон, задумалась, может рискнуть и попробовать Самсунг?! Боялась что потрачу деньги впустую и останусь недовольна. Но все таки, когда я приобрела данный телефон, моему счастью не было предела. Я очень люблю фотографироваться, и попробовав данную камеру осталась так же очень довольна. Ещё очень понравился стиль телефона, расцветка. Ещё один самый важный плюс: телефон работает быстро, и загружает все так, как надо! Не знаю, вернули я Ещё к айфону, но с этим телефоном я готова проходить всю жизнь!",otzovik.com,otzovik.com,5.0,2020-04-17,https://www.otzovik.com/review_9842149.html,positive
"Достоинства: Дисплей цена дизайн камера
Недостатки: Нет
При покупке телефона я не ожидала чего то невероятно, тем более думая что это андроид (Я переходила с айфона на андроид) Но приехав домой, и взяв в руки телефон я была приятно удивлена За такие МАЛЕНЬКИЕ деньги -такое чудо . За два месяца использования я ниразу не пожалела об его покупке. В нем идеально все Камера, дисплей, дизайн, цена В нем легко и просто, нет никаких лагов Мы решили и дочке такой подарить, она была очень счастлива и благодарна нам за этот подарок Теперь могу сказать точно что андроид лучше во всем чем айфон Одна цена это счастья, не смотря на другие плюсы Советую покупать всем, вы точно не пожалеете",otzovik.com,otzovik.com,5.0,2020-04-17,https://www.otzovik.com/review_9842085.html,positive
"Достоинства: замечательная камреа, дизайн
Недостатки: Звук, отпечаток.
Современный дизайн, графический четкой узор на задней панели смартфона, отличный способ выделиться среди людей, недавно сломался мой смартфон и я начал искать новый, было много разных вариантов смартфон приобрести, так много разных телефонов и они все чем-то отличают, там камера замечательная, там процессор, но Samsung Calaxy A51 - это был мой окончательный выбор, количество ядер: 8, оперативная память: 8, хорошая цена для такого смартфона, замечательная камера, является стабилизация для супер видео. Почти безрамочный экран, 6.5 дюймов, скорость работы 5 из 5, хорошо держит батарею, хорошо держится в руке, является распознавание лица, и сканер пальца. По телефону доволен и всем советую.",otzovik.com,otzovik.com,5.0,2020-04-13,https://www.otzovik.com/review_9815132.html,positive
"Достоинства: быстро работает, хорошая камера, прикольно играть в игры
Недостатки: узоры на крышке
Получила телефон в подарок от молодого человека) раньше самсунгом не пользовалась, это мой первый телефон от них и мне в целом нравится, брали в связном в рассрочку. Экран у этой модели широкий 6,5 дюймов, как на моем старом телефоне, но качество картинки лучше: все более четкое и яркое. Есть все современные фишки ночной режим, отпечаток, широкоугольная камера работает телефон быстро, хотя раньше я думала что все андройды лагают как мой, кстати, насчет большого экрана, с такой графикой прикольно играть на нем у меня есть игра, где ресторан надо развивать и не в нее сейчас таак круто играть, все отлично видно, с хорошей резкостью и наконец ничего не виснет, игры тянет на ура, из минусов только дизайн, мне не особо крышка понравилась, но я чехол надела и ок)",otzovik.com,otzovik.com,5.0,2020-04-08,https://www.otzovik.com/review_9783387.html,positive
"Достоинства: Производительность. Камеры. Стабилизация. NFC. Дизайн.
Недостатки: За всё время использования не обнаружила.
Купила данный телефон сразу же после его выхода в России. Была на 100% уверена, что он прекрасный в своей работе и не ошиблась. Дизайн. Очень необычный дизайн. Я брала в белом цвете. Очень понравилась задумка с переливающимися треугольниками на задней панели. Камера. Телефон имеет 5 камер, одна из которых - фронтальная. Есть режим макросъемки, очень хорошая стабилизация. Фронтальная камера находится прямо на дисплее и не занимает лишнего пространства, что удобно. Батарея. Аккумулятор держит ну очень долго. Можно пользоваться целый день без подзарядки, что очень радует. Также телефон реагирует очень уж быстро: хотел открыть приложение, кликнут и оно тут же открылось. За всё время не глючил ни разу, не выключался и не перегревался. Отпечаток пальца встроенный прямо в экран, что очень удобно и практично. Есть так же NFC для удобства использования Samsung Pay. Могу с уверенностью сказать, что это один из лучших смартфонов от этой компании. Он меня приятно удивил своей производительностью, дизайном и множеством положительных функций. Настоятельно рекомендую.",otzovik.com,otzovik.com,5.0,2020-04-05,https://www.otzovik.com/review_9761023.html,positive
"Достоинства: камеры и стабилизатор внешний вид
Недостатки: из существенных - не обнаружила
Купила 27 марта 2020г, в фирменном магазине, в рассрочку. Так получилось выгоднее, т. к. цена на витрине 19900, а в рассрочку 18400р., без процентов - и это очень порадовало. Я довольна! Понравилось то, что он очень приятно лежит в руке, тонкий, необычная задняя крышка. Я выбрала белый цвет, т. к. черный был не черным)) а цвета мокрый асфальт. Внутри: память 64Гб, дисплей огонь, современный внешний вид, хороший звук, 4 камеры и стабилизатор - позволяют делать четкое видео, крутые фотки и макросъемку. В общем телефончик стоит своего внимания и денег. Я очень довольна! Из недостатков - наушники в комплекте пластиковые, не очень удобно, но звук хороший. Зарядное устройство - не usb, пошире, и сам провод короткий. Хочется отметить, что сам бренд Самсунг - это ликвидный бренд на рынке, т. е. через несколько лет в цене сильно не просядет и останется ценным, отличие от китайских производителей и других малоизвестных фирм. В общем и целом - я рекомендую.",otzovik.com,otzovik.com,5.0,2020-04-03,https://www.otzovik.com/review_9747893.html,positive
"Достоинства: Хорошая камера, и очень быстрый
Недостатки: Короткий кабель для зарядки
Хорош! отличный экран, хоть камеры не самая сильная сторона данного аппарата может с прошивкой допилят, водозащиты не хватает как на а серии 2017г, андроид 10 из коробки. звонок громкий, звук четкий но не хватает низов, время работы на 2дня рабочих вполне хватает если конечно невтыкать в него без отрывно. Быстрая зарядка адаптер в комплекте. Благодаря фирменному восьмиядерному процессору Exynos 9611 с тактовой частотой 2,3 ГГц и 6 Гб оперативной памяти девайс быстро запускает ресурсоёмкие приложения. Пользуюсь телефоном месяц и всем доволен. И хватит уже рассказывать сказки о пластиковом корпусе и как он плох, всё равно все одевают чехлы и напрочь забывают, как эта задняя спинка выглядит. Сканер пальца работает нормально, камера хороша (блин, люди это вам не S20 Ultra). Экран смотрится шикарно! целом аппарат хороший, качественный. Два минуса: 1. Разблокировка по пальцу - самый главный минус этого аппарата. Срабатывает через раз и очень медленная. Никакие обновления и перерегистрация отпечатков пока не помогают. Разблокировка по лицу быстрая, но только днем. Ночью не работает + она не безопасная (при сервисе оплаты сам Samsung позволяет только отпечаток). 2. Почему-то очень медленная работа камеры. Медленный запуск, фокусировка, переключение режимов, постобработка. Делаешь фото и пару секунд ждешь его появления, чтобы посмотреть. Качество фото весьма среднее, но это и не флагман. В остальном, повторюсь, хороший аппарат. Но за эти деньги, если вы не поклонник именно Samsung, можно найти что-то пободрее в плане разблокировки и камеры.",otzovik.com,otzovik.com,4.0,2020-03-27,https://www.otzovik.com/review_9710060.html,positive
"Достоинства: tet Достоинства: Экран Качество сборки Скорость работы Дырочка вместо камеры Долго держит зарядку
Недостатки: Прошлогодний процесс exynos 9611,слабый динамик и не всегда срабатывает отпечаток пальца в экране
-Дизайн. Телефон выглядит просто шикарно. Можно подумать, что он стоит далеко не 23 тыс. руб. Камера. Тут и одновременно и плюс, и минус. Плюс- наличие неплохого ультраширика, довольно посредственной макрокамеры и хорошей фронталки. Основная камера тоже хороша, но она снимает далеко не на 48 мп. Минус- ночная съёмка. У камер диафрагма F2,0 или даже больше. Из-за этого они ночью снимают не сказать что плохо, но и не хорошо(даже несмотря на то, что у камеры есть ночной режим). Ещё один минус- отсутствие режима 1080p60fps. 4k снимает, а FHD в 60 фпс- нет. Странно. Ну и последний ""минус"" - это основная камера. Хоть она и снимает в 48 мп с разрешением 80006000, но по сравнению с Galaxy S7(! у него камера на 12 мп!) детализация практически не отличается, только цветопередача получше. Кто любит Samsung, тому данная модель должна понравится. Я предпочитаю телефоны этого бренда уже много лет. Поэтому я всем доволен",otzovik.com,otzovik.com,4.0,2020-03-24,https://www.otzovik.com/review_9690194.html,positive
"Достоинства: Очень приятный на ощупь, легкий в использование,огромный экран, яркость экрана на первом уровне 100% долго держит заряд батареи, громкий динамик все слова отчетно слышно.
Недостатки: Пока минусов замечено не было есть только одни плюсы. Мне кажется если и есть какие то минусы то они совсем не значительные! А так телефон очень хороший.
Здравствуйте мои дорогие читатели и гости! Хочу поделиться своим мнением о своей покупки смартфон Samsung Galaxsy А51. Приобрела я его 20. 02. 20г. потому что мой iphone 6s отжил свое, ну что я могу сказать о этом самсунге он ни чем не уступает iphone мне очень понравился, очень легкий в использование. Скидка у меня была 12,35%, а так цена без скидки составляла 22 990,00 р, я думаю что раз в пять лет можно потратить на себя немного денег и приобрести себе нормальный мобильный телефон который будет еще долго служить вам. Ну вообщем по всем параметрам мне понравился очень этот телефон, если кто-то хочет в ближайшее время приобрести себе какой либо телефончик то я советую Galaxsy A51, приобретайте и я думаю вы так-же как и я не будете жалеть!",otzovik.com,otzovik.com,5.0,2020-02-24,https://www.otzovik.com/review_9537266.html,positive
"Достоинства: Хорошая камера . Крутой дизайн . Большой акамулятор.
Недостатки: Пластиковый корпус.
У данного телефона пластиковый корпус, но выглядит он по интерестней, чем у предыдущей модели A 50. Большой SuperAmoled экран с диагональю 6,5 с разрешением в Full HD+. Прекрасная цвето передача. Картинка красочная и сочная. Яркость экрана лучшая в своем ценовом сегменте. Фронтальная камера, выполненная окуратным вырезом, позволит вам делать шикарные снимки в 32 МП. Основная камера на 48 Мп, сделанная в новом стиле, будет вас радовать красочными фотографиями. Процессор Exynos 9611 позволит вам играть в современные игры только на средних настроиках. Внутрянняя память на 64/128 ГБ думаю будет вам хватать, а если нет то присутствует разъём для MicroSd ( до 512 ГБ ). Оперативная на 4/5 ГБ. Также достаточно большая батарея на 4000 mah, которую хватает на весь день. + Быстрая 15 ватная зарядка.",otzovik.com,otzovik.com,5.0,2020-02-06,https://www.otzovik.com/review_9442034.html,positive
"Достоинства: Экран, большая память., наушники
Недостатки: дороговат
Приобрела новый красивый телефон Смартфон Samsung Galaxy A51 64GB. Смотрится он стильно, очень прост в использовании. Хорошее разрешение экрана. Операционная система андроид. Качество фото отличное. В руке держать удобно, зарядки хватает на долго, аккумулятор мощный. В комплекте идут зарядник и наушники., что очень важно, весь на некоторых моделях наушников нет. Качество наушников на высоте. Звук громкий и четкий. Большая память, аж 64 GB. Мне даже этого хватит, не надо дополнительной карты памяти. Конечно цена на него пока завышена, как новинка, но все же он стоит своих денег. я его купила за 19900 рублей. Я в восторге от этого телефона.",otzovik.com,otzovik.com,5.0,2020-01-29,https://www.otzovik.com/review_9393999.html,positive
"Достоинства: Отличный телефон за свои деньги
Недостатки: Не нашла
Всегда хотела стильный телефон с хорошей камерой, но по приемлемой цене и вот смартфон Samsung A51 (в бирюзовом цвете) моя находка. Из всех Андроидов, с которыми пришлось столкнуться, данная модель в плане камеры оказалась самой лучшей. Так как моим хобби является фотография - стала постоянно ездить на «фотосессии» друзей и фотографировать на свой телефон. Качество фото приятно удивило, при чем на стандартных настройках. Сам телефон шустрый, скачивает программы быстро, переход по вкладкам тоже не напрягает, связь и интернет ловит хорошо. Стильный дизайн подойдет как для парня, так и для девушки, обьем памяти тоже можно выбрать, я брала на 64 гб. мне хватило.",otzovik.com,otzovik.com,5.0,2023-11-09,https://www.otzovik.com/review_15411415.html,positive
"Достоинства: Хорошая камера, яркий дисплей.
Недостатки: Быстро содится(хватает на 5-6 часов беспрерывного использования
За свои деньги очень хороший среднечок. Все современные функции есть. Также хочу предметить довольно хорошая камера. Яркий дисплей, в солнечную погоду всё видно. Для первого телефона ребёнку очень хороший выбор. Из минусов только аккумулятор, он быстро содится при долгом использовании.",otzovik.com,otzovik.com,5.0,2023-08-05,https://www.otzovik.com/review_15039072.html,positive
"Достоинства: Есть отпечаток пальца
Недостатки: Минусов нет
Телефон очень хороший, пользуюсь уже как 3 года, не тормозит, есть запись экрана(не на всех самсунгах есть), телефон не тяжёлый, удобно держать в руках, легко найти чехлы, есть отпечаток пальца",otzovik.com,otzovik.com,5.0,2022-08-18,https://www.otzovik.com/review_13696442.html,positive
"Достоинства: Экран, камера.
Недостатки: Дорогой ремонт.
Отличный телефон. Бюджетный, с отличной камерой, индивидуальным дизайном. Touch id находящийся под экраном работает без нареканий. Работает плавно, батарею держит нормально. Но дорогой ремонт экрана, из за чего стоит относиться к телефону бережно. Лучше не носить в одном кармане с ключами или чем то острым. Отличный дизайн задней крышки, также необычный дизайн экрана, миниатюрная камера со встроенным face id. В играх ведет себя приемлемо, но телефон скорее для работы. Amoled экран приятный ощупь. Контраст цвета отличный, смотреть сериалы/фильмы самое то. Прекрасно ловит сеть и wi-fi. Также быстро заряжается, батареи хватает на день не особо активного серфинга в интернете.",otzovik.com,otzovik.com,5.0,2022-01-14,https://www.otzovik.com/review_12930183.html,positive
"Достоинства: Много места, хорошая защита, хороши антивирус, в играх всё плавно, хороший звук, хорошое качество видео
Недостатки: Очень быстро греется, бывает подлагивает, если хочешь переместить данные игры то может всё удалится и начать всё с начало (незнаю как но у меня так случилось),камера бывает стороны ухудшает и только середину хорошо видно
Мне понравился телефон, мне его подарили на день рождения и я очень рад. Сперва было не привычно но потом привык но жалко что одну игру мне пришлось снова проходить, так как я хотел переместить все данные игры с аккаунтом но всё удалилось без возврата. Но это не точно так как оно у меня так случилось, я целый год им пользуюсь и камера немного мешает так как оно хорошо только середину показывает а углы сильно ухудшает плюс она быстро розагревается и приходится не на долго оставлять телефон. Но зато очень много места и много игр можно скачать, если какой-то скачиваемы очень подозрительный то он вас сразу предупреждает и не даёт ему скачаться.",otzovik.com,otzovik.com,4.0,2021-11-23,https://www.otzovik.com/review_12712119.html,positive
"Достоинства: не связывайтесь с магазином smart teleshop
Недостатки: Не советую покупать телефоны оптовый магазин smart samsung smart teleshop 495-135-4249
Купил телефон samsung а51. Оказалось очень грубая подделка, меню кривое не родное очень упрощённое. Многие нужные функции отсутствуют, не фирменное. Аккумулятор заниженной емкости, телефон быстро разряжается. Зарядка на один ампер что естественно не соответствуют. Дозвониться по указанному номеру 495-135 4249 невозможно, не отвечают. Курьер не выдал никаких сопроводительных документов-накладная чек. --",otzovik.com,otzovik.com,1.0,2021-09-26,https://www.otzovik.com/review_12466617.html,negative
"Достоинства: Их нет
Недостатки: Samsung это и есть минус.
Не так давно стал обладателем этого убожества. Каждый день хочется шарахнуть его об стенку. Функция отпечатка пальцев не работает вообще. Распознавание лица один раз из трех. Набор графического ключа - дрянь, символы мелкие, да ещё и какой-то значок на экране, так что надо постараться попасть по точкам. Безопасность пришлось отключить совсем, иначе терпения не хватает - разблокировать эту дрянь. Телефон для стола, а не для кармана. На предыдущем телефоне (другого производителя) если мне нужно было позвонить, я просто нажимал на имя абонента и шёл звонок, а если нужно было совершить другое действие, нужно было нажать на маленький значок справа и выбрать действие. Здесь же ты нажимаешь на имя абонента и высвечивается малюсенькие значки с необходимыми действиями и нужно остановиться, приглядеться и найти этот гребаный значок звонка. Т9 ужасна. Клавиатура гомно. Если ты выбираешь русский и английский язык, то он падла всегда открывает сначала английскую раскладку и каждый раз тебе надо возвращаться на русский язык. Даже для того что бы сделать снимок экрана вам надо нажать одновременно кнопки громкости и выключения... ну не бред ли. Это надо использовать две руки. Функция проведи рукой и получишь скриншот не сработала ниразу. И масса, масса отрицательных моментов. Дня не хватит, что бы все описать. Есть сто тысяч настроек, но у меня нет ста тысяч дней что бы подстроить его под себя оптимально. Телефон для того чтобы лежать на столе. Пользоваться им в движении невозможно. И будьте готовы к тому, что для того чтобы выполнить какое то действие, вам придется совершить 100500 нажатий на экран.",otzovik.com,otzovik.com,1.0,2021-04-14,https://www.otzovik.com/review_11785412.html,negative
"Достоинства: Камера Емкая батарея Яркий экран
Недостатки: Возникли проблемы в работе bluetooth-наушников при подключенном Wi-Fi. Это может быть единичная проблема!
Покупал его для быстрой смены телефона. Выбирал по критериям: 1) связь с google, 2) емкая батарея и быстрая зарядка. Так же, хотелось взять телефон более менее известной фирмы, так как, в случае ремонта проще найти детали. Для меня, обычного пользователя и не любителя мобильных игр, его процессор Exynos более чем хороший, заряд держит отлично, конечно после длительной работы моет нагреваться, но это не критично. Основная камера в 48 МП и фронтальная в 12 МП справляются неплохо. Это конечно не проф съемка и даже не iPhone, но при хорошем освещении получаются действительно достойные фото.",otzovik.com,otzovik.com,5.0,2021-02-16,https://www.otzovik.com/review_11482347.html,positive
"Достоинства: Указал ниже
Недостатки: Указал ниже
Данный телефон был куплен мною в августе 2020 года за 16990р. в магазине ДНС. Я пользовался телефоном на версиях One UI 2, One UI 2.5 и ONE UI 3, так что опыт использования у меня есть. На данный момент (16.02.2021) телефон без скидки стоит 21490р., со скидкой данный телефон продается за 20849р. Если сопоставить все плюсы и минусы, то я бы не стал данный телефон покупать за сумму в 20 и более тысяч рублей. Плюсы данного телефона : - За данную сумму ты получаешь именитый бренд, с поддержкой обновлений ещё 3 года. - Не плохой процессор ( exynos 9611 ). P.s. данный процессор относится и к минусам, но об этом позже. - Amoled экран, а не IPS ( их разница в том, что на Amoled более качественные цвета, а также очень хороший черный цвет, т. к. черные пиксели просто не подсвечиваются, соответственно, если поставить черную тему, будет меньше тратиться батарея ). - Присутствует 3.5 MiniJack ( Это очень большой плюс для меня ). - Есть NFC ( для кого то это не важно. Раньше я думал также, а потом, когда появился этот телефон, и я пользовался данной функцией, я понял, что для меня это очень большой плюс ) - Широкоугольного модуль ( в разных ситуацих этот модуль спасает ). - Есть возможность поставить одновременно 2 сим-карты и карту памяти. - Samsung Pay ( этот плюс можно отнести к оболочке, но мне оболочка сама не понравилась ). Данную функцию я отнес к плюсу, т. к. с помощью нее можно оплачивать покупки через карту Сбербанк Мир. ( В Google Pay я ее не смог добавить ). - Размер батареи в 4000 Mah. Это очень хорошо, и автономность телефона на уровне. - Быстрая зарядка ( 15 ВТ ) прямо из коробки. Для полного заряда нужно 1ч 50 минут. Теперь можно рассказать и про минусы: - Процессор. Я его отнес в минус и плюс, т. к. то не плохой, но если этот телефон захочет купить геймер, то ему лучше отказаться от него. Объясняю причину. Все игры оптимизированы для процессора компании Qualcomm. Не все игры хорошо работают с процессором марки Samsung ( Та же история и с Huawei/Honor ). Рассказываю пример: Играю я в PUBG. Средний 60 ФПС без лагов и фризов. Позже зашёл в WoT Blitz, выставил те же средние настройки и у меня 60 ФПС, но с переодическими призами до 20. ( PUBG требовательнее чем WoT Blitz ). - Пластиковый корпус. Это откровенный минус, т. к. пластик очень быстро и легко царапается. - Камеры. Для сравнения тот же Samsung Galaxy s8 снимает немного лучше. - Оболочка. Сама оболочка мне не понравилась. Она слишком сильно нагружает телефон, так же в данной оболочке местами фризит интерфейс, встречаются лаги анимаций. Если сопоставить все плюсы и минусы, то получится довольно не плохой телефон за 17 тысяч рублей. 20 тысяч этот телефон по моему мнению не стоит.",otzovik.com,otzovik.com,4.0,2021-02-16,https://www.otzovik.com/review_11481321.html,positive
"Достоинства: дисплей, сборка, общее впечатление
Недостатки: пока не обнаружено
в последнее время пользовался Xiaomi mi a1. После того как неудачно упал с велосипеда разбил его. Встал вопрос о покупке нового. Продавец посоветовал данную модель так как на нее была скидка если сдать старый. Купил конфигурацию 6/128. После китайца дисплей удивил качеством. Зарядки хватает до вечера при нормальной эксплуатации. С камерой все в порядке.",otzovik.com,otzovik.com,5.0,2021-01-01,https://www.otzovik.com/review_11210454.html,positive
"Достоинства: Есть функция быстрой зарядки, батарея, шустрый, камера
Недостатки: Возможно корпус пластиковый, но для меня это не принципиально
Хочу поделиться своим мнением о Samsung A51. Получила его в подарок, цвет корпуса красный. Многие пишут что корпус пластиковый и маркий, но я в этом минуса не нашла, купила сразу чехол и все отлично. Камера снимает хорошие яркие снимки, но нужно приноравиться, иногда бывают расплывчатые снимки. Звук в телефоне хороший. Работает очень шустро, все приложения открываются быстро. Зарядки у меня хватает на долго, при активном использоварии к вечеру остается процентов 20, при том что ребенок смотрит видео, слушает музыку, иногда игрушки и другие приложения, а так же долгие разговоры. При этом есть функция быстрой зарядки, что очень удобно когда срочно куда то нужно уйти, а зарядка на минимуме. Экран яркий как впринципе и всегда у Samsung. В общем подарком давольна",otzovik.com,otzovik.com,5.0,2020-12-24,https://www.otzovik.com/review_11174884.html,positive
"Достоинства: Поддержка,мощность,камера,большой экран,встроенный отпечаток пальца.
Недостатки: Цена
Покупал телефон на алиэкспресс за 17490, телефон у меня версией на 6 гб оперативной и 128 встроенной. Лично мне нравится смартфоны samsung и линия A. Телефон быстро работает, до сих пох приходят обновления, и да он получить android 11 уже в марте. Наверно единственным минусом этого смартфона будет его цена, т. к за такие деньги можно купить заряженного китайца, но китайские телефоны долгой поддержки не имеют, т. к они очень быстро выпускают новые телефоны. Также плюсом этого телефона является его камера на 48mp, а их 4. Есть встроенный отпечаток пальца который работает почти неплохо.",otzovik.com,otzovik.com,5.0,2020-12-13,https://www.otzovik.com/review_11109739.html,positive
"Достоинства: Дисплей. Производительность. Камеры. Разблокировка по лицу. Автономность
Недостатки: Пока нет
Качественный телефон от компании Самсунг. Купила совсем недавно, но уже радует то как он работает. Память 64гб хватает на скачивание любых предложений и множественное количество фотографий. Можно спокойно работать в двух предложениях и все замечательно работает. На обзорах ютуб говорилось что он глючит, но на своем опыте могу сказать что это совсем не так. На момент использования этого телефона никаких глюков или бликов не замечалась. Он спокойно тянет любые игры, для любителей игр особенно. Очень удобно смотреть фильмысериалыт. п., потому что экран и вправду большой и без рамочный. Качество фотографий и звука так же на высшем уровне.",otzovik.com,otzovik.com,4.0,2020-11-21,https://www.otzovik.com/review_10981481.html,positive
"Достоинства: красивый и удобный
Недостатки: нет
Этим телефоном пользуюсь год. Еще не разу он меня не подвел. Очень яркий, шустрый. Камера телефона отличная, как фронтальная, так и основная камера шикарны. Хорошие, четкие, яркие фотографии, селфи получаются просто бомба, не нужно даже редактировать фотографии. Очень тонкий, легкий, без рамочный. Очень много разных и удобных приложений. Очень довольна этим телефоном. Хороший динамик. Очень понравилась функция, которой не было на старом телефоне, два экрана, в одном можно смотреть фильм, в другом сидеть в соц. сетях. Громкий звук, яркий и четкий интерфейс. Удобны в использовании, широкий экран, красивая задняя крышка и конечно же, 4 камеры-это супер.",otzovik.com,otzovik.com,5.0,2020-11-10,https://www.otzovik.com/review_10917694.html,positive
"Достоинства: Яркий дисплей, удобный в использовании, стильный
Недостатки: Их нет
Телефон подходит для всего на свете, очень удобный интерфейс, яркий, быстрый и мощный-эти слова характеризуют этот телефон. Пользуюсь уже полгода и меня всё устраивает, ещё ни разу не подвёл.",otzovik.com,otzovik.com,5.0,2020-09-26,https://www.otzovik.com/review_10690205.html,positive
"Достоинства: Экран
Недостатки: Тормозит, отпечаток, распознавание по лицу.
Покупал 07.2020г. Как срочную замену своему старому телефону, за 17000р. Поразило что самсунг хоть и А версия будет виснуть и тормозить, громкость обоих динамиков так себе, камера снимает не плохо но чтобы получить хороший снимок нужно не дышать и не трясти иначе всё в мыло. Распознавание по лицу работает через раз, очень не удобно пользоваться. Отпечаток под экраном работает плохо. За эти деньги не советую брать.",otzovik.com,otzovik.com,1.0,2020-08-22,https://www.otzovik.com/review_10533966.html,negative
"Достоинства: Очень хорошая камера! Батарея Несмотря на свои габариты, сидит в руке удобно.
Недостатки: Тяжело печатать одной рукой.
Пользуюсь данным аппаратом почти два месяца. Выбирала очень долго, так как нужно было уложиться в бюджет до 25к. Здесь есть баланс и цены, и качества. Быстрый, но иногда может вылетать интернет. Имейте это в виду! Достаточно просто обносить телефон, и всё будет в порядке))) У смартфона большой экран и фронтальная камера ""глазик"", как я называю, и знаете, очень комфортно им пользоваться, несмотря на свои размеры. Глазик совсем не мешает при просмотре контента. Камера замечательная, их целых 4 сзади (на 48 мп) и фронталка на 32 мп. Можно покопаться в настройках и улучшить качество съёмки. В целом, фото не размазаны, имеется широкоугольный объектив. Могу его рекомендовать! Пока нареканий нет.",otzovik.com,otzovik.com,5.0,2020-07-24,https://www.otzovik.com/review_10393048.html,positive
"Достоинства: Хороший дисплей, камера
Недостатки: Дешевые наушники, короткий шнур зарядки, неудобное расположение камер
В магазин шла за Honor 20 pro, но по дороге немного жадничала, ибо 27 тысяч. Продавец же, видя мои терзания, предложил мне более бюджетный вариант с меньшими наворотами по производительности, зато с лучшим дисплеем и почти такой же хорошей камерой. Стоил он неделю назад 20990 р в МВидео по трей-ин. В результате я получаю большой такой смартфон с россыпью камер, качество которых действительно хорошее, но как оказалось, я и не особо то их использую и не особо в них разбираюсь. Расположение же камер, на мой взгляд не очень удобное - скраю, и на них постоянно ложатся пальцы. Ну или моя анатомия не стандартная. Разъем для наушника, в отличии от Honor 20 pro, стандартный - 3,5 мм., расположен в нижней части смартфона, что, кстати, тоже заставило попривыкать. Сами наушники в комплекте дешевенькие и какие то неудобные. Также в комплект входит зарядное устройство по-моему с возможностью быстрой зарядки. Шнур короткий, но заряжает действительно быстро. Вообще одного заряда точно хватает на весь день, хотя объем батареи не выдающийся. Сам смартфонный аппарат на вид приятный, правда я сразу его одела в чехол и уже не помню детали задней части корпуса. Вес довольно тяжелый, особенно с чехлом. Экран действительно яркий и четкий, на прикосновения реагирует хорошо. Единственно, стекло я тоже наклеила сразу и теперь имею сложности с записью отпечатков пальцев - скидывает процентах на 20. В игры не играю, поэтому производительность оценить не могу. Но пока ничего не глюкает, не висит. Камера довольно хорошая, но мне не с чем сравнить из приличных конкурентов. Вот фотки. Первая - это типа режим портрет. Фон размыт - все как надо. Здесь фото в обычном режиме, в обычном зуме, обычной рукой. Вроде ничего так. Это восьмикратный зум. Качество уже не очень, но свои 21 тыс пока отрабатывает. Памяти на аппарате для меня достаточно - 128 гб, часть занята программами от производителя. Некоторые мне нужны как собаке пятая нога, удалось деактивировать или удалить. В общем смартфон еще пока не до конца изучен и для меня, человека, рожденного в СССР немного слишком наворочен, но я довольна.",otzovik.com,otzovik.com,5.0,2020-03-29,https://www.otzovik.com/review_9717656.html,positive
"Достоинства: Отличная камера
Недостатки: Корпус пластик
Сам по себе телефон не плохой, красивый дизайн, отличная камера и стабилизация в ней, яркие, мягкие цвета экрана. Достаточно быстро работает, но есть и свои минусы, корпус телефона пластик, сделанно не качественно, в комплекте вялые наушники из 90-х.",otzovik.com,otzovik.com,4.0,2020-03-27,https://www.otzovik.com/review_9704989.html,positive
"Достоинства: Экран. Аккумулятор. Скорость работы.
Недостатки: Микрофон.
Телефон получился не плохой. Добавили еще одну камеру и более мощное разрешение. Увеличили операционную память, по сравнению с А 50. Перенял все достоинства от А 50 (супе экран, с хорошим разрешением, высокая производительность, мощный аккумулятор, быстрая зарядка и многое другое). Обновился процессор, стал более производительным. Вместе с этим, в А 51 перешла и основная болячка от А 50. Про которую все так умалчивают. Это микрофон. Он дает также периодически искажения, и глухой звук. Чем быстрее говорит собственник А 51, тем больше искажения. Чем медленнее, тем меньше. Купил на день рождения сыну. Он доволен.",otzovik.com,otzovik.com,4.0,2020-03-04,https://www.otzovik.com/review_9585880.html,positive
"Достоинства: Дизайн Экран Звук (достаточно громкий, но динамик один) NFC с Samsung Pay WiFi 5ghz Bluetooth 5 Батарея Оперативки и флеш памяти для ""обычного использования"" достаточно из коробки
Недостатки: Косяк с сырой прошивкой, чувствуются микрофризы, поддергивания, общая сырость немного вымораживает. Камера пока тоже так себе, если сильно не приближать.
Пользуюсь неделю, все хорошо, но экран, прямо сказать не радует, урезаны настройки по цветопередаче, устают глаза. Стандарные варианты Насыщенные и Естественные цвета не дают эффекта, цвета слишком ядовитые или блеклые.",otzovik.com,otzovik.com,4.0,2020-02-10,https://www.otzovik.com/review_9461036.html,positive
"Достоинства: Фронтальная камера, вес,зарядка, экран.звук
Недостатки: Процессор, видеосьемка
Смартфон весит всего 172 грамма, это немного. В этой модели батарейка 4000 что я считаю неплохо при super amoled дисплее. Защитное стекло на экране gorilla glass 3 поколения не 5, но все-таки эта серия не самая дорогая. Единственное что не нравится это полностью пластиковый корпус и спинка пластиковая и рама пластиковая но за счет что того что это не металл телефон весит всего 172 грамма. В телефоне мне понравилось то что есть даже тройной слот 2. Сим-карты и карту памяти в этот телефон поставить можно. Есть модуль nfc есть, fm-радиоприемник если вы как я ещё слушаете по проводам есть разъем для наушников. то Фронталка 32 мп не скажу что хорошая, но качество средне как по мне. фронталка умеет записывать видео в 4 К но качество конечно не такое хорошее. Основная камера на сорок 8 мп + 12 мп широкоугольная камера + еще на 5 мп датчик глубины и очень крутая камера макросъемки. Если вам нужно снимать что-то мелкое например монеты, или что то другое, то вам не нужен хороший дорогой фотоаппарат с огромным объективом, макросъемка здесь работает на 5 баллов из 5 на 10 из 10. Еще понравилась возможность отключать стабилизацию при сьемке хотя я правда незнаю зачем они это придумали.)) Прям как в экшн камере. Понравился always on display. Так же в нём как и в старших флагманах боковая панель она там точно такая же. Особенная классная фишка это сразу одним нажатием открыть два приложения браузер например заметки или браузер и фотографии это реально очень круто. Вот эта фишка хорошо что она перекочевала из флагмана хотя края здесь не закругленные. По корпусу скажу что пластиковые телефоны обычно скользкие, но этот телефон средний скользкости но лучше носить в чехле. По процессору пару слов скажу что игры конечно на минимальных на средних ближе к минимальным настройкам. Сам проц неплохой но видеоускоритель от Mali поэтому так. Напоследок еще раз отмечу ключевыевещи которые понравились и которые не понравились: разъем для наушников. + динамик только один, кстати стереодинамиков нет. Динамик дает нормальный громкий звук. Быстрая зарядка 15 ватт . Модуль камер 4 камеры основных, вспышка полный порядок. Super amoled экран достаточно хороший 6,5 дюймов. Реально очень хороший широкий дисплей, есть настройка цветовой температуры. Не понравилось: Смущает процессор. Очень меня смущает качество фотографий, но если с качеством фотографий еще можно как-то смириться к тому же широкоугольная камера не забывайте она реально крутая. Но с качеством видеозаписи что в 4к что full hd и даже без стабилизации то есть стабилизация вручную включать она мне кажется каким-то не очень хорошим.",otzovik.com,otzovik.com,4.0,2020-02-04,https://www.otzovik.com/review_9429666.html,positive
"Достоинства: Удобство, современность, продуманность, прочность, прочность и еще раз прочность.
Недостатки: Их нет!!!
Добрый день, читатель. В общем и целом я купил этот телефон как только он вышел, а это было 5-6 лет назад. Купил за 14ка на Алишке через вкладку Тмолл (П. с. там сертифицированная продукция продается, если ты не знал(а)). В магазах на тот момент этот монстр стоил 19-21ка. Мне было важно: иметь неплохую камеру, чтобы зарядку держал полный день в среднем режиме использования, чтобы удобно лежал в руке. Сразу скажу - он полностью устроил меня. Так вот в процессе использования оказалось, что камера на тот момент почти ТОП, что зарядку в умеренном режиме использования держит 2 дня, что в руке лежит ""идеальченко"", что разблокировка по отпечатку пальца находится в экране - и это катастрофически-всепоглощающе удобно (после этого я хочу блевать, когда беру телефон в руки, а там отпечаток с торца телефона). Все работало, все летало, но шли годы, и в один день прекрасный телефон перестал заряжаться монотонно, то есть он минуту заряжает, минуту - нет, и так сам произвольно заряжался. Все это чудо продолжалось примерно недели две, а затем телефон обновился сам и проблема ушла. Для меня это было шоком, что такая неисправность сама устранилась без каких-либо вмешательств. Телефон этот и падал и заливался ни раз чаем, водой и прочим и в песке валялся, а с ним до сих пор все гуд. Только крышка задняя потерлась несмотря на то, что всегда телефон был в чехле. И какой же вывод на телефон прошлого? а такой, что меня разочаровали все телефоны, кроме Айфона и Самсунга, но Айфон это ульранеоправданные траты, как я считаю, а вот Самсунг - это ТОП ин зе ворлд. Поэтому следующий телефон, который я хочу - это Samsung Galaxy A55 или попробую четную модель Гэлэкси, они тоже интересные. Единственное, что я думаю о грядущей покупке - это то, что данный Самсунг я куплю не китайского производства, найду какой-нибудь другой. Всем спасибо, Чао амигосы!",otzovik.com,otzovik.com,5.0,2024-10-20,https://www.otzovik.com/review_16646123.html,positive
"Достоинства: Из плюсов могу отметить только наверно камеру и то со временем ей становиться очень плохо
Недостатки: Задняя крышка очень сильно царапаеться и торцы очень сильно стираются
Да телефон не плохой, в первое время, но проходит пол года, год и он начинает очень сильно тупить, вот сейчас моему телефону уже 3 года и с ним просто не возможно как то взаимодействовать, ужасно тупит",otzovik.com,otzovik.com,1.0,2024-02-04,https://www.otzovik.com/review_15756595.html,negative
"Достоинства: Хорошая камера, работает шустро и без зависаний
Недостатки: Чем старше телефон, тем быстрее в зимние время на улице садится батарея
Телефон был приобретён в 20 году, прошло уже достаточно много времени, но работает очень хорошо, были обновления, что сделали телефон по моему мнению ещё более функциональным, добавились очень крутые виджеты которые можно добавить на главный экран. Я советую эту модель телефона, так как она бюджетная но имеет хорошую камеру, и работает без зависаний",otzovik.com,otzovik.com,4.0,2023-10-23,https://www.otzovik.com/review_15341916.html,positive
"Достоинства: Большой объем памяти Хорошее качество фотографий Удобен в использовании
Недостатки: Для меня минусов нет
Хочу поделиться своим впечатлением от использования смартфона Samsung galaxy A51: 1. Телефон куплен в 2020 году, всё работает исправно по сей день. 2. С памятью вообще небыло никаких проблем, хотя в предыдущем телефоне постоянно приходилось её освобождать. Здесь же памяти телефона и флешки хватает очень на много. У меня куча приложений, фотографий и видео и всё вмещает без проблем. 3. Хорошая фронтальная камера и прекрасная общая камера.",otzovik.com,otzovik.com,5.0,2023-10-02,https://www.otzovik.com/review_15264396.html,positive
"Достоинства: Превосходные фото.
Недостатки: не заметил.
Я очень доволен своей покупкой смартфона Samsung! Устройство работает отлично, имеет отличное качество экрана и быструю производительность. Камера делает превосходные фотографии, а батарея держит заряд на долгое время. Я рекомендую этот смартфон всем, кто ищет надежное и мощное устройство.",otzovik.com,otzovik.com,5.0,2023-09-27,https://www.otzovik.com/review_15246602.html,positive
"Достоинства: Телефон просто удобный классный
Недостатки: Нету
Телефон, подходит для работы игр, просмотра фильма или чего либо, телефон имеет приятный дизайн, классный углы телефона, стильный модный, удобный и прочее !!",otzovik.com,otzovik.com,5.0,2023-08-24,https://www.otzovik.com/review_15112135.html,positive
"Достоинства: летает как синичка, на запчасти хорош.
Недостатки: аккумулятор не съемный, замена частей будет не дешевой т.к от Samsung довольно дорогие детали
Данная модель имеет разрешение экрана 2400х1080 плюс Full HD это говорит о его не малых габаритах. Аккумулятор емкостью 4000мА сможет прожить часа 4 если вы будете активно пользоваться смартфоном. Телефон не игровой, требовательные игры на подобие Genshin, PUBG, и т. д, на минималках потянет и то не факт скорее всего разогреется до невероятно высокой температуры и просто зависнет. Не рекомендую брать этот аппарат для игр. Камера имеет 19-49мп, красивые фотографии можно делать, но только при дневном освещении, так же есть ночной режим и всё же подумайте перед покупкой. За такую цену можно найти более интересные модели.",otzovik.com,otzovik.com,4.0,2023-08-13,https://www.otzovik.com/review_15069623.html,positive
"Достоинства: Экран, батарея
Недостатки: Процессор
Samsung Galaxy A51 - это бюджетный смартфон, который является очень привлекательным устройством в своей ценовой категории. Начну со стиля: дисплей амолед очень яркий и имеет превосходное разрешение, он достаточно большой, чтобы смотреть видео и играть в игры. Камера отлично работает, она может сделать очень хорошие фотографии даже при плохом освещении. Аккумулятор в целом держит достаточно долго, даже если вы много играете и использовать много приложений. В целом, у Samsung A51 очень много положительных сторон и это отличный выбор для тех, кто ищет недорогой, но стильный смартфон. Очень рекомендую!",otzovik.com,otzovik.com,4.0,2023-06-12,https://www.otzovik.com/review_14830808.html,positive
"Достоинства: 1. Доступная цена. 2. Хорошая камера. Можно сделать множество фотографий приличного качества, не размытые.
Недостатки: 1. Не слишком громкий динамик. Музыку слышно хорошо, но для громкости требуется колонка. 2. Если вы используете карту памяти, то вставить вторую сим-карту не получится.
Приобрела данный смартфон два года назад. За все время использования не обнаружила каких-либо явных минусов. Красивый дизайн, удобно и комфортно лежит в руке. Найти чехлы легко. Сенсор откликается сразу, не зависает. Родной зарядкой заряжается быстро, любой другой чуть дольше. Для своей цены очень хорошего качества.",otzovik.com,otzovik.com,5.0,2023-06-04,https://www.otzovik.com/review_14803326.html,positive
"Достоинства: Не зависает, заряжается быстро
Недостатки: Минусов нет
Телефоном очень довольна. Всё работает, заряжается быстро, камера довольно таки хорошо снимает, цвет красивый, удобный, лёгкий. Несколько раз в день дочь роняет его, но телефон не лагает от этого. 100% рекомендую",otzovik.com,otzovik.com,5.0,2023-04-21,https://www.otzovik.com/review_14636748.html,positive
"Достоинства: Экран, дизайн, батарея, память, железо
Недостатки: Не нашел
Классный и стильный телефон, за более чем 2 года пользования не прекращает дарить положительные эмоции, очень яркий и классный дисплей с глубоким черным цветом позволяет наслаждаться видео и фильмами, несмотря на систему андроид подлагиваний и зависаний нет, хорошая камера передающая весь сок фото, мощное железо позволяющее наслаждаться всеми прелестями современных игр. Очень приятно лежит в руке. Держит батарею примерно часов 10 активного пользования, функция быстрой зарядки спасает в непредвиденных ситуациях, когда нужно быстро зарядить телефон. Очень приятная внутрення оболочка и много фишек, доступных только на самсунге. Крайне рекомендую в общем данный смартфон",otzovik.com,otzovik.com,5.0,2023-04-07,https://www.otzovik.com/review_14576740.html,positive
"Достоинства: Хорошая камера, долго держит батарею, красивый дизайн
Недостатки: Не нашла
Телефон в использовании уже 2 года, много раз роняла, но это никак не повлияло на работоспособность Телефона, единственное приходилось менять защитное стекло. Память 128 гб. Поэтому флешка не используется мной. 2 симкарты, работаю без перебоев. Камера просто огонь. И фронтальная и основная, вспышка как фары) Аккумулятор держит долго заряд, при отключенной гео локации. Заряжается быстро от родного зарядного.",otzovik.com,otzovik.com,5.0,2023-02-11,https://www.otzovik.com/review_14315187.html,positive
"Достоинства: Хорошая камера и процессор
Недостатки: Не нашел
Хотел бы рассказать про свой опыт использования смартфоном Samsung galaxy a51. Данным телефоном я пользуюсь уже около 3-х лет. За все это время у меня не было к нему никаких замечаний во время использования. Камера отличная! Памяти хватает на все повседневные нужды. Экран не лагает, батарея держит отлично! Все современные игры тянет на плюс минус средних настройках графики. Даже на 2022 год он показывает себя достойно. Если кто хочет купить этот телефон, покупайте, не пожалеете.",otzovik.com,otzovik.com,5.0,2022-12-26,https://www.otzovik.com/review_14140699.html,positive
"Достоинства: Ударопрочность
Недостатки: Аклесерометр частенько глючит.Очень плохая работа интернета при 2х симках одного оператора
Комплектация 256 6, отличная работоспособность. Очень много раз встречался с кафелем но без последствий, хотя чехол не орига, защитная пленка мягкая геливая. Мелкие царапины под чехлом",otzovik.com,otzovik.com,4.0,2022-12-10,https://www.otzovik.com/review_14085441.html,positive
"Достоинства: Не дорогой , стильный ,быстрый ,
Недостатки: Много обновлений которые занимает твою память
Я пользуюсь телефоном Samsung Galaxy a51 Примерно два года, и за это время не было проблем. Хороший телефон как и для работы так и для игр. Отличный подарок на день рождение. Покупал два года назад за 18к Как по мне за такие деньги телефон очень хороший Но при выборе обратите внимание на обьем памяти . Берите лучше 64 или 120 гб Потому что ищ за обновление памяти становится очень мало",otzovik.com,otzovik.com,4.0,2022-11-26,https://www.otzovik.com/review_14037977.html,positive
"Достоинства: Камера
Недостатки: Все остальное
На самом деле этот телефон очень быстро вышел из строя, в некоторых моментах он превращается в кирпич При каждом обновлении, которое подразумевает в себе ускорение смартфона, он его замедляет Своих денег он конечно же стоит, но можно найти и получше телефоны Я ожидал большего от него, но он меня очень разочаровал, т. к. слишком быстро вышел из строя В современные игры можно конечно поиграть, но придётся немного понервничать, так как почти все они глючат неимоверно За исключением хочу сказать что камера хороша, их 4 вроде но снимают они прекрасно Кроме замедленной съёмки, и ночной Так качество пикселей в норме",otzovik.com,otzovik.com,3.0,2022-11-01,https://www.otzovik.com/review_13945516.html,neutral
"Достоинства: камера, экран, цена, мощность
Недостатки: нет
Покупал телефон себе в апреле прошлого года и ни капельки не пожалел! Телефон уникальный. Вс. жизнь пользуюсь только Самсунг устройствами. За свою цену телефон просто великолепный, подходит для всего, как для игр, так и для работы. Присутствует отличная камера, которая удивляет своей чёткостью. Так же очень удобен тем что есть 2 отдела для сим карты(в своём случае использую одну симку - для повседневной жизни, другую - для работы) Так же радует картинка и широкоугольный экран. В играх 60fps стабильно, так как 8 ядер и 4гб оперативки - телефон не зависает. Порадовало качество съёмки - 4k ultra hd. Брал телефон даже не задумываясь, потому что знал =, что корейцы не подведут! Удобно что телефон на 128 Гб, всю жизнь было 64 Гб и меньше в Галерее В основном одни фото, придётся очень много фотать) Всем советую! За свою цену ОГОНЬ!)",otzovik.com,otzovik.com,5.0,2022-10-02,https://www.otzovik.com/review_13844864.html,positive
"Достоинства: Много памяти,быстро заряжаеться
Недостатки: пластиковый задний корпус,неудобные проводные наушники в комплекте
Купила 3 года назад и пока что всё отлично. Память хватает выше крыши. Заряд телефон держит долго. Четыре камеры. Качество фотографий и видео снятых на телефон вполне хорошее. Есть много разных цветов телефона. Мне больше всего белый нравится. Телефон прочный. Он у меня один раз упал в лужу и с ним всё равно всё нормально хоть он и водопроницаемый. Также есть отпечаток пальца на экране. Качество фронтальной камеры тоже хорошее. В телефоне много интересных и полезных функций. Телефон пока что сильно не зависал и не ломался. В комплекте шли проводные наушники и прозрачный чехол.",otzovik.com,otzovik.com,4.0,2022-09-21,https://www.otzovik.com/review_13812667.html,positive
"Достоинства: Отличный дизайн , отличный размер телефона и экрана ,нет больших чёрных краёв, отличные камеры , долго держит заряд батареи, на 2 симки , не глючит.
Недостатки: Ну не знаю ,как для кого конечно ,на вкус и цвет товарищей нет, но лично для меня минусов вообще не нашла
Всегда пользуюсь телефонами только марки Самсунг, каждый год - два меняю модели, но этой марки не изменяю и не изменю никогда. Отличное соотношение цены и качества, телефоны служат долго, не глючат, не тормозят, не ломаются, хотя летают у меня телефоны очень часто, часто падают, стекло защитное постоянно трескается, но сам экран телефона крепкий, ни разу не было ни трещинки, очень нравится внешний вид телефона, отличный дизайн, на 2 симки, что для меня очень важно, можно ещё и по желанию поставить флэшку, отличная камера, что задняя, что передняя, камеры смотрятся тоже очень стильно, картинка на телефоне отличная, краски яркие, натуральные... в общем обожаю этот телефон и эту марку.",otzovik.com,otzovik.com,5.0,2022-09-19,https://www.otzovik.com/review_13804754.html,positive
"Достоинства: Шустрый, красивый, стильный
Недостатки: Виснет оплата картами, иногда окна накладываются друг на друга, быстро греется
Купила примерно два года назад. С тех пор стабильно летает, не виснет, памяти достаточно. Брала с синим корпусом, симпатичный. Конечно, по такой цене не ожижала супер-функционала, но в своей ценовой категории супер. Правда, иногда окно условной галереи накладывается на окно условного запущенного приложения. Из-за тяжелых игр быстро нагревается, даже в руках держать невозможно, но это терпимо. Думаю, прослужит еще года 2-3 минимум, даже корпус не потрескался",otzovik.com,otzovik.com,5.0,2022-08-11,https://www.otzovik.com/review_13675656.html,positive
"Достоинства: Камера, мощность, батарея и т.д.
Недостатки: Минусов нет
Здравствуйте, дорогие читатели! Когда я покупал эту модель, я не думал что она будет настолько хороша, отличная камера, хороший объём батареии, стабильный fps 60 в играх. Я им пользовался долго, и за всё время, этот телефон меня никогда не подводил. Я его не ронял, на пол, в воду, ничего не разливал на него. Лично мне этот телефон очень нравится, без проседаний, сильно не нагревается, зарядка держится великолепно. Разъём - USB Type - C. Интернет - 4G LTE. Если телефоном часто пользоватся то надо будет заряжать за день 1-2 раза, если весь день играть то раза 2-3 надо будет заряжать. Пинг в играх маленький. Всем советую данную модель!",otzovik.com,otzovik.com,5.0,2022-07-15,https://www.otzovik.com/review_13582805.html,positive
"Достоинства: Хороший процессор, удобный девайс
Недостатки: Перегревается. Мало памяти
Конечно есть плюсы: программное обеспечение часто обновляется, грузит нормально. Но есть всё же и минусы: памяти маловато, всего 64 гб. На Самсунге А50 было 128 гб, куда они подевались мать вашу? Телефон часто перегревается и быстро забивается всякой фигнёй, в отличие от его предыдущей версии, которая могла бы стать полноценным игровым телефоном, если бы чаще обновления ПО выпускали и фиксили некоторые баги. Поэтому если хотите заплатить нервами - удачи",otzovik.com,otzovik.com,3.0,2022-07-05,https://www.otzovik.com/review_13551556.html,neutral
"Достоинства: Плюсов больше
Недостатки: Минусы присутствуют
Я хочу рассказать вам о таком телефоне как Смартфон Samsung Galaxy A51 сначала начнем с плюсов у телефона очень хороший яркий дисплей, очень хорошая сборка и ещё такой маленький недостаток одна камера снимает хорошо другая камера сдерни а другая вообще плохая, лёгкий, шустрый, держит заряд сутки. Минусы у него тоже есть и очень можно таки сказать важные если вы уроните телефон в воду то всё теперь у вас кирпич ведь у этой модели нет защиты от влаги, иногда телефон может тупить. И ещё друг сказал что не хватает отпечатка пальца и не хватает сканера лица но это кому как. Вот самый большой минус если у вас выскальзывает телефон из рук то лучше эту модель не брать ведь у этой модели очень хрупкое стекло.",otzovik.com,otzovik.com,5.0,2022-06-20,https://www.otzovik.com/review_13500404.html,positive
"Достоинства: Большой экран Не тормозит спустя несколько лет использования Подходит для работы, учёбы, игр
Недостатки: Не нашла
Покупала смартфон в 2020 году, пользуюсь уже 2 года, ни разу не пожалела что приобрела, так как с телефона и работаю и играю. Для меня главное преимущество что много памяти (128 гб), хватает на все. Приятно удивила камера, а особенно фронтальная, качество очень хорошее. Понравилась функция переноса данных, до этого тоже был Samsung и нужно было всего лишь приложить смартфоны друг к другу чтобы начался перенос данных со старого телефона на новый. Постоянно обновляется программное обеспечение, добавляются новые функции, что очень удобно. Ещё очень понравился звук, громкий, не шипит, как будто из отдельной стационарной колонки.",otzovik.com,otzovik.com,5.0,2022-01-14,https://www.otzovik.com/review_13373764.html,positive
"Достоинства: Камера,батарея,дисплей, память
Недостатки: Достаточно большой экран
Я этот телефон купила два года назад и до сих пор он меня не подводит. Батарея держится спокойно в течении всего дня при активном использовании. Снимки с телефона получаются в отличном качестве плюс ещё можно, находясь на одном расстоянии, делать объект ближе или дальше. С памятью на 64 гигабайта мне хватает на все:приложения, игры, фото, музыка и многое другое. Прекрасный дисплей даёт расширение при просмотре фильмов.",otzovik.com,otzovik.com,5.0,2022-01-02,https://www.otzovik.com/review_13339950.html,positive
"Достоинства: С учётом того что два телефона проработали 2 года и сломались ,то плюсов нет.
Недостатки: Недолгий срок службы
Купили с дочкой два одинаковых телефона Самсунг А 52 с разницей в месяц. У дочери ровно через год и месяц полетела плата( ремонту не подлежит) Списали поломку на падение телефона пару раз. (Ребенок уронил) У меня идеально бережное использование. Защита экрана и чехол книжка с первого дня использования. Не падал, влага не попадала, в заднем кармане брюк тоже не носила. Через месяц и у меня также история с поломкой. В сервисе обрадовали что на двух моделях а55 и а51 такое встречается оч часто .",otzovik.com,otzovik.com,2.0,2022-04-30,https://www.otzovik.com/review_13333248.html,negative
"Достоинства: Экран, NFC, Камеры, Блок зарядки.
Недостатки: цена, корпус, беспроводная зарядка, система
покупал за 20К на 64 ггб. Пользовался год. По началу, как всегда железо было +/- нормальное, но система сырая. Оптимизация не очень. Потом вроде допили, но всё же по мне можно было сделать корпус более солиднее, как для среднего сегмента. К тому же нет беспроводной зарядки, корпус полностью пластик. Экран amoled просто прекрасен. Есть NFC. Для любительских каток, конечно, будет неплохим. Единственное стоил ли брать с 6гб оперативной памяти. Т. к. цена завышена и на 4 ггб не так много потерь, но зависит от пользователя. По надежности не плох. Отпечаток в экране (не быстрый) тоже на любителя. Блок на 18 ватт, что хорошо!",otzovik.com,otzovik.com,5.0,2022-04-25,https://www.otzovik.com/review_13316891.html,positive
"Достоинства: Камера, память, дизайн,
Недостатки: Зарядка быстро садится
В прошлом году приобрела смартфон Samsung a51. 128гб внутренней памяти. Пользуюсь им уже больше года. Очень красивый дизайн, у меня красного цвета. Качество картинки идеальное, яркий дисплей, так же есть режим ""Комфорт для глаз"", который защищает ваши глаза, уменьшая количество синего цвета, что снижает усталость глаз при долгом пользовании и вероятность проблем со срением. Всего у телефона 5 камер. 4 основных 48+12+5+5мп и одна фронтальная. Чтобы включить камеру на 48 мп, нужно зайти в настройки камеры, так как по умолчанию стоит камера на 12мп. Смартфон поддерживает систему samsung knox, он защищает личные данные от любых вирусов и вредоносных атак. Единственный минус, спустя время стал плохо держать заряд. Батарея 4000мА. ч. Но я работаю онлайн, поэтому из телефона почти и не выхожу. В остальном всё идеально. За все время пользования, он ни разу ни завис, ни глючил, работал без каких либо ошибок.",otzovik.com,otzovik.com,5.0,2022-03-27,https://www.otzovik.com/review_13221241.html,positive
"Достоинства: Камера, батарея, производительность, цена.
Недостатки: Нет
Телефоном пользуюсь около года. За это время проблем с ним не было. Железа хватает и для игр, и для непрерывного использования целый день. Очень неплохая батарея, даже есть активно пользоваться, до вечера дотянете точно. Камера достойная. Фронтальная очень радует своим ""улучшение лица"". Подводя итог могу сказать, что за свои деньги телефон просто идеальный.",otzovik.com,otzovik.com,5.0,2022-03-26,https://www.otzovik.com/review_13219232.html,positive
"Достоинства: хороший экран, емкая батарея, отличная камера
Недостатки: нету беспроводной зарядки
Пользуюсь им уже более полу года хорошо лежит в руке! отличная батарея хватает на сутки и играми и соц сетями, яркий и четкий экран на котором видно даже на улице в солнечную погоду, отличный звук при разговоре как обычно так и на громкой связи! памяти в 64 гигабайта хватает флешку даже не ставил, хорошая чуствительная камера в 48 мегапикселей делает отличные снимки, в больших и тяжолых игрушках даже не греется! на быстрой зарядке зарежается примерно за час.",otzovik.com,otzovik.com,5.0,2022-02-09,https://www.otzovik.com/review_13051406.html,positive
"Достоинства: Хороший большой экран, понятные настройки телефона, удобный функционал
Недостатки: Зарядное устройство быстро сломалось, глючит иногда телефон
Приобрела этот телефон около года назад и пока довольна им. Удобный интерфейс, большой экран, раскладка клавиатуры радует. Очень быстро разобралась что к чему. А теперь перейдём к минусам. Зарядное устройство быстро вышло из строя. Иногда глючил, то ли от перенагрева, то ли от количества часов, проведённых за телефоном. Это единственные минусы, что я нашла в этом телефоне. А так он прекрасно справляется со своими функциями.",otzovik.com,otzovik.com,4.0,2022-02-08,https://www.otzovik.com/review_13047221.html,positive
"Достоинства: -быстрая зарядка -камера -цена
Недостатки: - небольшой объем оперативки
Пользуюсь год, до сих пор шустрый, не лагает. Радует наличие быстрой зарядки, которой в айфонах нет. Камера на 48 мп и разные углы обзора не уступает более дорогим моделям, фронтальная отлично фотографирует. Имеется nfs и face I'd. Оплачиваю покупки прямо со смартфона. Самсунг делает все для людей, имеется множество настроек для удобства использования. Дизайн отличный, переливается задняя часть. Есть возможность создать аватар, попробуйте, прикольная штука. Цена =качество на высоте. За все время использования не нашла минусов, думаю буду пользоваться ещё 2 года, потом куплю другую модель в силу новых тенденций и разработок. Для современного человека в 2022 году отлично зайдёт.",otzovik.com,otzovik.com,5.0,2022-01-29,https://www.otzovik.com/review_12998995.html,positive
"Достоинства: Цена Качество Память Экран
Недостатки: Батарея Камера
Купил его в начале 2020года, уже отходил 2 года с ним, претензий как таковых к нему нет. Качество камеры, конечно, хромает, но если вам 4к съемки не нужны, тогда хватит. Памяти завались (128 если берём, конечно же). Тупняков нет даже спустя 2года, что радует. Игрушки тянет. Батарея могла бы быть получше, но в целом на день хватает, если не сидеть целый день на ютубе или игры играть. Для бюджетного телефона очень хорош!",otzovik.com,otzovik.com,5.0,2022-01-26,https://www.otzovik.com/review_12984191.html,positive
"Достоинства: Красивый внешний вид
Недостатки: Камера и батарея
Всем привет, хочу поделиться с вами отзывов о телефоне Samsung A51, это бюджетная серия, купил мне муж за 21 000. Веешний вид красивый у меня в красном цвете. Диагональ экрана 6,5"". Тема батареи, скажу... не порадовала. Заявленные 4000 мА*ч как то быстро кончаются. Мне на день хватает, заряжаю каждый день. Камера честно говоря меня не устраивает, не сильно красивые получаются снимки",otzovik.com,otzovik.com,3.0,2022-01-12,https://www.otzovik.com/review_12918800.html,neutral
"Достоинства: Большой, яркий, с хорошей камерой и звуком
Недостатки: Пока не обнаружила
Пользуюсь телефоном уже год. Все работает на 5+. Регулярно выходят обновления программного обеспечения. Не тупит, не глючит. Большой и удобный экран, заряда батареи хватает на два дня активного использования, полная зарядка осуществляется примерно в течении трёх-четырех часов Можно читать книги, дочка постоянно скачивает разные игры. Звук громкий, хорошо слышно в шумных местах, когда телефон находится в кармане или сумке. Удобно пользоваться меню, простое и понятное. Так как телефон сравнительно новой модели на него легко найти все аксессуары, чехлы, плёнку, защитное стекло. Камера делает прекрасные фото и осуществляет видео.",otzovik.com,otzovik.com,5.0,2022-01-10,https://www.otzovik.com/review_12910848.html,positive
"Достоинства: Аппарат надёжный и проверенный временем
Недостатки: Их нет
В использовании почти 2 года. Год я пользовался, потом жене отдал. Хочу сказать, что за 2 года батарейка живая, так же хорошо держит заряд. Такой же шустрый, не тормозит. Но после года использования делал сброс к заводским, для того, чтобы уже данные жены вбить, а свои стереть. У меня а 71. Удобная функция в настройках определение местонахождения аппарата. Таким образом вижу где находится моя жена, так же и она видет моё местонахождение. Как и про 71 аппарат не стану писать характеристики 51, они везде есть. Пишу про использование и износ за 2 года. Никаких проблем. Аппарат падал несколько раз, кололось защитное стекло. А аппарат живой. Вобщем советую",otzovik.com,otzovik.com,5.0,2021-12-08,https://www.otzovik.com/review_12778108.html,positive
"Достоинства: Для меня лучший
Недостатки: Не обнаружила
Я очень давно пользуюсь данной фирмой. И другую фирму даже не рассматриваю. В прошлом году на новый год муж подарил мне телефон. Цвет ближе к изумруд. Смотрится очень стильно. Камера классная и чёткая. Фотки теперь просто восхитительные. Особенно в семье первый ребёнок появился и хотелось все фоткать. Позже я распечатывала фотографии и была в шоке от качества фотографий. Как буд-то фоткали на професиальный аппарат. Работает телефон быстро. За год использования не глючит. В нем куча настроек которые можно редактировать под себя. Память в устройстве мне хватает. Куча фоток и видео с ребёнком и всяких приложений установлено и есть ещё память. Я лично довольно.",otzovik.com,otzovik.com,5.0,2021-12-04,https://www.otzovik.com/review_12760415.html,positive
"Достоинства: Ничего лишнего, всем советую.
Недостатки: Минусов за полгода использования не нашла!
Здравствуйте, мне посчастливилось приобрести Samsung a51 в одном из магазинов Крыма по низкой сумме 17тыс. Действительно, в этом телефоне много преимуществ. Быстрая зарядка, достаточно памяти для скачивания приложений, отличная камера! При этом имеется сканер пальца удобное расположение кнопок и простое меню.",otzovik.com,otzovik.com,5.0,2021-11-13,https://www.otzovik.com/review_12668840.html,positive
"Достоинства: Оболочка, корпус, память
Недостатки: Лаги
Купил телефон самсунг а51 гол с половиной назад. Через это время использования уже начались лаги. Брал версию на 128 гб. Понравилась оболочка самсунг. Телефон приятный на ощупь. Задняя крышка сделана из пластика. За его стоимость нормальный телефон.",otzovik.com,otzovik.com,3.0,2021-11-11,https://www.otzovik.com/review_12660562.html,neutral
"Достоинства: Динамик громкий, заряжается быстро, хорошо лежит в руках, хорошее качество фотографий, много новых функций (биометрия, режим ""комфорт для глаз"", NFC)
Недостатки: Влитая батарея, слабый держатель для SIM-карты, отсек для наушников снизу.
Приобрела себе на день рождение. Думала, что будет хуже. Но к моему удивлению он очень хорошо лежит в руках и динамик довольно громкий. Фронтальная камера немного хуже, чем задняя, но это не проблема. Ведь сейчас мало телефонов с оригинальным экраном от Snapdragon. Заряжается быстро. Главный для меня минус из всех - влитая батарея. Ведь в моих телефонах часто портилась именно она. В принципе, если правильно обращаться с телефоном, а точнее правильно заряжать, то этот телефон вам прослужит долго.",otzovik.com,otzovik.com,4.0,2021-11-07,https://www.otzovik.com/review_12641045.html,positive
"Достоинства: Хорошая камера Большой АКБ Неплохой процессор 64 гб даже в самой малой комплектации Большой экран Удобно лежит в руке.
Недостатки: Не имею претензий к данному аппарату.
Хоть и телефон и является флагманом очень качественная и производительная сборка. Хорошая камера, есть даже ширик. Экран не слишком большой но и не маленький. Довольно производительный процессор и немалый объем памяти. Поиграть в проекты ААА класса на нём очень даже получится. АКБ может и не самый объемистый но на сутки его хватает, если чисто звонки, смс-ки, и интернет. Поддерживает быструю 18 ватную зарядку что не может не радовать. 1 динамик но очень громкий. 2 симки что тоже очень удобно. Если покупать даже базовую модель на 64 г то всегда можно добавить до 512 г даже с учетом 2 симок, под микро-СД карту 3 слот рядом с симками.",otzovik.com,otzovik.com,5.0,2021-10-25,https://www.otzovik.com/review_12586587.html,positive
"Достоинства: Вместимость памяти
Недостатки: Нареканий нет
Долго искала себе подходящий телефон, вот в итоге остановилась на этой модели Самсунг А 51. Удобный большой экран, как и хотела всегда, приложения все удобные для работы и куча всего интересного. Купила камеру видео наблюдения скачала приложение на телефон все работает отлично. Телефоном пользуюсь третий год нареканий небыло. Фото получаются отлично. Заряжаю раз в 2 дня, при этом что ребёнок постоянно просит включить мультики, я довольно таки часто сама нахожусь в телефоне когда есть свободное время. Но реально не тупит и не глючит телефон, можно приобрести по очень хорошей скидке, гарантия 1год. Советую не пожалеете.",otzovik.com,otzovik.com,5.0,2021-10-25,https://www.otzovik.com/review_12583218.html,positive
"Достоинства: Быстрый крепкий коасивый
Недостатки: Их нет
Покупал данный гаджет по очень приемлемой цене. Цену он свою оправдал работает быстренько без нареканий больше всего нравится в нем камера и различные ее режимы.",otzovik.com,otzovik.com,5.0,2021-09-06,https://www.otzovik.com/review_12387055.html,positive
"Достоинства: Качество, интересный дизайн, отличная камера, удобен в использовании.
Недостатки: Пока нет
Вообще обожаю компанию Samsung, у них всегда качественные продукты. Ранее был телефон Samsung Galaxy j5, который безумно нравился и дизайном и в использовании, и думаю прослужил бы больше, если бы его не украли. При покупке телефона, очень важно было, чтобы был лёгок в использовании, хорошая камера и батарея, нормально держащая заряд. Сразу же упал взгляд на этот телефон, он красивый внешне, лёгкий, яркий и интересный экран, множество функций и всегда хорошие обновления, камера - то что надо, многие удивляются, что насколько качественные и красивые фотографии с телефона, как будто их делали на профессиональный фотоаппарат.",otzovik.com,otzovik.com,5.0,2021-09-05,https://www.otzovik.com/review_12385570.html,positive
"Достоинства: Удобный в использовании, мощный, хорошая камера, приятный звук в динамике, прост в использовании.
Недостатки: Нет вибрации при подключении в разговор по телефону, быстро садится (не будет при грамотной зарядке).
Пользовался этим смартфоном 3 месяца. И продолжаю пользоваться. Вкратце об этом телефоне: Телефон полностью оправдывает свою стоимость. Мощный, стильный, с отличной камерой. Подойдет как для базового пользования (звонки, просмотр видео, переписки), так и для игр, фотошопа, и прочих, требовательных программ. Приятный интерфейс, отсутствие лагов, зависаний и прочих неприятностей. Если при выборе нового устройства ваш выбор пал на компанию Samsung - этот телефон оправдает все ваши ожидания!",otzovik.com,otzovik.com,5.0,2021-08-29,https://www.otzovik.com/review_12359770.html,positive
"Достоинства: Отличная камера, звук хороший
Недостатки: Тяжело найти чехол
Купила год назад. Отлично. Все летает, работает исправно. Долго сомневалась покупать или нет. Рискнула и не пожалела. Достоин своих денег.",otzovik.com,otzovik.com,5.0,2021-08-10,https://www.otzovik.com/review_12284110.html,positive
"Достоинства: Хорошая камера, быстрый в работе, красивый дизайн
Недостатки: за свою стоимость отсутствуют
Данный телефон приобрела в декабре 2020 года, так как стары мой телефон разбил ребенок. Долго выбирала модель, так как бюджет был всего 20 000 рублей, а хотелось, чтобы и камера была хорошая и сам телефон в работе не подводил. Прочитала очень много отзывов и остановилась все таки на Samsung Galaxy A51. Камера меня устроила в первый же день, хорошие четкие и яркие фотографии, по функциям не уступает и дорогим моделям, в работе за пол года не разу не подвел.",otzovik.com,otzovik.com,5.0,2021-08-09,https://www.otzovik.com/review_12279705.html,positive
"Достоинства: Камера, оперативная память, цена
Недостатки: Задняя панель очень пачкается
Полтора года назад муж предложил самой выбрать подарок на 8 марта. Недолго думая, я решила поменять телефон. Я всегда была приверженцем Самсунгов, поэтому выбирала что то из них, с ценой в районе 20000. На тот момент мне нужна была приличная камера, батарея, которой хватало бы на серфинг и оперативка для редких игр. Сомневалась я между моделями samsung galaxy a50 и samsung galaxy a51. Пересмотрела кучу отзывов, оценок, сравнений. Но выбор решила сделать непосредстаенно в магазине. Подержв в руках, все-таки, остановилась на а51. Выбор цветов не мал-голубой, красный, серый, белый. Задняя панель очень красиво переливается, но очень легко пачкается отпечатками. Камера приятная, отпечаток пальца прилично реагирует, с малюсенькой задержкой. Распознавание лица на хорошем уровне. В камере очень много разных настроек-от проф режима, до селф-эмоджи. Минимум встроенного мусора, не греется при зарядке. Родной зарядник живет до сих пор. При постоянном серфинге в интернете заряда хватает на сутки. Есть функция быстрой зарядки. Не виснул за эти годы не разу, обновляется время от времени, про чистку памяти я и забыла-взяла на 128 гигов. Единственное-с некоторыми стеклами некорректно срабатывал отпечаток. Сейчас прошло около полутора лет, телефон меня полностью устраивает. Менять даже и не думаю. Советую к покупке-не пожалеете.",otzovik.com,otzovik.com,5.0,2021-08-06,https://www.otzovik.com/review_12268467.html,positive
"Достоинства: Кроме быстрой зарядки их нет
Недостатки: Сам телефон один сплошной минус
Телефон полная лажа, после одного года пользования начал думать по 20 минут. Тупит нереально. Камера работает медленно и качество фото просто дно. Не советую к покупке.",otzovik.com,otzovik.com,1.0,2021-08-04,https://www.otzovik.com/review_12260679.html,negative
"Достоинства: Камера, цена, дизайн, удобство пользования
Недостатки: Нет
Фотографии не могу прикрепить так как пишу отзыв с этого телефона. Данную модель телефона приобрела год назад. В магазине был представлен выбор цвета белый или красный. Выбрала модель с красной крышкой сзади телефона. Очень нравится и завораживает то, что крышка телефона без чехла переливается на солнце. Что время пользования покупала в 4 защитных и могу сказать, что это бесполезная трата денег. Пол года назад перестала пользоваться защитным стеклом, хотя телефон потом падал, но он не бился в отличие от защитного стекла. Вывод- стекло у телефона прочное. Так что могу сказать, что дизайном и качеством телефона я довольна. За год было несколько обновлений телефона. Все очень понравились. За год пользования могу сказать что очень довольна покупкой. За все время пользования телефон ни разу не зависал. Очень нравится камера ( их четыре) в этом телефоне. В ней есть много режимов съемки таких как PRO, макросъемка, мультикалр, панорама, замедленное движение и много других, ниже прикреплю фото. Так же могу отметить, что у телефона очень хороший динамик и звук во время телефонного разговора. В комплекте с телефоном шли наушники и зарядное устройство. Телефон полностью можно зарядить за 40 минут и заряд держится более суток. Могу с уверенностью сказать, что данная модель телефона, его качество полностью соответствует своей цене. В том году покупала в сети магазинов А1 за восемьсот белорусских рублей. Брала в рассрочку на 2 года. Ранее также пользовалась двумя телефонами от Samsung и этот нравится больше. При выборе телефона советую обратить внимание на эту модель.",otzovik.com,otzovik.com,5.0,2021-08-02,https://www.otzovik.com/review_12253291.html,positive
"Достоинства: Камера хорошего качества
Недостатки: Минусов пока что нет
Не тормозит, не зависает. Очень классная камера. В общем реально советую к покупке. И дизайн тоже красивый, то что надо",otzovik.com,otzovik.com,5.0,2021-08-01,https://www.otzovik.com/review_12246334.html,positive
"Достоинства: Отличная производительность, мощный процессор
Недостатки: Очень сильно нагревается
Сама марка телефона мне очень нравится я пользуюсь ей уже больше 5 лет. Телефон именно этой модели отлично подходит для разных работ. Его производительный процессор хорошо показывает себя в разных приложениях и особенно играх. В таких как PUBG mobile на максимальных настройках в 60 фпс идет отлично. Советую всем.",otzovik.com,otzovik.com,5.0,2021-07-23,https://www.otzovik.com/review_12207417.html,positive
"Достоинства: Цена
Недостатки: Нету
Купил этот телефон год назад, пользуюсь до сих пор, мне очень нравится, за свою цену это достаточно хороший телефон Брал для серфинга в интернете, так же скачивал игры, неплохо тянет их, за год работы телефон еще не лагает, главное ухаживать за ним, это касается всех телефонов Камера неплохо щелкает ща свою цену, дисплей яркий, макс разрешение 1080мп Дальше будет лагать, но это естевственно, особенно радует цена смартфона, брал я его за 12600 помойму, такие игры как бравл старс тянет на 50-60 фпс, это хороший показатель:) Так-же хочу отметить что у этого смартфона низкое излучения, это делает его безопасным Мне все нравится",otzovik.com,otzovik.com,5.0,2021-07-18,https://www.otzovik.com/review_12186187.html,positive
"Достоинства: яркий , вполне себе шустрый.
Недостатки: Камера, отпечаток, звук, батарея.
Первый самсунг у меня был s8, вполне такой шустрый был смартфон, но минус в нем был все так же экран с закруглением и сам диаметр экрана мелкий( опять же на любителя). Что касается второго моего самсунга то это как раз а51, который в принципе по диагонали меня устроил, но немного узковат. Нехватало бы 0.5 мм еще в ширь и я была бы довольна. Отмечу сразу, у меня был достаточно яркая красная модель, прям на свету переливается, не смотря на то что это пластик, по мне так лучше он, чем стекло которое бьется, потом меняй эту крышку. Тут все бюджетно и просто. Из минусов, у меня вообще не работал отпечаток, судя из отзывов он у многих к тому же вообще тупил, а у меня не рабочий совсем. Камера, ну ребят, есть с чем сравнить, с vivo например, v9, y93 моделью, у них отличная камера, четкая. У самсунга она как будто пейзаж акварелью рисовали, еслип присмотреться то там размыто, но возможно при удачном стечении обстоятельства этого не видно и кажется что фотка вполне даже нечего. В темноте сфоткает так себе, фронталка не лучше чем у меня на Виво. Очень неплохо что там 6/128, это прям самое оно. Вполне неплохо работает. Шустро. Звук так же не лучший .",otzovik.com,otzovik.com,4.0,2021-07-16,https://www.otzovik.com/review_12180604.html,positive
"Достоинства: Камера Экран Функционал Звук Микрофон
Недостатки: Аккумулятор
Пользуюсь больше года, со сколько либо серьезными проблемами при использовании пока не столкнулся. Камера вообще сказка, много режимов и хорошее качество. В игры толком не играю, с теми, которые я открывал, проблем тоже не возникало. Покупал за 17 тысяч, доволен. Единственное, телефон заряжается быстро, и разряжается тоже довольно быстро. На целый день при активном использовании не хватит.",otzovik.com,otzovik.com,5.0,2021-06-06,https://www.otzovik.com/review_12020009.html,positive
"Достоинства: Внешний вид Камера Аккумулятор
Недостатки: Сканер отпечатка пальцев тупит
Данный телефон приобрела в декабре 2020 за 23 000 рублей. Итак, я была приятно удивлена. Достоинства: Внешний вид. В работе телефон не тупит. Хорошо держит батарею и достаточно быстро заряжается. Сканер отпечатка пальцев прямо на дисплее. Шикарная цветопередача Доступная цена. Отличное качество фото и видео за такую цену. Экран 1080 x 2400 пикселей В руке лежит удобно. Большой выбор цветов корпуса. Недостатки: В комплекте нет чехла. Сканер отпечатка не всегда распознает палец. Пластиковый корпус. В общем телефон отличный. Служит мне уже пять месяцев и до сих пор как новый. Тормозить не начал, аккумулятор так же хорошо держит зарядку и быстро заряжается. Топ за свои деньги.",otzovik.com,otzovik.com,4.0,2021-01-05,https://www.otzovik.com/review_11886418.html,positive
"Достоинства: Камера, заряд держит
Недостатки: Отпечаток
Купил полгода назад, по началу всё было норм, не глючил, все работало чётко и без нареканий. Через месяца 2 начал под тупливать, но чего ещё ждать от бюджетной версии. После пары обновлений начал долго запускаться. Отпечаток не всегда сробатывает.",otzovik.com,otzovik.com,4.0,2021-04-30,https://www.otzovik.com/review_11867507.html,positive
"Достоинства: Удобен в использовании, имеется два слота для сим-карт
Недостатки: Быстро садится аккумулятор, при неактивном использовании заряда не хватает даже на сутки
Не так давно приобрел Samsung galaxy A51. С четых месячным «опытом пользования» данного телефона особых претензий не имею. А отличие от предыдущего телефона наблюдается в наиболее расширенном функционале и рядом возможностей. Даже если в цене сравнить мой предыдущий телефон, у меня был из серии Honor. Летом в 2018 году я его покупал примерно за такую же стоимость, что и данный Самсунг (там разница в несколько сот рублей), но это абсолютно два разных телефона. Ещё могу упомянуть об одном большом преимуществе - не важно, на каком телефоне у вас хранились личные данные (за исключением Айфонов), все данные можно легко перенести на Самсунг, как я собственно и сделал. При первом запуске он предлагает сам перенести данные на телефон через стандартное приложение для Самсунга - SwitchAp. Если даже на Honor у меня его не было, его можно скачать в PlayMarket. Данные переносятся с использованием Wi-fi. Но тут точно я не припомню, либо я переносил через мобильную связь, поскольку дома у меня wi-fi не работает, либо интернет раздавал со своего старого телефона. Но факт тот, что мне успешно удалось перенести все необходимые данные со старого телефона на мой новый Самсунг. Причем даже на ранее сделанных фото осталась прежняя дата и сохранились местоположения. Также, отмечу, что на данном телефоне хорошо работает NFC. То есть это то, с помощью чего вы можете оплачивать заказы в магазине через телефон. Это очень быстро, удобно и избавляет от лишнего пластика в карманах и грязной мелочи. Я уже как несколько месяцев подряд произвожу все расчеты именно по этой системе",otzovik.com,otzovik.com,5.0,2021-03-07,https://www.otzovik.com/review_11593665.html,positive
"Достоинства: Экран, Батарея, Камера почти
Недостатки: Корпус, Процессор жаль не Snapdragon
Телефон хорош но не идеален. Теперь по подробнее Комлектация стандартная все кроме кобуры. В целом сойдет жаль нет мощного блока питания как у a71. Корпус-пластиковый полностью так что сразу в защитную пленку со всех сторон а то сильно царапаеться. А так телефон среднего размера и плюс легкий из-за материалов корпуса. Экран-как всегда на высоте супер амолед экран со всеми плюшками и с вырезом под камеру кудаа меньше чем у а71, с минимальными рамками одним словом классный. Процессор-Exynos да увы не Snapdragon но если поотключать Game servisi самсунга то зверек не так уж плох и игры начинает тянут нормально. Кстати брать советую версию на 6/128 для андроида 4 рам это уже мало. Камера-тут все неплохо хуже по детализации чем а71 но по цветопередаче даже лучше. Видео среднее, стабилизации нет и жто чуствуется. Днем и фото и видео хорошее чем темнее тем хуже. Батарея-точно плюс чем минус это однозначно тянет железно день иногда полтора Звук средний не стерео, коммуникации достойные самсунга В целом телефон удался",otzovik.com,otzovik.com,4.0,2021-02-21,https://www.otzovik.com/review_11512676.html,positive
"Достоинства: Тонкий и легкий, дисплей яркий, селфи камера
Недостатки: Процессор
Не обижайтесь ребята, но, я буду ругаться. По жизни, я ярая поклонница бренда Samsung. Но, какой печальный опыт я испытала с этим телефоном. Купила маме в подарок А50, вдохновилась, но, взяла телефон по новее, то бишь 51 на 64Гб. Телефон слов через неделю. Просто перестал заряжаться и жутко греться. Знаю, что по первой заряжался за полтора, максимум за 2 часа. Прихожу, а за несколько часов зарядился на 60% и просто кипел в руках. Отнесла в магазин, подтвердили производственный брак через месяц. Поменяли на абсолютно новый, через два месяца сдохла быстрая зарядка, сброс настроек и замена блок/шнура не помогли. Зла не хватает. Стал тупым до беспредела, перезагрузка проблему не решает. Висит, из прог вылетает. Лежит теперь мёртвым грузом. Такое и перепродавались кому-либо стыдно. Как и прежде, хвалю Samsung за нереально насыщенный экран, в руке хорошо лежит, очень легкий! Это большой плюс. Дизайн очень красивый, перелив задней панели впечатляет. Селфи камера мне у него безумно нравилась. Так что, вот такие вот пироги...",otzovik.com,otzovik.com,3.0,2021-02-18,https://www.otzovik.com/review_11497546.html,neutral
"Достоинства: Хорошая камера, функционал, бнзрамочный экран, хорошо держит заряд батареи(при грамотном использовании телефона)
Недостатки: Иногда может тормозить, но все зависит от использования
Телефон функционирует отлично, камера делает фото в хорошем качестве(что меня приятно удивило). Случилась одна странность(брак) перестал функционировать дисплей, я сразу же отправилась тех центр, где мне благополучно заменили старый дисплей на новый(бесплатно по гарантии). В целом не сильно тормозит и поддерживает нужные мне приложения. За счет безрамочного экрана играть в разные приложения, а также работать и смотреть фильмы, - одно удовольствие.",otzovik.com,otzovik.com,4.0,2021-02-18,https://www.otzovik.com/review_11491379.html,positive
"Достоинства: Этот телефон один большой плюс
Недостатки: Нема
Телефон мне очень понравился, понравился стиль, то как он лежит в руке, всё очень удобно и просто. Доступная цена. За пол года воспользования не разу не глючил, даже при сильных морозах.",otzovik.com,otzovik.com,5.0,2021-02-09,https://www.otzovik.com/review_11438993.html,positive
"Достоинства: Отличная камера,большой экран,хороший аккумулятор,дизайн
Недостатки: при нахождении в каком нибудь приложении сразу нагревается
Пользуюсь этим смартфоном два с половины месяца, такое ощущение что весь упор сделали на камеру и экран, потому что камера сдесь просто отличная, с высоким разрешением, есть разные режимы сьемки, даже проффесиональная, заряд держится так себе при непрерывном использовании хватает максимум на день, хороший большой экран, зарядное усттройство с коротким проводком что тоже не всегда удобно, что касается наушников то у них очень тонкие провода, держатся прям на соплях, к телефону также дают прозрачный силиконовый чехол, защищяющий от грязи и повреждений смартфона. Вывод если вам нужен смартфон с хорошей камерой и большим экраном то берите именно его",otzovik.com,otzovik.com,5.0,2021-02-09,https://www.otzovik.com/review_11438716.html,positive
"Достоинства: Удобный и безрамочный.
Недостатки: Нагревается во время игры.
Здравствуйте хочу поделиться своим впечатлением об этом прекрасном телефоне пользуюсь уже 1 месяц и что могу сказать телефон обладает всеми качествами современного гаджета. Он отлично тянет все игры так же удобно работать с документами есть сканер отпечатка пальцев Face ID, отличная камера фотографии получаются шикарные советую.",otzovik.com,otzovik.com,4.0,2021-01-19,https://www.otzovik.com/review_11318525.html,positive
"Достоинства: Картинка, NFC, звук через наушники
Недостатки: СКАНЕР ОТПЕЧАТКА, быстродействие, батарея
Купил этот смартфон, так как предыдущий потерял). Читал отзывы, смотрел характеристики, сравнивал и в итоге купил! Характеристики и внешний вид неплохие. Сразу купил защитное стекло + силиконовый бампер. Достоинства: - Картинка насыщенная. Яркость достаточная. К картинке претензий нет! - Звук достойный! Слушаю музыку через наушники Panasonic RP-HF400B. Высокие и низкие частоты слышно! - есть радио, но я им не пользуюсь. Недостатки: - сканер отпечатка под экраном. С защитным стеклом заносил отпечатки пальцев - это что-то с чем-то! Чуть отверстие не сделал в месте датчика!!! С горем пополам занес. Далее эксплуатация датчика!))) Пытался расплатиться при помощи бесконтактной оплаты, по-разному прикладывал палец - не проходит(оплатил введя PIN)! Сейчас оплатить с помощью отпечатка пытаюсь два раза! Если не проходит второй раз - оплачиваю при помощи PIN кода, потому что все-равно не пройдет, попробуешь 5 раз, а затем нужно будет ввести PIN. Думал, что это защитное стекло мешает. Убрал защитное стекло (есть вариант быстрее убить аппарат), чуть лучше стало, но снизилась защита экрана! Сканер отпечатка г... но! (хотя это может только мне не повезло) - быстродействие. В целом неплохо, но очень долго загружается! Иногда бывают моменты в процессе использования зависает на 10-15 секунд. - батарея. Хватает на день. На два дня не хватит. Я очень мало пользуюсь интернетом со смартфона. Основное использование - разговоры, но разговариваю много!",otzovik.com,otzovik.com,3.0,2021-01-16,https://www.otzovik.com/review_11294343.html,neutral
"Достоинства: Звук,экран
Недостатки: Нет
Здравствуйте, сегодня я напишу отзыв про смартфон Samsung galaxy A51, встроенная память-64гб, оперативная память-4 гб, (цена 19330)в комплект входит чехол зарядное устройство, звук хороший, микрофон хороший, динамик хороший, экран достаточно большой, удобно держать в руке, в камере есть функции, телефон мне нравится.",otzovik.com,otzovik.com,5.0,2021-01-08,https://www.otzovik.com/review_11243920.html,positive
"Достоинства: Лёгкий, хорошая диагональ экрана, цветовое разнообразие корпуса, встроенная память, камера, динамик
Недостатки: Лично для меня, минус в том, что нет съёмной батареи.
Купила смартфон ""Samsung A51"", для личного пользования. Покупкой и телефоном удовлетворена полностью. Он отвечает всем мои требованиям и заявленным разработчиками функциями. Красивый дизайн. Лёгкий но в тоже время современный интерфейс. Много встроенных, нужных приложений. Достаточно много цветов, внешнего корпуса. Телефон лёгкий и маневреный. Камера отличного качества, очень понравилась функция дальней и ближней съёмки.",otzovik.com,otzovik.com,5.0,2021-01-07,https://www.otzovik.com/review_11238614.html,positive
"Достоинства: •Высокое разрешение фотосъёмки •
Недостатки: Минусов не нашла
Разрешение камеры более чем достаточно тыловая 48 мегапикселей, а фронтальная 32, никаких пикселей на фотографии не удаётся рассмотреть. Есть даже микоросъёмка, гиперлакс и замедленная съёмка. Очень быстрая подзарядка, у меня заряжает до 100% за 40 минут, а самое главное при долгом использовании без перерыва смартфон не перегревается. Экран достаточно большой:длина 15,5 и ширина 7 сантиметров, цветопередача приятна для глаз.",otzovik.com,otzovik.com,5.0,2021-01-04,https://www.otzovik.com/review_11223929.html,positive
"Достоинства: Экран супер амолед Батарея Камера Функции Дизайн
Недостатки: Не обнаружил
Здравствуйте, хотел поделиться впечатлениями о смартфоне Samsung galaxy A51. Начну пожалуй с плюсов данной модели Samsung: +Хорошая, четкая камера, которая делает отличные фотографии, что для бюджетного телефона на 5+ +Хорошо держит заряд батарея +Внешний вид, дизайн телефона +Процессор надёжный +Офис Майкрософт +Много функций +Super Amoled экран, четко передаёт все краски Ну, а теперь минусы, который я не обнаружил находясь во владении телефоном на протяжении 6 месяцев. Так что если думаете покупать смартфон в пределах 20 тыс., смело можете купить данный телефон Samsung galaxy A51.",otzovik.com,otzovik.com,5.0,2020-12-30,https://www.otzovik.com/review_11202210.html,positive
"Достоинства: камера, батарея
Недостатки: нет
Красивый и функциональный телефон. Яркий экран. Мощная батарея. Сканер отпечатка пальцев работает хорошо, распознавание по лицу тоже в большинстве случаев срабатывает. Недостатки Периодически возникают проблемы с просмотром видео - показывает темный экран. Вероятно, есть какие-то проблемы с плеером, не знаю. Комментарий В телефоне много различных фишек, освоила далеко не все. Рекомендую к покупке.",otzovik.com,otzovik.com,5.0,2020-12-17,https://www.otzovik.com/review_11135670.html,positive
"Достоинства: Практичный, лекок в управлении.
Недостатки: Не наблюдаю!
Друзья, хочу написать отзыв о телефоне Самсунг а 51 64 гб. Телефон этой торговой марки мне подарил муж на мой день рождения. Так как всю свою сознательную жизнь я пользовалась Sony, была немного растеряна и даже расстроена подарком. Но за эти 3 месяца пользования телефон зарекомендовал себя с хорошей стороны. В комплекте с телефоном идёт зарядка и наушники. Начнём с того, что у него большой, просто безграничный экран. Это очень удобно оказывается при просмотре фильмов и сериалов, а также когда играешь в игры. Яркий, стильный дизайн, ничего лишнего. Кстати, у меня Красный телефон. Лёгкий, приятно держать в руках. Долго держит заряд и быстро заряжается, а это говорит о том что у него хорошая батарея. Также телефон имеет 4 объективную камера, фотографии получаются просто потрясающие, чёткие, яркие и красочные, а это я считаю очень важно для телефона. Ведь на вряд-ли Вы купите хороший телефон с плохой камерой?! Также телефон имеет макро-камеру, что позволяет сделать чёткие фотографии крупным планом, фиксируя мелкие детали объектов. Имеется функция живой фокус, эффект размытия фона, очень удобно оказывается фотографировать, ничего лишнего не видно на заднем плане)))) Имеет достаточно вместительное хранилище, не в чем себе не отказываю. Закачала много всяких программ, игрушек и ничего не зависает, работает идеально. Вообщем, полостью оправдывает потраченные на него средства. Телефоном довольна!!!! Рекомендую)))",otzovik.com,otzovik.com,5.0,2020-12-10,https://www.otzovik.com/review_11092473.html,positive
"Достоинства: Face id Touch id 4 камеры Поддерживает samsung и google pay
Недостатки: Минусы в работе камеры при приближении и плохом освещении Не светится индикатор при получении нового уведомления
На данный момент пользуюсь данным телефоном и всё устраивает. Безумно красивый дизайн, особенно в белом цвете. В работе смартфон очень быстрый, что является огромным плюсом, хорошо держит зарядку и поддерживает быструю зарядку. В руке лежит комфортно, не слишком большой, как может показаться на первый взгляд. Что касается разблокировки. Есть face и touch айди, огромный плюс, считаю. Но в работе с face айди иногда возникают проблемы, не всегда распознает, в зависимости от освещения и внешних факторов. Touch айди в основном работает хорошо, но так же иногда не распознает отпечаток пальца, а иногда и вовсе не реагирует, например если ваши руки очень чистые и сухие. Камера. Камера хорошая, подробную характеристику Вы можете прочитать в интернете. Из минусов камеры то, что при сильном приближении объекта появляются явные пиксели, что не очень приятно. В целом телефон хороший, самое главное - бюджетный вариант. Я бы сказала, что стоит своих денег.",otzovik.com,otzovik.com,4.0,2020-12-06,https://www.otzovik.com/review_11068131.html,positive
"Достоинства: Большой, безрамочный, удобный, неплохая камера
Недостатки: Не работает сканер отпечатка пальца из за стекла, иногда тормозит
Приобрели 4 месяца назад, поэтому могу рассказать о его использовании. Начну с внешнего вида телефона. Большой безрамочный экран, но это никак не мешает удобно держать его в руке. В телефоне имеется 4 камеры. Качество фотографий меня радует, есть различные режимы съёмки. Для доступа к телефону есть 3 варианта блокировки: отпечаток пальца, PIN, face id. На данный момент пользуюсь только паролем, так как наклеили защитное стекло, из-за этого не работает сканер отпечатка пальца. В комплекте вместе с телефоном были зарядное устройство и наушники. Наушниками не пользуюсь из-за того, что они для меня неудобны. Есть функция быстрой зарядки, что очень выручает. Были моменты, когда телефон начинал тормозить и зависать, но происходило это нечасто. На данный момент телефон меня устраивает, менять не планирую.",otzovik.com,otzovik.com,4.0,2020-12-03,https://www.otzovik.com/review_11049697.html,positive
"Достоинства: Хорошая камера , большой экран, батареи надолго хватает.
Недостатки: Только то что пластиковый корпус , быстро царапается
Купила пол года назад, сбоев никаких не было. Хорошая стабилизация камеры, фотки очень хорошие, много всяких функций. Очень хороший амолет экран. Мне очень нравится то что фронтальная камера сделана не в форме капли, а точкой. пабг тянет на не максимальных, но высоких настройках. Звук хороший и в динамике, и в наушниках. Хоть корпус и пластиковый но выполнен красиво. Быстрая зарядка поддерживается . Вобщем телефон хороший берите не пожалеете !",otzovik.com,otzovik.com,5.0,2020-12-01,https://www.otzovik.com/review_11039871.html,positive
"Достоинства: Хороший товар, за хорошую цену
Недостатки: все устраивает, минусов не нашла
Недавно я приобрела нашумевший смартфон Samsung Galaxy A51, честно сказать, я была приятно удивлена. Телефон явно стоит своих денег. Красивый дизайн ( я выбрала красный), довольно лёгкий и удобный в ношении. Зарядки хватает на целый день и это огромный плюс для меня, так как я нахожусь большее время вне дома. Также очень удобно делать презентации и оформлять документы через смартфон, если нет ноутбука или компьютера. Камера меня также порадовала, особенно при хорошем освещении получаются нереально красивые фотографии. Если покопаться в настройках можно найти крутые функции, которые сделают использование гаджета интереснее. В целом, хочу сказать, что мне понравился этот смартфон !!!",otzovik.com,otzovik.com,5.0,2020-11-29,https://www.otzovik.com/review_11027953.html,positive
"Достоинства: Телефон супер!. Экран потрясающий, быстрая зарядка, много современных приложений, отличный звук, камеры супер. Шустрый, умный, я довольна всем. Samsung вы лучшие!
Недостатки: нету
Приобрел в марте 2020 года, до этого был Самсунг А3. Очень нравится телефон. Очень понравилось, что все данные и программы со старого телефона перенеслись в новый (абсолютно все). Я даже сам в шоке был. И заметки и заставка, ну абсолютно все. В игры не играю, поэтому тут ничего не скажу. А в общем все на 5, я кайфую.",otzovik.com,otzovik.com,5.0,2020-11-22,https://www.otzovik.com/review_10983304.html,positive
"Достоинства: Камера,Батарея и Отличная производительность
Недостатки: Не выявил
Купил этот телефон месяца 2 назад, скажу что я не ошибся с выбором, меня немного удивила данная модель, она работала куда лучше других бюджетных телефонов и гораздо быстрее реагировала на нажатие. Если говорить про производительность то могу сказать что за все время не разу не испытывал лаги, даже запускал некоторые игрушки, но телефон себя оправдал. Смартфон немножко больше чем я думал, но не на столько габаритен чтоб его было сложно держать в руках, материал не липнет на руки, вообщем с корпусов все тоже очень неплохо. Камера слишком хороша для такой бюджетной модели телефона, я как бы брал для игр, поэтому не обратил на это много внимания. Батарея тоже очень хорошая, может хватить на рабочий день при постоянном использовании. Телефон отличный, если вы собираетесь взять что то чтобы ровняться с современными телефонами 2020 года то берите именно эту модель.",otzovik.com,otzovik.com,5.0,2020-11-20,https://www.otzovik.com/review_10972908.html,positive
"Достоинства: нареканий нет
Недостатки: Большой размер
Я любитель телефонов марки самсунг. Просто, качественно, стильно. Этот телефон был подарком мужа и не стал исключением. Пользуюсь с удовольствием уже как год. Глюков, косяков и т. д. не было. Разве что большой очень для моей руки, но это дело каждого, кому что удобно. Камера хорошая, батарея держит 2 суток, памяти вагон, шустрый, цвета яркие сочные, звук громкий. Что ещё хочу отметить, это прочность экрана. Телефон летает каждый день, т. к. маленький ребёнок. Защитные стекла и пленки уже перестали покупать, потому что крошатся при полете и укусах ребенка и боимся, что ребёнок съест стекло. Поэтому экран проверяем на прочность ежедневно и тьфу тьфу пока даже без царапин. Рекомендую к покупке. Люблю фотографировать ребёнка, но т. к. Все дети непоседы, очень сложно сделать хороший кадр. В телефоне на этот счёт предусмотрена функция мультикадр. Включаешь его, записывается видео, несколько секунд и потом из этого видео телефон автоматически выделяет хорошие кадры. Очень удобно и здорово.",otzovik.com,otzovik.com,5.0,2020-11-12,https://www.otzovik.com/review_10927455.html,positive
"Достоинства: Все, за исключением одного.
Недостатки: Необходимо менять систему другому устройству для снаряжения.
При покупке данного телефона, думала, что все в нем отлично. Но при его использовании оказалось, что при сопряжении его с ноутбуком, последнему пришлось менять систему, чтобы они сопряглись, и все, что есть в телефоне без проблем перешло на ноутбук. А в остальном претензий нет. Так что в общем советую!",otzovik.com,otzovik.com,4.0,2020-11-01,https://www.otzovik.com/review_10865479.html,positive
"Достоинства: Большой яркий экран. Камеры действительно классные. Громкий динамик. Быстрая зарядка. Цена хорошая за такой аппарат
Недостатки: Сканер отпечатка плохо реагирует. Распознает лицо через раз. Заряд держит меньше чем А50. Дозвоны иногда не сразу делает, приходится перезванивать. И самое главное, иногда не могут дозвониться.
Всем привет! Купил себе Galaxy A51, до этого был А50. За свои 20000 рублей (брал в М-Видео) вполне хороший аппарат. Samsung-ом начал постоянно пользоваться после А50, так как он обрадовал меня тем, что зарядку держит долго, работает без тормозов и ошибок, но это только А50. С А51 ситуация чуть иная. Напишу я только минусы, про плюсы вы и так все знаете от производителя. 1. Телефон действительно работает идеально, но только до полной настройки. Скачал приложения, перекинул свои данные, все, телефон начал ""тормозить"". 2. Заряд держит меньше, чем я ожидал. 3. Дико бесит датчик приближения, который встроен под дисплей и толком не работает. После каждого звонка я должен его разблокировать, найти ""Телефон"" и ""положить трубку"". 4. Очень плохо работает сканер отпечатка пальцев, срабатывает после 3-4 раза. 5. Распознование лица происходит редко. На китайцев и то лучше. Вы сейчас скажете, что нужно покупать телефон дороже, чтобы все это работало как полагается. А я считаю, что лучше убрать один из способов разблокировки и довести до идеала хотя бы один.",otzovik.com,otzovik.com,3.0,2020-10-30,https://www.otzovik.com/review_10856933.html,neutral
"Достоинства: Нет
Недостатки: Нет
В целом аппарат хороший, качественный. Два минуса: 1. Разблокировка по пальцу - самый главный минус этого аппарата. Срабатывает через раз и очень медленная. Никакие обновления и перерегистрация отпечатков пока не помогают. Разблокировка по лицу быстрая, но только днем. Ночью не работает + она не безопасная (при сервисе оплаты сам Samsung позволяет только отпечаток). 2. Почему-то очень медленная работа камеры. Медленный запуск, фокусировка, переключение режимов, постобработка. Делаешь фото и пару секунд ждешь его появления, чтобы посмотреть. Качество фото весьма среднее, но это и не флагман. В остальном, повторюсь, хороший аппарат. Но за эти деньги, если вы не поклонник именно Samsung, можно найти что-то пободрее в плане разблокировки и камеры.",otzovik.com,otzovik.com,3.0,2020-10-16,https://www.otzovik.com/review_10787822.html,neutral
"Достоинства: Дизайн, аккумулятор, дисплей
Недостатки: Пластиковый корпус
Неплохой смартфон. Хорошая камера во время дневной съёмки, не рекордная но неплохая производительность. Стильный дизайн и тонкие рамки. Ёмкий аккумулятор. Работает день без проблем. Что меня очень сильно удивило так это то что каждый месяц приходят обновления, то доработают камеру, то добавят какие-то режимы в приложение Камера, то добавят функции. Очень яркий и насыщенный дисплей, ночью лучше не оставлять максимальную яркость",otzovik.com,otzovik.com,4.0,2020-09-07,https://www.otzovik.com/review_10603462.html,positive
"Достоинства: Камера, быстрая работа
Недостатки: Звук динамика
Телефон очень нравится, за пол-года использования не появилось ни одного недостатка, не тормозит, после обновлений работает также хорошо. Камера отлично выполняет свою работу, макросъемка качественная, про-режим настраивается под любого вида съемку. Сенсор работает на всей поверхности экрана без проблем. Звук нормальный, басов при воспроизведении аудио через динамик вы почти не услышите, но через качественные наушники или колонку - все хорошо. Также есть интересные настройки звука, которые в принципе помогут в этом. Внешняя эстетика на высоте: широкий безрамочный экран, фронтальная камера - посередине, при этом вокруг нее также экран, а она не занимает много места. Глянцевая, пластиковая задняя панель, очень красиво смотрится при освещении, но быстро пачкается без чехла. Все разъемы под зарядное устройство (type c) и наушники (aux) находятся на нижней грани устройства, там же - динамик и микрофон.",otzovik.com,otzovik.com,5.0,2020-09-06,https://www.otzovik.com/review_10600034.html,positive
"Достоинства: Яркость, батарея, память, камера
Недостатки: Размер экрана
Если вы хотите, чтобы в смартфоне было все и сразу? То это ваш вариант! Я настолько влюблена в эту модель, что могу говорить о ней долго. Начну конечно с основных моментов, это то, что производитель предлагает нам выбор, либо смартфон этой модели на 64 гб объёмом памяти, либо 128 гб, все зависит от ваших потребностей конечно. А так же, естественно, чем ниже внутренняя память, тем нижу конечно и оперативная. Но это не главное. Вы видели какие классные снимки получаются на этом смартфоне? Это просто космос. Основная камера 48 мп, их конечно же несколько, с различными матрицами и разрешениями. А качество экрана? Пуля просто, нами всеми любимый amoled. Сразу чувствуется отличие от tft и ips. Полностью безрамочный экран, наконец то камера фронтальная не в форме капли. Лично меня это очень радует, достаточно удобно. И наконец производитель Samsung наконец сделал упор у этой серии на объем батарейки. Я считаю это самое важное. Для меня единственное не удобно, что он не маленький, чтобы в руке удобно лежал, надо времени для того, чтобы привыкнуть",otzovik.com,otzovik.com,5.0,2020-08-27,https://www.otzovik.com/review_10559558.html,positive
"Достоинства: Хороший экран, качественный корпус, выглядит дороже своих денег. За свои деньги вполне современная начинка.
Недостатки: Очень медленная и неточная разблокировка по пальцу, разблокировка по лицу быстрая, но только при свете.
В целом аппарат хороший, качественный. Два минуса: 1. Разблокировка по пальцу - самый главный минус этого аппарата. Срабатывает через раз и очень медленная. Никакие обновления и перерегистрация отпечатков пока не помогают. Разблокировка по лицу быстрая, но только днем. Ночью не работает + она не безопасная (при сервисе оплаты сам Samsung позволяет только отпечаток). 2. Почему-то очень медленная работа камеры. Медленный запуск, фокусировка, переключение режимов, постобработка. Делаешь фото и пару секунд ждешь его появления, чтобы посмотреть. Качество фото весьма среднее, но это и не флагман. В остальном, повторюсь, хороший аппарат. Но за эти деньги, если вы не поклонник именно Samsung, можно найти что-то пободрее в плане разблокировки и камеры",otzovik.com,otzovik.com,4.0,2020-08-27,https://www.otzovik.com/review_10558568.html,positive
"Достоинства: Очень хорошая 48-мегапиксельная камера,быстрая зарядка,сканер опечатка пальцев в дисплее,аккуратный вырез под фронтальную камеру
Недостатки: не поддерживает беспроводную зарядку.процессор состоит из устаревших ядер
Samsung Galaxy A51- замечательный телефон, имеет пять расцветок: Белый, чёрный, нежно-розовый, бирюзовый, красный. Быстро заряжается, имеет привлекательный внешний вид. Есть встроенная система NFC. Имеет хорошую 48-мегапиксельную камеру. Так же очень важно, телефон не работает с программой гугл пей. Только самсунг пей. Я как новичок этого раньше не знала. Главным минусом для меня оказался. Пластиковый корпус. Через пол года использования он был весь в царапинах и никакой чехол не спасает. Этот телефон я брала зимой за 23000, сейчас его цена упала до 19000. И я не могу понять, почему? Ведь телефон в прямом смысле летает. И если вы до сих пор в раздумьях покупать или нет? ТО я вам настоятельно рекомендую)",otzovik.com,otzovik.com,4.0,2020-08-23,https://www.otzovik.com/review_10538425.html,positive
"Достоинства: Размер экрана, камера, дисплей
Недостатки: Нет
Телефон очень понравился, особенно своей органичностью, скоростью работы, и работоспостбностью. Шикарная камера в 48 МП снимает очень круто, с 30 метров при увеличении можно различать каждую мельчаюшую деталь лица. Также привлекает внимание емкость аккумулятооа. Рекомендую эту модель всем кто является поклонником samsung",otzovik.com,otzovik.com,5.0,2020-08-23,https://www.otzovik.com/review_10538313.html,positive
"Достоинства: Цена, дизайн
Недостатки: Производительность
После покупки первые недели я был очень рад покупке! Очень быстрый, стильный и не дорогой. По истечению 2х месяцев телефон стал лагать, приложения типа ВК, Инстаграм, Ютуб и т. п. просто зависали и стояли на месте секунд по 30-40. Функция распознавания лица начала тупить через месяц, то просто долго распознаёт, то вообще пишет что лицо не найдено. Греться от зарядки стал так же через 2 месяца. Датчик разговора(когда говоришь по телефону он должен гасить экран дабы не нажать щекой) работает через раз, но только после того как я поставил защитное стекло, приходится наживать кнопку блокировки.",otzovik.com,otzovik.com,3.0,2020-08-19,https://www.otzovik.com/review_10520996.html,neutral
"Достоинства: Работает быстро, хорошее качество звука, фото. Долго держит заряд. Большой экран.
Недостатки: Наушники простоваты.
Приобрела месяц назад на замену старенькому Яблочку. Это небо и земля) Экран огромный, красивый, яркий, в руке лежит прекрасно, радует душу и глаз) А главное долго держит зарядку (что больше всего печалило в старом телефоне). В целом телефон рекомендую, я брала с памятью 128 Гб, чтоб точно хватило) В комплекте зарядка и простенькие наушники. Я довольна!",otzovik.com,otzovik.com,5.0,2020-08-11,https://www.otzovik.com/review_10483938.html,positive
"Достоинства: Батарея. Камера. Звук. Быстрая зарядка. Удобный девайс. Качественная сборка. Возможность полностью подогнать аппарат под себя. Красота устройства. Большой объем памяти. Огромное количество приложений.
Недостатки: Экран нуждается в защитном стекле. Устройство лучше носить в ударопрочном чехле.
Доброго дня. Если вы выбираете какое устройство взять для личного пользования, то это несомненно samsung A51. Пользуюсь данным устройством месяц и не могу нарадоваться. Отличное качество процессора(он летает на просторах сети интернет), качество звука и конечно фото. Но обо всем по порядку. Я не стану грузить вас техническими характеристиками а напишу как обычный пользователь. Сам смартфон отлично лежит в руке. Мое устройство на 64гб, есть и на 128 гб но мне хватает. Цветовая передача на высшем уровне. Плюсом идёт то, что полно настроек, вы можете подогнать устройство полностью под себя. Не тормозит при сёрфинге в сети. Количество полезных приложений зашкаливает. В том числе игры, тянет в пределах разумного. Камера отлично передаёт картинку, можно с успехом стать фотографом и запечатлеть милые и дорогие сердцу моменты. Вообще данный аппарат я бы отнесла к смартфону для деловых людей. С этим устройством не стыдно появиться и цена не такая уж кусачая. Батарея, как отдельный вид восторга, при сидении целый день играешь или смотришь ютуб, держит. Плюсом моментальная зарядка. Сам по себе samsung произвёл хороший аппарат, где вы не переплачиваете за бред а каждая монетка идёт ровно по делу. Я рекомендую данную модель, если выбирать между Apple и Samsung, то последний намного лучше и качественнее.",otzovik.com,otzovik.com,5.0,2020-07-14,https://www.otzovik.com/review_10347094.html,positive
"Достоинства: 1-камера 2-процессор 3-внешиний вид 4-цена 5-отличный звук
Недостатки: пока не нашли
На самом деле, покупала чисто из-за камеры. Внешний вид 10/10. Очень понравилась передняя камера, она просто супер, работает без нареканий. Пользуюсь 6 месяцев, никаких минусов не обнаружила.",otzovik.com,otzovik.com,5.0,2020-07-08,https://www.otzovik.com/review_10317760.html,positive
"Достоинства: Стильный корпус, большая память, 4 камеры, большой и яркий амолед экран.
Недостатки: Аккумулятор, сканер отпечатка пальцев
Я пользуюсь этим смартфоном уже 3 месяца и решил оставить отзыв. Смартфон конечно не флагман, но работает почти как флагманы. Качество сборки топ, камера достаточно хорошая, а вот экран... все мы уже знаем самсунг умеет делать топовые экраны. Телефон шустро работает. Главная фишка ""цена+качество"". Главные минусы: не чувствуется что внутри стоит батарея с объемом 4000мАч и медленный сканер отпечатка пальцев. Но со временем привыкаешь к этому.",otzovik.com,otzovik.com,5.0,2020-06-25,https://www.otzovik.com/review_10257986.html,positive
"Достоинства: 4- камеры, долгий аккумулятор.
Недостатки: Камера. Снимки не такие качественный как на айфоне.
Купила телефон Самсунг А51 недорого, выбрала самый недорогой магазин плеер ру. Изначально телефон удивил быстрой зарядкой, примерно 1-1.30 заряжался до 100%. Цветовая гамма дисплея яркая и красочная - это плюс. Экран быстро реагирует на нажатие. Камеру бы оценила на 70% - по качеству фотографий айфон лучше фотографирует. В камере есть широкоугольный объектив - это круто и есть макросъемка. Заряд держит долго, конечно если не сидеть 12 часов подряд в интернете. Покупкой пока что довольна.",otzovik.com,otzovik.com,4.0,2020-06-24,https://www.otzovik.com/review_10252440.html,positive
"Достоинства: Плюсы во всем
Недостатки: Минусов нет
Телефон Samsung A51 мне достался в падарок от супруга на 8 марта. Сказать, что была в восторге ничего не сказать!!!! Новинка, бренд 2020года. Оригинальный дизайн, ну просто бомбезный. Яркий и красочный дисплей. большой экран. 6.5, Задние Четыре камеры 48/12/5/5 мг, фронтальная 32 мегапикселя(я очень люблю фотографировать и для меня это качество - очень важно). Этот аппарат справляется на твёрдую пятерку!!! ниже фото сделано на данный телефон. Работает быстро и безотказно, без глюков. Есть режим быстрого заряда батареи - это вообще тема, когда нужно быстро подзарядить телефон. Если будет выбор между самсунг и... Выбирайте самсунг!!!!",otzovik.com,otzovik.com,5.0,2020-06-03,https://www.otzovik.com/review_10141875.html,positive
"Достоинства: Хорошие камеры, их в телефоне 3, что тоже плюс. Удобен в использовании. Достаточно памяти.
Недостатки: Быстро садится батарея, при постоянном использовании. Неудобные наушники
Купил данный смартфон через интернет магазин, в подарок супруге. Искал специально телефон с хорошей камерой и достаточным объёмом памяти, чтобы вместить все фото. Остановился на данной модели, подошёл и по цене по характеристикам. Дизайн простенький, экран большой, немного смущала камера, но постепенно привыкается и внимание больше не обращается. Имеется вход по отпечатку и скану лица. Отпечаток работает отлично, с лицом пока не попробовали. В целом аппаратом очень довольны, супруга фотографирует все что видит с детским восторгом. Для любителя фотографировать этот телефон может заменить полноценный фотоаппарат. В комплекте идут наушники, как на старых кнопочных телефонах этой же фирмы, очень неудобные, пришлось покупать другие.",otzovik.com,otzovik.com,5.0,2020-01-24,https://www.otzovik.com/review_10086430.html,positive
"Достоинства: 1. Дизайн 2. Аккумулятор 3. Экран
Недостатки: 1. Полномасштабная картинка в играх. 2. Царапающийся корпус
Пришёл в коробке, всё как положено. Слегка помятая была, но критического ничего в этом не вижу. Комплектация полная, всё работает без нареканий. Смартфон мне понравился. Из плюсов могу выделить самые нужные мне: 1. Современный дизайн. Телефон выглядит круто и с ним я выделился среди друзей. 2. Большая батарейка и функция быстрой зарядки, спасало меня часто, когда надо было быстро зарядить телефон и идти по делам. 3. Экран. Сенсор божественный. Но есть недостатки, которые я всё же хотел бы выделить: 1. Трудно настроить экран, допустим в игре. Он урезается, на это влияет камера. 2. Легко царапающийся корпус. Желательно скрывать всю красоту за чехлом.",otzovik.com,otzovik.com,4.0,2020-01-22,https://www.otzovik.com/review_10069988.html,positive
"Достоинства: Их масса
Недостатки: Плохой звук по блютуз
У телефона масса великолепных достоинств, но есть один не приятный недостаток: при передачи музыки по блютуз во время воспроизведения музыка периодически на мгновение как бы запинается. Проблема точно в телефоне, а не в приемнике и не в чем-то ещё. Проверял сравнивая со старым айфоном, который при том же подключении и звук по блютуз чище передает и не запинается при воспроизведении. Кроме этого в этом телефоне нет качественного кодека и звук по воздуху передается немного смазанным и искаженным, что сильно заметно на хорошей акустики. А в остальном телефон хороший!",otzovik.com,otzovik.com,4.0,2020-01-17,https://www.otzovik.com/review_10041184.html,positive
"Достоинства: Камера и быстрая зарядка
Недостатки: Наушники в комплекте
Два месяца назад решила заменить свой старенький honor на новую модель Samsung. За два месяца использования вынесла для себя несколько выводов: -Увидев новый дизайн модели Samsung A, была приятно удивлена соотношение характеристик, дизайна и цены. На первый взгляд необычный дизайн сразу пугает, но приглядевшись видишь современную модель гаджета. Форма камеры ""капля"" старых моделей была заменена на встроенный круг в экране. -Пока за это время не было каких-то серьёзных глюков, которые как-то бы помешали работе. -За такую цену очень хорошая камера, наверное одна из лучших в моей жизни. Профили в социальных сетях стали красивее, я думаю это очень отличный вариант для не крупных и начинающих инстаблогеров, которые не хотят тратить большие суммы на технику. -Не понравилось, что в комплекте шли наушники. Лучше бы заменили на защитное стекло, пришлось докупать самой, потому что боялась разбить стекло. -Быстрая зарядка полностью изменила мою жизнь! Исходя из выше перечисленного, могу сказать одно-это отличный смартфон для повседневной жизни!",otzovik.com,otzovik.com,4.0,2020-01-15,https://www.otzovik.com/review_10027625.html,positive
"Достоинства: Только слёзы
Недостатки: Из говна зделан
Samsung A 51 128gb Согнулся через две недели пользования, причем в чехле книжка орегинальной, корпус очень жидкий, пластик царапается от пыли под чехлом, очень дешманский корпус ! Отпечаток пальца работает в зависимости от влажности пальца, по технической части притензий не будет если сначало потанцевать с бубном в настройках ! Телефон покупал в МВидео ! Как сам смартфон так и магазин не рекомендую ! Магазин не рекомендую так как продавцы лапшу на уши вешают ! Смарт бичёвский этих денег не стоит ! Ему красная цена 11000р. Не ожидал от самсунга такого извращение ! Кто такой купит забудте с первых дней ложить его в карман в джинсы, клейте сразу защитное стекло, и одевайте чехол, НО ЭТО ВСЁРОВНО НЕ ПОМОЖЕТ, корпус у него я просто описать не могу какой ужасный ! Больше самсунги не покупаю !",otzovik.com,otzovik.com,1.0,2020-01-14,https://www.otzovik.com/review_10024418.html,negative
"Достоинства: Отлично выполняет все функции
Недостатки: Иногда сильно нагревается
Хорошо работает, без лагов. Большой экран, большой заряд батареи. Модный дизайн, отлично смотрится, выглядит здорово. Вопросов нет, тянет много игр, большая память. Больше плюсов, чем минусов. Советую всем, такой телефон долго проживет. Главное в нём, что он удобен для использования",otzovik.com,otzovik.com,4.0,2020-01-03,https://www.otzovik.com/review_9956071.html,positive
"Достоинства: Производительность, цена.
Недостатки: нет
Доброго времени суток. Хочу написать отзыв по поводу смартфона Samsung Galaxy A51. Смартфон мне понравился. Удавольтворила цена, из особенностей хочу выделить хорошую камеру. широкий и яркий дисплей, удобно смотреть фильмы, играть в разные игрушки, и сидеть в сот сетях. Телефон советую.",otzovik.com,otzovik.com,5.0,2020-04-29,https://www.otzovik.com/review_9925925.html,positive
"Достоинства: Нет
Недостатки: Батарея, корпус, нагрев, цена
Батарея г... полное, неделя телефону а он пол дня держит 50% батареи два звонка по 40 минут вайбер и с 50% осталось 6%, это что нормально короче такое, зато цена 20к, не стоит он этих денег.",otzovik.com,otzovik.com,1.0,2020-04-25,https://www.otzovik.com/review_9900547.html,negative
"Достоинства: Дизайн, Экран, Эргономика, оболочка.
Недостатки: Слабый процессор.
Смартфон мне понравился своим дизайном и эргономикой. Друзья не поверили что он так дешёво стоит из-за дизайна и думали что я их обманываю. Но есть один минус это процессор он очень слабый.",otzovik.com,otzovik.com,4.0,2020-04-17,https://www.otzovik.com/review_9844151.html,positive
"Достоинства: Дизайн! Экран! Производительность! Размеры!
Недостатки: Задняя крышка сделана из пластика и собирает отпечатки!
Всем здравствуйте! Хожу с Samsung Galaxy A51 уже месяц! Данный телефон еще не разу меня не подвел! Однако есть и минусы! Но они незначительные. Очень нравичтся дизайн телефона, особенно фронталка! Она выглядит по современному! Производительность приятно радует! У меня версия 6/128 и я всем советую переплатить пару тысяч, и получить мощный современный телефон, такой как Galaxy A51",otzovik.com,otzovik.com,5.0,2020-04-17,https://www.otzovik.com/review_9841704.html,positive
"Достоинства: цена/качество
Недостатки: батарея
Подарила жена на новый год, скажу сразу телефон бомба. Экран супер, телефон просто летает. Отпечаток пальца срабатывает моментально, камера хорошая, ничего необычного. Памяти хватит на долго ну а качество Samsung известно всем. То что пластиковый корпус не обращаю внимания, все телефоны в меня всегда в чехле так что проблем думаю не будет. Батарею можно было и лучше поставить, но это не критично. Предыдущий телефон был самсунг а5, который отслужил верой и правдой 3 года и был поменян из за нехватки памяти, этот думаю прослужит не меньше, если не разобью.",otzovik.com,otzovik.com,5.0,2020-04-09,https://www.otzovik.com/review_9791688.html,positive
"Достоинства: Хорошая камера ,без пролагиваний ,в полне достойный диаметр экрана
Недостатки: Пока не заметил )
На самом деле классный телефон, пользуюсь как только появился в продаже, и все круто, нету никаких лагов. Так же в полне достаточно памяти. Отличная камера как задняя так и передняя, по экрану тоже вопросов нету. Самсунг А51 в белом цвете выглядит космически, задняя панель разбита на 3 секции с разным тиснением, свет, попадая на нее переливается очень необычно. Я покупал этот телефон себе сам, использую в основном его для соц сетей. Фотки для инсты получаются просто космос, очень качественные и четкие. Зарядку держит отлично, я наконец-то перестал ходить с банком. Сейчас примерно на 10 часов хватает батареи, что очень круто для такого бюджетного смартфона. Да и вообще цена очень приемлемая, а характеристики крутые. В общем, телефон полностью оправдал мои ожидания, я доволен.",otzovik.com,otzovik.com,5.0,2020-04-09,https://www.otzovik.com/review_9789183.html,positive
"Достоинства: Приемлемая стоимость и очень быстрый заряд аккумулятора.
Недостатки: Скользкий, если без чехла.
Купили Samsung A51 маме. Сказать, что она довольна- ничего не сказать. Она просто в восторге. Шикарный телефон за свои деньги. Имеет 4 камеры, поэтому качество фоток отличное. То что нужно бабушке( чтобы запечатлеть все интересные моменты своих внуков). Ещё одно преимущество большой и чёткий экран. Батареи хватает на приличное время(учитывая, что она активный пользователь Instagram и watsapp). Если использовать без чехла или задней накладки он не много скользковат. Так же привлёк очень стильный дизайн. У нас в белом цвете, так приятно отдающий перламутром. Мощность процессора очень даже радует, учитывая относительно недорогую стоимость самого смартфона. Вообще всё работает без нареканий. Всё что нужно обычному современному человеку от телефона за приемлемую стоимость. Всем советую.",otzovik.com,otzovik.com,5.0,2020-04-03,https://www.otzovik.com/review_9751934.html,positive
"Достоинства: Лёгкий, быстрый, хорошая камера, классно оптимизирован
Недостатки: Не тянет игры
Для работы и каких-либо фоновых задач телефон подходит более чем хорошо, однако если вы любитель хорошенько поиграть то не советую брать данный аппарат так как игры тянет довольно слабо, тот же redmi note 8 pro, будет в разы лучше. Что касается камеры, она просто восхитительна, куча режимов, основная 48мп. Казалось бы это не существенный плюс, но он выглядит очень дорого и презентабельно, друзья и знакомые удивятся когда его увидят. Итог: если вы не используете смартфон как игровую платформу, то берите 100%, не ошибётесь, а если вы любитель играть то лучше берите другой телефон, так как в плане игр это абсолютно не ваш выбор.",otzovik.com,otzovik.com,4.0,2020-03-31,https://www.otzovik.com/review_9726841.html,positive
"Достоинства: Безрамочны, задняя крышка очень красивая, крутая камера, долго держит заряд.
Недостатки: В этом телефоне всего 1 минус, не очень быстрый фокус.
Самсунг А51 очень крутой телефон. Я сама лично им пользуюсь. Внешне телефон очень красивый, весь перелевается на свету. Четыре камеры, что тоже очень хорошо. Очень удобный в использовании. Безрамочный экран, что тоже очень круто. Камера крутая, скрывает все твои недостатки на лице, тоесть лицо на фото очень гладкое, всем советую купить samsung А51. Это просто пушка, а не телефон.",otzovik.com,otzovik.com,5.0,2020-03-07,https://www.otzovik.com/review_9600236.html,positive
"Достоинства: Экран, дизайн, невзирая на пластик.
Недостатки: слабоват процессор, малая емкость аккумулятора, оболочка тормозит
слабо мало держит заряд, гораздо хуже, чем 3х летний xiami note4x. Заряда хватает с утра и до вечера, а это очень мало, как для нового аппарата. Слабый процессор: пришлось отлючить виджеты bixby и боковую панель, чтобы телефон не тормозил даже в ""настройках",otzovik.com,otzovik.com,2.0,2020-02-06,https://www.otzovik.com/review_9437403.html,negative
"Достоинства: внешний вид, экран, производительность
Недостатки: слабая устойчивость к царапинам, громкость звонка, слабые наушники в комплекте
Очень симпатичный (о телефоне белого цвета), притягивающий внимание и выглядящий дорого. Белый по факту перламутровый, с эффектными переливами цвета. Однако, всю красоту придется прятать в чехол, т. к. корпус пластиковый ((, но поэтому не тяжелый и вполне управляемый, в том числе и для женских ручек. За неделю эксплуатации никаких зависаний и глюков не было. Все работает быстро, легко, связь и вай-фай ловит хорошо (испытано в проблемных точках), экран изумительный, очень яркий и контрастный (пока без защитной пленки). При такой диагонали телефон становится минипланшетом - очень удобно для просмотра текстов, фото, интернет-серфинга, и при этом, на удивление, легко управляется. Камеры при дневном свете снимают неплохо - прогресс есть, а вот звук при входящих звонках слабоват по громкости: надо как-то исправлять. Качество звука при проигрывании мр3 среднее (был установлен сторонний плеер с эквалайзером), возможно, на хороших наушниках будет по-лучше. Имеется слот для карты памяти и для каждой из симок, при том, что встроенной памяти (минимум 64Гб) хватит надолго. Заряда батареи хватает на сутки с запасом, возможно, после раскачки, запас малость увеличится. Заряжаются 4000мА*ч за 1,5-2 часа при отключенной (для сохранения ресурса аккумулятора) функции быстрой зарядки, нагрев корпуса незначительный. По цене, которая уже местами снижается на 2000р, к покупке рекомендуется. П. С. Сборка Китай, в свете событий -обработка антисептиком не помешает.",otzovik.com,otzovik.com,4.0,2020-01-27,https://www.otzovik.com/review_9382927.html,positive
"Достоинства: Быстрый Отпечаток Зарядка Цена
Недостатки: Нет
Всем доброго времени суток. Купили Смартфон Samsung Galaxy A51, хочу поделиться с вами пользованием и своим опытом об этой техники. У меня был айфон он меня надоел много раз его чинила, решила лучше купить Samsung Galaxy A51. После 2х недель пользования я поняла что он лучше айфона. Экран яркий, зарядка держится долго, телефон не зависает, отпечаток быстро реагирует, динамик громкий и четкий, камера тоже на высоте, четкие и качественные фотографии получаются. Так же на нем удобно смотреть видео, экран без границ, можно так сказать) Всем советую этот самсунг, еще раз удостоверилаь что самсунг галэкси лучше айфона .",otzovik.com,otzovik.com,5.0,2020-01-26,https://www.otzovik.com/review_9375688.html,positive
"Достоинства: Множество новых функций, крутая камера, прекрасный дисплей
Недостатки: Не обнаружил
Недавно купил данный смартфон. По личному опыту скажу что аппарат реально хороший, так как за эту стоимость вам вручают 4 камеры которые отлично функционируют а мощный процессор не даст играм зависать. Пользуюсь хоть и не много, но уже понимаю что не зря купил. Большой экран и его большое разрешение будет радовать глаз. А мощность этого аппарата просто будоражит. В общем всем советую так как по личному опыту он мне очень понравился.",otzovik.com,otzovik.com,5.0,2020-01-25,https://www.otzovik.com/review_9374035.html,positive
"Достоинства: Мощный телефон
Недостатки: Не нашел
Телефон мне очень зашел, памяти достаточно, аккумулятор хоть и на 4000 мАч, но как будто 6000, производительность отличная, к камерам претензий нет. Так же в данном телефоне Андроид 13, что позволяет устанавливать свежие игры и приложения. Так же здесь стоит не сильно старый Knox, что обезопасивает телефон. Телефон неплохой",otzovik.com,otzovik.com,5.0,2025-11-28,https://www.otzovik.com/review_17888152.html,positive
"Достоинства: хороший бюджетник от самсунг
Недостатки: лаги экрана, камеры, 60гц, перегрев, батарея
Телефоном пользуюсь уже 4 года, так что есть что сказать. Ну во первых это экран. За 4 года телефон начал долго обрабатывать заход в приложение/ на страницу, в моментах очень сильно виснет. Камера. В целом камера то неплохая, но самсунг очень сильно накрутили обработку фото (прям жесть), когда в камере изображение с плавной цветопередачей– самсунг выкрутит до состояния контраста и рыжины. Выглядит просто ужасно. Также в тик ток поснимать получается через раз – камера зависает и на видео это видно. но для видео тик тока качество неплохое. Батарея. Хочу сказать что за 7 уроков в школе при среднем использовании телефона домой я прихожу с 35-40 процентами. в день заряжаю раза 3 до 100 процентов Хочу сказать что бюджетник хороший, для повседневки сойдёт. Покупала на 64 гб и отдельно докупила карту памяти и все супер!",otzovik.com,otzovik.com,4.0,2024-10-21,https://www.otzovik.com/review_16650454.html,positive
"Достоинства: Оптимизация
Недостатки: Заряд
Смартфон показал себя очень хорошо в большей степени среди производительности, нежели например с дизайна и пр. Во первых, телефон очень хорошо оптимизорован и производительность смартфона очень высокая. Тянет больште игры и приложения в высоких разрешениях. Также можете покапатся в настройках и сделать его в сторону игр еще больше. Во вторых, это камера. Снимки хорошие, но нужно понимать, что это класс А, и поэтому ждать каких то сверхфото не стоит. Для обычных фото и видео в самый раз. В третьих, это хороший срок службы. Телеыону уже не первый год, но работает он так же как и был в день своей покупки. Как по мне, то он прослужить может лет 5 максимум, потом уже надо менять. Из минусов это: Заряд Заряд падает очень стремительно, так как активированао много функций на производительность, что очень сильно есть энергию, поэтому носите с собой повербанки",otzovik.com,otzovik.com,4.0,2024-07-29,https://www.otzovik.com/review_16369672.html,positive
"Достоинства: Цена
Недостатки: Камера,сканер отпечатка пальца, распознание по лицу, экран
Покупала телефон в 2020 году, работал сначало очень хорошо, плавный был, но со временем начал хуже работать, камера стала как-то хуже работать, сканер отпечатка работает не с первого раза. В темноте снимает плоховато. Со временем экран тупо выгорел, менять нужно. Также разблокировка по лицу не всегда работает.",otzovik.com,otzovik.com,4.0,2024-07-23,https://www.otzovik.com/review_16348256.html,positive
"Достоинства: Цена качество
Недостатки: системные характеристики, не разыграешься в хорошую игру
Смартфон приобретался с акцией у операторов сотовой связи биллайн, и сказать честно не зря, я получил смартфон за пол стоимости а за выгоду, дополнительные необходимые аксессуары, это конечно же чехол, наушники проводные, и плюс еще интернет на полгода, сумма была значительная, что очень обрадовало, отслужил 3 года с учетом жестких условий, пыль грязь. до воды конечно не добрался, только лишь после 3 лет отказала кнопка увеличения громкости, аккумулятор так же меньше держит заряд, но функционирует в остальном очень даже хорошо, рекомендую, к тому же это система андроид, самая доступная понятная интуитивно, Samsung показал себя отлично, не пожалел.",otzovik.com,otzovik.com,5.0,2024-07-17,https://www.otzovik.com/review_16327556.html,positive
"Достоинства: Сплошные плюсы
Недостатки: Нет
Покупала свой телефон 4 года назад, и до сих пор довольна покупкой. Правда в то время он стоил дорого, хотя и продавец отговаривал меня от этой покупки, предлогал китайскую марку, я все же выбрала его и ни разу не пожалела. Телефон лежит удобно в руке, очень тонкий, что плюс для меня. Экран большой и яркий, хорошая цветопередача, фильмы смотрю в хорошем качестве. Поддерживает все приложения, даже которые можно скачать с сайтов. Камера снимает очень классно, а на улице не хуже профессионального фотоаппарата. Единственный минус- это аккумулятор, хотя и понимаю, что за 4 года это уже большой износ для него, но не беда, его можно и поменять.",otzovik.com,otzovik.com,5.0,2024-07-17,https://www.otzovik.com/review_16326414.html,positive
"Достоинства: Надежный
Недостатки: нет
Купил телефон для в основном для совершение звонков, использование мессенджеров, камерой пользуюсь не часто, так же важен ресурс дневной батареи. Телефон считаю оптимальное соотношение цена - качество. Если телефон сломался, увы такое тоже бывает но причиной тому нерасторопность и дырявые руки - для этого есть развитая структура ремонта и доставки запчастей за разумные деньги, не так как у ""китайцев"" если нужна замена экрана у телефона стоимостью 20 тысяч рублей - цена экрана может достигать 15-18 тысяч рублей. С телефонами данной марки дружу давно и думаю останусь сними на долго. Так же есть поддержка карт ""Мир"" что тоже важно.",otzovik.com,otzovik.com,5.0,2024-01-09,https://www.otzovik.com/review_16102652.html,positive
"Достоинства: Хорошая камера, долгий заряд
Недостатки: Не нашёл
Здравствуйте, всем. Хочу поделиться с вами своим мнение о телефоне Samsung Galaxy a51. Покупал его очень давно. Понравился мне он своими характеристиками, на тот момент телефон был популярный. Встроенная память 128 и оперативная 6. С каждым обновлением телефон становился ещё более лучше. Появлялись новые функции. Камера на данном телефоне очень хорошая. Задняя крышка телефона блестящая. Ёмкость аккумулятора 4000 мАч. Заряд телефон держит довольно хорошо. За долго время использования телефон, не тупит, не лагает, работает на все 100. И я на данный момент пользуюсь этим телефоном и не пожелел, что приобрёл данный телефон.",otzovik.com,otzovik.com,5.0,2024-03-28,https://www.otzovik.com/review_15956848.html,positive
"Достоинства: большой экран, неплохой внешний вид
Недостатки: средние характеристики
Смартфон Samsung Galaxy A51 мы приобретали в подарок родственнице. Взяли Samsung по-привычке покупать смартфоны этого бренда, но времена меняются и сейчас стоит посмотреть в сторону многочисленных конкурентов из поднебесной. Характеристики телефона немного выше среднего, и камера, и процессор ... Быстрой зарядки в комплекте нет, чехла для телефона тоже, держит зарядку он не слишком долго. Сам телефон немного тяжеловат, весит более 200 грамм. По светосиле ему далеко до моего Samsung Galaxy S8+ ( см. отзыв ), так что в потемках фотки получаются посредственные. Однако за его цену можно не предъявлять слишком высоких требований. Пожилому человеку подойдет однозначно.",otzovik.com,otzovik.com,4.0,2024-01-03,https://www.otzovik.com/review_15624238.html,positive
"Достоинства: внешний вид, камера.
Недостатки: проблемы с батареей, стал зависать.
данный телефон использует большинство моих товарищей. Всем он очень нравился, и в начале 2020 года я решил сменить мой старый Samsung s10 на новый a51. В первые пол года всё было прекрасно, но со временем стали появляться проблемы: смартфон стал довольно часто зависать, стали появляться проблемы с зарядкой, хоть его батарея и была рассчитана на 3500 миллиампер часов, но через год он стал держать заряд только пол дня при неактивном использовании.",otzovik.com,otzovik.com,3.0,2023-10-03,https://www.otzovik.com/review_15268925.html,neutral
"Достоинства: Хорошая камера, удобный интерфейс, ЖИВУЧИЙ
Недостатки: Да наверное их нет
Всем привет! Вообще всегда любила самсунги, но потом как-то перешла на хонор и ходила с ними года 3 периодически обновляя на более новые модели. (Читай потому, что вечно их разбивала) После очередного вдребезги разбитого какого-то там хонора решила взять самсунг. Про него тогда из каждого утюга пищали и визжали) Купила в интернет магазине мвидео, ждала неделю наверное голубой цвет. Пришла за ним в магазин- а там чёрный. Вы бы что сделали? Я отказалась его брать. Сказала мне нужен голубой. В итоге ждала ещё неделю) но дождалась)) Хожу 2 года. Развивала, признаюсь. И даже не только. Зимой он у меня выпал на трассе, на светофоре. Просто вышла из машины сказать впереди едущему газелисту что у него двери открыты. Такая себе история конечно. По итогу я вернулась за ним, он валялся на асфальте без признаков жизни. На стекле были отпечатки от шипов (была зима) но и стекло даже не треснуло! Отдала в ремонт и не жалею, что тогда отвалила почти 10 тыс (можно было добавить столько же и купить новый редми например какой нибудь) Камера отличная, не глючит, не тупит. Рекомендую",otzovik.com,otzovik.com,5.0,2023-09-21,https://www.otzovik.com/review_15225156.html,positive
"Достоинства: Красивый дизайн и хорошо держит заряд
Недостатки: Хрупкая задняя панель
Данной моделью телефона я пользуюсь уже больше трёх лет. За это время не было ни одной починки и телефон никогда не зависал. Единственное, что испортило телефон, это царапины на заднем стекле. Но это из за того, что я его без чехла носила, поэтому советую без чехла не использовать. Дизайн телефона мне очень нравится и оформление главного экрана прекрасное. В общем хороший гаджет.",otzovik.com,otzovik.com,5.0,2023-09-21,https://www.otzovik.com/review_15222553.html,positive
"Достоинства: Четкая камера и экран, все работает так быстро, у него разные камеры.
Недостатки: его плохая сторона почти такая же, но может быстро сломаться
Самсунг для меня лучшая компания. Сейчас у меня есть смартфон Samsung A51, и он мне нравится. Потому что он работает так быстро, у него такая четкая камера и экран.",otzovik.com,otzovik.com,5.0,2023-09-08,https://www.otzovik.com/review_15175151.html,positive
"Достоинства: Камеры, цена, экран
Недостатки: Не заметил
Пользуюсь им уже несколько месяцев. Никаких нареканий. Памяти в нём мне более чем достаточно. Оперативная память тоже прекрасно работает, её хватает. Можно поиграть в игры, процессор хороший. Камеры про должном освещении снимают отлично. Задняя крышка сделана из пластика. Имеется разблокировка по лицу и сканер отпечатка пальцев под экраном. Экран хоть и всего 60 герц, но смотрится плавно. Имеет функцию Always on Display, что иногда бывает полезно и удобно.",otzovik.com,otzovik.com,5.0,2023-08-22,https://www.otzovik.com/review_15103721.html,positive
"Достоинства: Яркий, звук хороший, быстрый! Долго держит батарея.
Недостатки: Минусов не вижу если честно
В работе уже 3 года, без нареканий. До сих пор шустрый, цвета сочные, очень удобный. Просто моя любовь. Рекомендую однозначно",otzovik.com,otzovik.com,5.0,2023-08-19,https://www.otzovik.com/review_15094473.html,positive
"Достоинства: Удобен и быстр
Недостатки: Маленькая батарея
Всем доброго времени суток дамы и господа! Я хочу вам рассказать о своём телефоне А51 самсунг Покупал я его 2021 году, и пользуюсь по сей день Что я могу о нем сказать:он удобен, хорошая матрица, 64гб памяти которой хватит на долго, хороший процессор с помощью которого можно играть в требовательные игры, хорошая камера Есть одно но:быстро садиться батарейка, и это очень печально его не хватает на день использования, нужно 2 раза в день заряжать его",otzovik.com,otzovik.com,5.0,2023-08-10,https://www.otzovik.com/review_15057215.html,positive
"Достоинства: Качество, цена, камера, не тормозит
Недостатки: Для меня не достаточно памяти, дорогие запчасти на него сменные
Я купила телефон в августе 2020 года и очень им довольна, камера отличная, качественные фото получаются. Уже три года пользуюсь телефоном и нет желания его поменять) Обычно я раз в год-два меняла телефон, надоедали или ломались. Этот меня устраивает полностью, не глючит. Недавно ребенок кино телефон и разбился сильно экран, стал в паутинку и когда я пошла менять конечно неприятно удивилась, сколько стоит оригинальный дисплей, проще с рук взять такой же целый Ну я поставила не оригинал, дешевле в два раза, бывает подвисает телефон, но если заблокировать экран и разблокировать, то все нормально становится. Так что лучше ставьте оригинал, если разобьётся экран.",otzovik.com,otzovik.com,5.0,2023-07-28,https://www.otzovik.com/review_15010030.html,positive
"Достоинства: Хороший звук, камера
Недостатки: Прослужил недолгое время
Решила приобрести данный телефон по советам консультанта в магазине. После покупки телефон работал отлично, хорошая камера, классный звук, отличный дисплей, быстро заряжается, долго держит зарядку. В принципе, всё идеально. Удобно создавать документы, делать презентации. Но спустя полгода он начал отключаться, никто не понимал, что с ним происходит, так как через 20 минут он снова включался, как ни в чём не бывало, в таком режиме он проработал ещё полгода, но в последний момент отключился и на этом всё, его относили в ремонт, но всё оказалось бесполезно. Поэтому данный смартфон к покупке не советую, скорее всего долго не прослужит.",otzovik.com,otzovik.com,2.0,2023-07-27,https://www.otzovik.com/review_15005385.html,negative
"Достоинства: Память, удобство при пользовании.
Недостатки: Маленький
В свое время телефон стоил 30000 Сейчас его можно взять б/у за 15000 За эти деньги телефон не плохой и памяти достаточно но этот телефон узкий меньше чем Redmi 9c но в целом телефоном пользоваться удобно смотреть фильмы тоже впринцепи тоже нормально . Телефон совету .",otzovik.com,otzovik.com,4.0,2023-07-22,https://www.otzovik.com/review_14984394.html,positive
"Достоинства: Красивый, тонкий, легкий и очень удобный, хорошая батарея, удобный в использовании, быстр в работе, камера устраивает
Недостатки: Не хватает детализации, телефон легко поцарапать.
Телефон отличный, красивый, тонкий, заряжается быстро, заряд держит долго, процессор отличный, в интернете летает, камера достойная, лёгкий в использовании и удобный, хорошо лежит в руках.",otzovik.com,otzovik.com,4.0,2023-07-11,https://www.otzovik.com/review_14943947.html,positive
"Достоинства: Отличная камера; классный дизайн; небольшая цена
Недостатки: Нет
Я приобрела смартфон Samsung Galaxy A51 2 месяца назад и до сих пор очень довольна своим выбором. Это отличный смартфон в своей ценовой категории. Экран имеет яркие и насыщенные цвета. Камера порадовала отличным качеством снимков и имеет несколько полезных функций. Батарея держит заряд достаточно долго, и я обычно могу использовать телефон весь день без проблем. Особо нравится мне дизайн - он выглядит стильно и современно. В целом, это отличный выбор для тех, кто ищет смартфон средне ценового сегмента с хорошим набором функций и производительностью. Я не пожалела о своей покупке и безусловно рекомендую этот товар!",otzovik.com,otzovik.com,5.0,2023-07-10,https://www.otzovik.com/review_14939339.html,positive
"Достоинства: - Процессор по скорости как на S-ках. - Дисплей чувствительный - Кнопки сделаны по принципу: Менять только со меной телефона из-за желания, а не из-за необходимости - Достойная линейка внутренней памяти
Недостатки: Задачи выше повседневных выполняет медленнее флагмана. Не хватает мощи железа
Телефон был куплен сразу же после выхода и превзошёл все ожидания. На сегодняшний день не уступает современным. Лучше только Флагманы за 40+ т. р.",otzovik.com,otzovik.com,5.0,2023-06-30,https://www.otzovik.com/review_14901297.html,positive
"Достоинства: Хорошая камера, мощный процессор.
Недостатки: Нет.
Купили 2021 году. Сейчас телефон в отличном состоянии. Камера хорошая, долго держит заряд батареи, так как я сижу целыми днями в телефоне, на зарядку ставлю всего один раз за день. Для игр весьма хороший телефон. Рекомендую. Но довольно тяжелые игры, например как ""Genshin impact "" телефон не сильно потянет и будет иногда лагать. Для работы подойдёт.",otzovik.com,otzovik.com,5.0,2023-06-29,https://www.otzovik.com/review_14899554.html,positive
"Достоинства: Высокое качество фото и видео съёмки Стильный красивый дизайн Большая память Приятная цена
Недостатки: Не нашла
Подарили телефон 2 года назад, предварительно советуясь, изучили много моделей разных компаний, в итоге остановились на Samsung Galaxy A51 и остались довольны! Смартфон совмещает в себе множество отличных характеристик и отличается приемлемой ценой. Главный плюс от которого отталкивались при выборе - высокое качество фото и видео. И здесь Samsung выиграшное решение. Дизайн телефона минималимтичный и стильный, у меня в белом цвете, подходит ко всему. Также приятный бонус достаточно большая память. Покупкой остались довольны, подарок получился хороший!",otzovik.com,otzovik.com,5.0,2023-01-07,https://www.otzovik.com/review_14698329.html,positive
"Достоинства: Большой объем памяти, быстрая зарядка, быстро работает .
Недостатки: Высокая цена
Здравствуйте. Недавно мне подарили Samsung Galaxy A51. До этого я использовала Redmi. Я всегда знала, что смартфоны фирмы Samsung всегда высокого качества. Телефон быстрый, объем памяти большой, можно скачать и хранить в телефоне все что угодно. Открываются практически все программы.",otzovik.com,otzovik.com,5.0,2023-04-16,https://www.otzovik.com/review_14614515.html,positive
"Достоинства: Хорошее качество камеры при дневной сьемке, Обновления ПО продолжают загружаться, не подвисает в играх. Хорошее железо
Недостатки: Плохое качество сьемки ночью, иногда бывают небольшие лаги, в некоторых моментах, при долгом использовании может нагреваться
Пользуюсь данной моделью телефона уже более 2 лет, телефон не виснет на долгое время, иногда бывают небольшие лаги, но они проходят за 5-10 секунд. Камера на данном телефоне снимает хорошо, но при ночной сьемке все становиться хуже - начинает провисать. Если в двух словах, на 2023 год телефон остается одним из самых лучших по соотношению цена-качество. Могу его посоветовать тем людям, которые хотят хороший телефон в пределах 15000-20000 рублей.",otzovik.com,otzovik.com,4.0,2023-04-10,https://www.otzovik.com/review_14591528.html,positive
"Достоинства: Разумная цена.Качество.Внешний вид.
Недостатки: Пока не обнаружила.
Я приобрела смартфон самсунг А 51 несколько месяцев назад и могу сказать, что он превзошел все мои ожидания. Этот смартфон имеет большой и яркий 6,5 дюймовый экран с высоким разрешением, что делает более приятным просмотр фильмов и игр. Одной из причин, почему я выбрала этот смартфон, была его камера. Самсунг А 51 оснащён 4 задними камерами, включая основную на 48 мп, которая делает очень яркие и чёткие фотографии. Кроме того есть камера для портретных снимков, камера макросъёмки и камера с широким углом обзора. Фронтальная камера так же имеет 32 мп разрешение и делает отличные селфи. Смартфон работает на операционной системе андроид 10 и имеет достаточно быстрый процессор exynos 9611, который позволяет запускать приложения без задержек. Устройство имеет встроенную память 128 гб. Батарея ёмкостью 4000 мАч, что позволяет пользоваться смартфоном целый день без подзарядки. Кроме того есть функция быстрой зарядки. Заряжается быстро до 100%. В целом я довольна смартфоном Самсунг А51. Рекомендую качественный смартфон по разумной цене!",otzovik.com,otzovik.com,5.0,2023-04-04,https://www.otzovik.com/review_14565978.html,positive
"Достоинства: 1)память 2)камера
Недостатки: Минусов нет
Данный телефон мне очень понравился. Пользуюсь уже долго. Памяти хватает надолго)Камера четкая, фотографии получаются хорошие. Так же можно скачивать различные приложения, они будут работать на данной модели. Так же хотелось бы сказать, что настройка телефона очень понятная и простая. На данной модели также есть различные режимы камеры, что очень удобно. Также телефон блокирует весь спам, проверяет на вирусы, что очень удобно. Всем советую!!",otzovik.com,otzovik.com,5.0,2023-04-04,https://www.otzovik.com/review_14565236.html,positive
"Достоинства: Современные камеры, четкое изображение, удачный размер, шустрый.
Недостатки: Слабый аккумулятор, нужен более ёмкий, хотя бы ёмкостью от 4500мАч
Пользуюсь третий год и стало понятно, что аккумулятор слабенький, хоть и написано 4000мАч(а по факту еще меньше наверно, нужно покупать с большей емкостью). До этого был Самсунг J7, держал до вечера. Сделаешь пару звонков и проверишь почту, сразу процентов 10 улетает и так в течение дня. Оптимизировал в нем, что мог и лишнее поотключал, даже вторую симку временами отключаю... а так телефон шустрый с отличным экраном и фотокамерами.",otzovik.com,otzovik.com,4.0,2023-03-21,https://www.otzovik.com/review_14498980.html,positive
"Достоинства: Удобный, надёжный, дешёвый
Недостатки: Иногда происходят микро лаги
Владею смартфоном 4 года. Ни разу не подводил. Зарядку держит 5-7 часов. Иногда происходят микро лаги, но это не смертельно. Можно пережить. За эти деньги(брал за 18000) самое то. Если выбираете телефон в данной ценовой категории, то берите именно его. Не пожалеете.",otzovik.com,otzovik.com,4.0,2023-03-05,https://www.otzovik.com/review_14411227.html,positive
"Достоинства: 1.Пожалуй, самое главное при выборе телефона, его аккумулятор. - цена на момент покупки была 19.000 - макросъемка на высоте
Недостатки: - обычная камера, заявлено 64 мегапикселя, но на самом деле она нуже чем у сяоми за теже деньги. - цена выше на 2-3 тысячи в сравнении с другими брендами, потому что самсунг
у этой модели самсунга аккумулятор большой, на 4500mAh, и это не все! С возрастом, многие смартфоны разряжаются быстрее, этот мне служит уже 3й год или чуть больше, и держит батарею день точно, когда больше, и это при активном пользовании. Однозначно тогда это было лучшее из всего в 2019 году, но цена у самсунга завешена изза бренда на пару тысяч.",otzovik.com,otzovik.com,4.0,2023-02-14,https://www.otzovik.com/review_14329514.html,positive
"Достоинства: Производительный, стильный, многофункциональный, хорошая камера, долго лержит заряд, не дорогой.
Недостатки: Нету ИК-порта
Приобрёл данный телефон 2 года назад. По сей день работает без нареканий, не глючит не зависает. Я люблю поиграть в мобильные игры, и этот телефон очень подходит для этого. Хороший и производительный телефон. Отличная камера, фотки получаются огонь, есть ширик и макросъемка. Не пожалел что взял. Отличный телефон.",otzovik.com,otzovik.com,5.0,2023-02-01,https://www.otzovik.com/review_14277461.html,positive
"Достоинства: Быстрый выход в интернет
Недостатки: Нет
Смартфон очень хороший и удобный, для общения в соц сетях, в нем качественная, хорошая камера для фото и видео фиксации, удобный выход в интернет и поисковые системы Google и яндекс. Ещё удобное меню. Минусов в смартфоне я не заметила.",otzovik.com,otzovik.com,5.0,2023-01-31,https://www.otzovik.com/review_14272571.html,positive
"Достоинства: камера, не тормозит
Недостатки: их нет
Всегда выбираю фирму самсунг. Эта модель очень порадовала. Камера отличная, удобный в руке, шустрый, не тормозит. Буду рекомендовать своим знакомым.",otzovik.com,otzovik.com,5.0,2023-01-30,https://www.otzovik.com/review_14267775.html,positive
"Достоинства: Красивый дизайн, хорошая камера, не глючит
Недостатки: не обнаружено
Купила телефон в 2021 году, служит верой и правдой. Ни капли не глючит. Камера отличная. Красивый дизайн. Звук на телефоне хороший. Экран яркий, большой, что позволяет комфортно сидеть в нем",otzovik.com,otzovik.com,5.0,2023-01-26,https://www.otzovik.com/review_14251068.html,positive
"Достоинства: Дизайнерский вид модели Хороший блок камер за данную цену Сценарии Bixby Комбинированный сим лоток Наушники (редко где встретишь) 2 микрофона шумоподавленитя SIM лоток под 2 симки и карту памяти AlwaysOn Displa
Недостатки: Отсутствие чехла и защитного стекла Отсутствует периодическая индикация уведомления на экран Нет оптической стабилизации. Слабое железо Отсутствие стереозвука Пластиковый корпус
Отличный телефон, служит мне уже 3 год, не зависает, не лагает, памяти достаточно Красивый дизайн телефона Отличная камера Есть отпечаток пальца",otzovik.com,otzovik.com,5.0,2023-01-12,https://www.otzovik.com/review_14198142.html,positive
"Достоинства: Сплошные плюсы
Недостатки: За 3 года не нашла
Самая удачная моя покупка из всех телефонов, которые были по жизни. Памяти полно, качество камеры просто зачетное, зарядки до сих пор 40 минут, хотя уже около трех лет в пользовании. Чехлы и стекла купить не проблема, в любых интернет магазинах великое множество.",otzovik.com,otzovik.com,5.0,2023-01-12,https://www.otzovik.com/review_14196467.html,positive
"Достоинства: Хорошая батарея, внешний вид, недорогой
Недостатки: Нет!
Самсунг А51 я купила три с половиной года назад. Этот телефон просто чудо за свои деньги! По сравнению с другими телефонами в этой ценовой категории, самсунг однозначно выигрывает и по своему виду, батареи, по держанию заряда. Даже после целого дня, проведённого за телефоном, он не нагревался, тем более, даже заряд оставался. Этим телефоном я довольна на все 100%. Рекомендую к покупке! Также хотелось бы отметить, что у этой модели камера очень хорошая. Сейчас пользуюсь более новой моделью, но разочарована качеством съёмки фото и видео. У меня есть с чем сравнить и хотелось бы побольше телефонов, как А51. Я считаю, что это очень хороший телефон как для ребёнка, так и для взрослых.",otzovik.com,otzovik.com,5.0,2023-01-04,https://www.otzovik.com/review_14166788.html,positive
"Достоинства: Хорошая камера, дизайн, экран.
Недостатки: Батарея. Мне её все равно мало.
Телефону 2 года. Могу описать теперь усе плюсы и минусы кратко. Без воды. Покупала в августе 2020 за 16к. Сейчас его сложно найти и стоит дороже. Проблем и лагов нет. Работает стабильно и без зависаний. Камера. При дневном свете все хорошо, но ночью нужно постараться сделать качественный контент. Первое фото сделано в лифте трц. Второе ночью. Видео страдает. Постоянно сбрасывается фокус. Заряд. Держит стабильно 6 заявленных часов активной работы экрана. Про экран есть отдельная тема. Он не ровный. Будут проблемы с поклейкой стекла. Сразу советую обратиться в спец. центр. Зарапается задняя крышка буквально от воздуха. Много мелких царапин. Если будете покупать б/у, то лучше сразу с чехлом и стеклом. В комплекте зарядка и наушники. Зарядка быстрая. Память. У меня 64г. Мне её хватает. Есть встроенная SD карта. Пока проблем с нехваткой не наблюдалось. Телефон все ещё получает обновления. Сейчас обновлён до 13 андроида. Заряд держит после обновления немного не так, как до. Проблема ещё в санкциях. Многие приложения не обновляются сразу. Обновления на телефон поступают с задержкой в месяц или полтора. По выводам могу сказать, что бюджетник хороший, но сейчас его брать не стоит. Выходят уже более лучше модели. Если конечно вы придирчивый человек, то смотрите что-то другое. Обновления ещё 1-2 и все. Телефон перестанут поддерживать. Начнёт лазать и сильно виснуть.",otzovik.com,otzovik.com,5.0,2022-12-19,https://www.otzovik.com/review_14114917.html,positive
"Достоинства: Камера, батарея, процессор, качество экрана
Недостатки: Нету
Пользуюсь телефоном 2 месяца, не тормозит и не лагает, камера тоже справляется со своей задачей. Качество экрана на высшем уровне, рекомендую этот вариант",otzovik.com,otzovik.com,5.0,2022-12-07,https://www.otzovik.com/review_14076123.html,positive
"Достоинства: Надёжность Не зависает Отличная камера
Недостатки: Его сейчас трудно приобрести. По крайней мере в моём городе я искала для мамы и не нашла.
Доброго времени суток. Я уже пятый гол пользуюсь этим смартфоном. За всё это время он меня ни разу не подводил. При этом стоит отметить, что я человек, который постоянно зависает в телефоне. Скачиваю различные игры, приложения для работы, учёбы. Много раз роняла на пол, при этом это никак не отразилось на роботе телефона. Камера работает на 5. Фотографии получаются в отличном качестве. Всем рекомендую)",otzovik.com,otzovik.com,5.0,2022-12-03,https://www.otzovik.com/review_14061528.html,positive
"Достоинства: хорошая камера, внешний вид
Недостатки: без чехла выскальзывает из рук
Этим телефоном я пользуюсь уже на протяжении двух лет и хочу сказать, что о покупке совершенно не пожалела. Конечно, многое зависит от объема памяти, который вы выбрали. Я взяла 64 гб. Но я не особо часто пользуюсь камерой, поэтому телефон прекрасно работает. Но если вы активный пользователь соц. сетей, то, конечно, лучше брать больший объем памяти. Телефон не виснет. В общем, я очень рада, что нашла его, да еще и по очень выгодной цене",otzovik.com,otzovik.com,5.0,2022-11-29,https://www.otzovik.com/review_14046815.html,positive
"Достоинства: Бюджетный для игр
Недостатки: Плохая камера
Хороший телефон, подходит для игр, тянет хорошо 120 фпс стабильно, камера не очень нормальная, цена хорошая хороший бюджетный игровой телефон всем советую.",otzovik.com,otzovik.com,4.0,2022-11-16,https://www.otzovik.com/review_13999921.html,positive
"Достоинства: Хорошая камера
Недостатки: Сломался
Купила в 2020 году, спустя два года у него что-то заклинило, завис и начал часто перезагружатся. Сходила в сервисный центр в итоге сказали, что ремонт будет стоить 11.000. И это хвалёный Самсунг. Да у меня Xiaomi уже 5 лет спокойно работает. Отдала его маме и себе приобрела Самсунг... И зря. Больше Самсунг брать не буду.",otzovik.com,otzovik.com,1.0,2022-11-16,https://www.otzovik.com/review_13999283.html,negative
"Достоинства: Телефон удобный не очень большой
Недостатки: Можно было бы улучшить камеру
Телефон хороший, советую приобрести, очень много полезных функций, камера нормальная но могло быть и лучше, 128 гигабайт хватает если вы не очень много пользуетесь устройством, но если ты студент или часто пользуешься мобильным устройством, то этого может и не хватить. В общем телефон хороший 9 из 10",otzovik.com,otzovik.com,4.0,2022-11-08,https://www.otzovik.com/review_13969979.html,positive
"Достоинства: Хороший телефон
Недостатки: Минусов нет
Не пожалела, что купила именно этот телефон. Пользуюсь два года и все отлично. Не лагает, не выключается на морозе, камера отличная, удобно держать в руке.",otzovik.com,otzovik.com,5.0,2022-11-04,https://www.otzovik.com/review_13954954.html,positive
"Достоинства: Цена,качество.
Недостатки: Нет
Отличный смартфон за свои деньги. Samsung в целом отличная компания и производят хорошие устройства, этот телефон не исключение. Высокие параметры производительности, хорошая камера и. т. д Пользуюсь телефоном уже третий год и хочу сказать, что телефон в случае какой-то непредвиденной для вас ситуации даст вам план действий что и как делать, в случае перегрева или какой-то ошибки он сам без вашего вмешательства перезагрузится и постарается решить проблему, если есть проблема с зарядкой(шнуром или переходником) он также сообщите, в комплекте шла оригинальная зарядка, шнур не особо прочный, советую приобрести новый плетёный, переходник он же адаптер заряжает телефон без проблема и достаточно быстро. Однозначно рекомендую брать.",otzovik.com,otzovik.com,5.0,2022-10-18,https://www.otzovik.com/review_13893721.html,positive
"Достоинства: Камера Цена Изображение Звук
Недостатки: Не обнаружила
Рекомендую к покупке, цена хорошая, качество фотографий 100%, памяти навалом, не тормазит, звук громкий, покупался 3 месяца назад, минусов нет",otzovik.com,otzovik.com,5.0,2022-10-11,https://www.otzovik.com/review_13873749.html,positive
"Достоинства: Сеть лте, пароль, работает оплата nfc
Недостатки: Не всегда срабатывает отпечаток
Данный телефон покупала в 2019 году, в качестве подарка, когда выбирала телефон смотрела на процессор, качество съемки, и какие приложения для работы или игр будут поддерживаться. И покупка меня обрадовала как и человека которому подарили, первое что отметим это качество сьемки не хуже чем у айфонов, фотографии четкие без пикселей, при отправке. Второе это легкость использования нет замужренных приложений, все понятно и доступно, третье это то что поддерживает любые игры. Есть отпечаток пальца, фейса, и просто графический пароль что очень удобно. Крышка телефона из керамики, корпус металический, поддерживает сеть LTE.",otzovik.com,otzovik.com,4.0,2022-09-21,https://www.otzovik.com/review_13811788.html,positive
"Достоинства: Хорошая камера, регулировка звука, функциональный
Недостатки: Небольшой объем памяти, слабая батарея
В телефоне достаточно много функций. Задняя камера хорошо снимает. Фронтальная недотягивает, слабовато. Плюс в том что можно сделать отдаленную съемку. Батарея слабовато, после года использования при активном режиме работы за 2 часа разряжается. Памяти 64 гб недостаточно. Расходуется много на приложения и кэш, который устаёшь постоянно чистить. В настройках все понятно. Есть разные вариации разблок рожки телефона, радует что есть режим ""не беспокоить"", режим "" в самолете"". Можно регулировать отдельно громкость звонков, уведомлений, медиа и системы",otzovik.com,otzovik.com,3.0,2022-09-18,https://www.otzovik.com/review_13800411.html,neutral
"Достоинства: Хорошо работает скорость отличный
Недостатки: Дорого можно купить но позволить можно
Мне очень понравилось и я тоже хочу с этого момента приобрести такой смартфон. Например он удобный и быстро работает экран например очень большой. Мне понравилось, быстро работает интернет очень хороший. Например ещё я пользовалась с двух симкартой удобно ведь правда ? Покупайте не пожелтеете предлагаю! Кстате сама использовала этот смартфон в качестве второго смартфона так как мой основной телефон является айфоном по этому наверное мне понравилась именно этот смартфон Самсунг. А что бы вы выбрали скорость или другой не знаю как я могу поговорить по поводу того что то я не хочу чтобы ты не знаешь как сама не знаешь.",otzovik.com,otzovik.com,5.0,2022-08-02,https://www.otzovik.com/review_13644282.html,positive
"Достоинства: Скорость работы хорошая, памяти достаточно, качество изображения отличное, батарея держит хорошо заряд, но по времени мало заряжается.
Недостатки: Иногда глючит
Широкий экран, с минимальными рамками, позволяющий без препятствий видеть изображения во всем объёме. Памяти в 64 Гб хватит, если не забывать очищать. Пользуюсь уже несколько лет и практически никаких минусов не нахожу. Можно выделить то, что я не замечала постоянных глюков, если не считать работу телефона на морозе, либо в адскую жару. Батарея хорошо держит долгое время, а на зарядку уходит не так много времени. Для людей либо детей будет хорошим в использованием с игровыми целями, потому что с такой работой телефона вы не сможете проиграть. Если вам нужен бюджетный, но качественный смартфон, тогда вам по адресу!",otzovik.com,otzovik.com,4.0,2022-07-07,https://www.otzovik.com/review_13559754.html,positive
"Достоинства: Размер, красивый , функция, крепкий, камера , батарея,
Недостатки: Ну как сказать честно сказать для меня нет минусов.
Я уже пользуюсь 1 год работает идеально купила себе красного цвета нравится очень Не сколько раз упал тел, каждый раз думала что уже разбился выглядит так как когда купила 5 зверь вообщем.",otzovik.com,otzovik.com,5.0,2022-07-04,https://www.otzovik.com/review_13546381.html,positive
"Достоинства: хорошая камера, зарядка долго держится.
Недостатки: плохой экран.
телефон мне очень нравился, использовал его для игр и просмотра фильмов. Через год у меня испортилось стекло и начала расплываться фиолетовая жидкость, она постепенно растет, а замена стоит 10 тысяч рублей. Для игр он подходит хорошо, заряд держит хорошо. Задняя крышка крепкая, камера просто замечательная, сам телефон немного греется. Телефон брать не рекомендую потому что за экран обидно.",otzovik.com,otzovik.com,3.0,2022-01-03,https://www.otzovik.com/review_13342879.html,neutral
"Достоинства: Цена за данную модель Камера
Недостатки: Частая расфокусация при снятии на видео
У меня в кармане была не такая большая сумма, а сменить телефон хотелось, выбор пал на данную модель, так как компания самсунг довольно долго на рынке и выпускает хорошую и долговечную продукцию. В целом я довольна покупкой, телефон не глючит, справляется со всеми поставленными ему задачами. На него получается хорошие и качественные снимки, на счёт видео не всё совсем мне нравится, но при хорошей погоде всё ок.",otzovik.com,otzovik.com,5.0,2022-04-26,https://www.otzovik.com/review_13321668.html,positive
"Достоинства: Хорошая камера, быстрый,удобный,компактный.
Недостатки: Хлипкая гарнитура, зарядка спустя 2 года начала подтормаживать.
Здравствуйте! Всегда любила самсунги, и на 8 марта 2020 года муж подарил самсунг а 51, знал, чем порадовать). За два года не обнаружила косяков, телефон работает исправно. Из плюсов: 1. Хорошая камера; 2. Быстро реагирует на нажатие; 3. Удобный для руки, компактный; 4. Очень маневренный телефон. 5. Приложения адекватно работают. Из минусов: 1. Гарнитура ""умерла"" уже, хотя в использовании была не часто; 2 Проблемы с быстрой зарядкой спустя два года; 3. Цена телефона за 64 гб памяти высоковата; 4. Интернет работает на три с плюсом независимо от скорости. Данная модель лучше, чем её предшественники и будущие кандидаты. Я порекондую его своим друзьям.",otzovik.com,otzovik.com,4.0,2022-04-15,https://www.otzovik.com/review_13288089.html,positive
"Достоинства: Камера, легкий, удобный,
Недостатки: не обнаружила
телефон отличный пользуюсь уже 2 года, камера, дизайн, удобство, легкость, все устраивает. Очень много смотрю на нем фильмов из-за чего быстро разряжается батарея. это единственный минус, но вина моя. Игры играют и грузятся почти все, ничего не глючит. Как появился телефон, планшет убрала далеко. Так что телефоном очень довольна, не жалею что приобрела.",otzovik.com,otzovik.com,5.0,2022-04-11,https://www.otzovik.com/review_13270421.html,positive
"Достоинства: Доступная цена, хорошо держит заряд, яркий дисплей, большой экран
Недостатки: Нет защиты от влаги
Очень понравилась данная модель смартфона, отличное качество фото, хорошо держит заряд батареи, отличный звук, достаточно много памяти, довольно удобный в использовании, большой экран и яркий дисплей. Смартфон хороший и цена довольно доступная.",otzovik.com,otzovik.com,5.0,2022-03-27,https://www.otzovik.com/review_13221631.html,positive
"Достоинства: Большая память Широкий экран Громкий динамик
Недостатки: Плохо держит заряд
Сейчас я пользуюсь именно этой моделью телефона. Телефон удобный, практичный. Отличный громкий динамик, замечательная камера, большая оперативная и внутренняя память телефона очень радуют. Не виснет и не глючит. Очень нравится. Единственное, что расстроило - плохо держит заряд. Еле-еле держит её один день. Но для меня это не критично, так как всегда рядом есть портативная зарядка. Соответствие цена - качество присутствует. Обладает большим и широким экраном. Пользуюсь уже год. Надеюсь, что так и будет работать. Со своей основной работой справляется отлично. Всем советую эту модель телефона. Убедилась в его качестве лично .",otzovik.com,otzovik.com,5.0,2022-03-21,https://www.otzovik.com/review_13200840.html,positive
"Достоинства: Цена, камера, зарядка, встроенные функции
Недостатки: нет
Год назад приобрела себе это устройство, начиталась отзывов в интернете, вроде все устроило (сама не особо разбираюсь в технике). На тот момент стоил не очень дорого, вобщем средняя ценовая категория. Сразу после начала его использования поняла, что для своей цены телефон очень хороший, камера достойно фотографирует, заряд держится отлично, не перенагревается аккумулятор, функция быстрой зарядки бесподобна! Ещё один плюс для меня это крепкий корпус. Мой телефон падал и на землю и на асфальт, но нет трещин на стекле и на корпусе. Телефон очень хороший, всем рекомендую!",otzovik.com,otzovik.com,5.0,2022-03-11,https://www.otzovik.com/review_13165138.html,positive
"Достоинства: Нет
Недостатки: Батарея, ненадежность
От пользования гнусмасом а51 остались неприятные ощущения. Да, экран яркий, цветопередача, фотки неплохие делает. Но он не выполняет основные предназначения смартфона, беспроблемно серфить в интернете не получится! Задумывается, тупит, виснет. Перепрошивка не помогает! Более того, меньше чем через полгода стала высаживаться батарея, заряжает до 100% и через 10 мин работы зарядка падает до 70%. Потом вообще сломался, не стал видеть сим карту. В сервисе оценили ремонт в 3,5 тыс. Сказали, очень много жалоб именно на эту модель. Делайте выводы сами.",otzovik.com,otzovik.com,1.0,2022-02-19,https://www.otzovik.com/review_13095079.html,negative
"Достоинства: Если бы не скрытый заводской брак, то неплохой телефон.
Недостатки: Сам перезагружался, плохо работала камера. Спешили часы.
В купленном мною смартфоне был скрытый заводской дефект, как выяснил позже бракованная материнская плата. Смартфон стал самопроизвольно перезагружаться. Когда кончилась гарантия, смартфон в очередной раз перезагрузился и завис окончательно. Кроме того часы спешили на 7 минут! Обратился в Самсунг Россия к Президенту (я инвалид 2 группы), мне посоветовали обратится в сервисный центр, а они будут его контролировать!",otzovik.com,otzovik.com,3.0,2022-02-17,https://www.otzovik.com/review_13088567.html,neutral
"Достоинства: Недорогой Хорошая камера Батарея Красивый
Недостатки: Значительных нет
Пользуюсь данным смартфоном второй год, в общем не плохо. Для андроида достаточно шустрый, до этого были айфоны, с ними, конечно, не сравнить, но для своего ценового сегмента и операционки очень достойно. Корпус пластик, но смотрится красиво, не покупаю принципиально цветные чехлы, пользуюсь только прозрачными, чтобы было видно сию красоту) Огромный плюс этого девайса-камера. Ну она просто классная, в сравнении с другими смартфонами на андроиде! Широкоуголка также радует, не везде она в принципе присутствует. На качестве 3:4 48МП качество отличное, фото чёткие, яркие, насыщенные. Игры и приложения работают без сбоев, не лагают. Хорошая батарея 4000мАч, держит долго. Разблокировка по лицу, отпечатку работает. Приличный большой экран, смотреть фильмы можно, глаза не устают. В общем-то могу рекомендовать данный аппарат, он определённо стоит своих денег, ни разу не подвёл.",otzovik.com,otzovik.com,5.0,2022-02-11,https://www.otzovik.com/review_13061040.html,positive
"Достоинства: Цена, выносливость, простой функционал
Недостатки: их нет
Хочу начать с того, что купила телефон в январе 2020 года, как только появилась эта модель. Привлёк меня функциональностью, доступной ценой, супер шикарной камерой и большим объемом памяти. Приобретала исходя из того, что мне для работы нужен был очень мощный, не глючащий телефон, чтоб делать качественные фото и всегда быть на связи! По поводу батареи могу сказать, ВЫДЕРЖИВАЕТ 2 СУТОК! при этом я всегда в интернете и из рук телефон впринципе не выпускаю. Одним словом он ИДЕАЛЬНЫЙ!",otzovik.com,otzovik.com,5.0,2022-02-08,https://www.otzovik.com/review_13047126.html,positive
"Достоинства: Очень сочный экран и очень тонкий
Недостатки: Цена
Я очень давно пользуюсь телефонами самсунг и сейчас у меня тоже телефон самсунг, первый это был раскладушка, а теперь смартфон. Очень сочный экран, прост в своём использовании, радует его форма его удобно держать что очень было для меня важно это камера их целых 4 прям очень хорошие фотки. Я пользуюсь им уже год я в любилась в этот смартфон в его дизайн. Я его много раз роняла но не сильно и что меня поражает все хорошо работает, а это не может не радовать, на него всегда можно найти красивый чехол. Очень красиво снимает, ночная съёмка и дневная очень классные как будто там. Одним словом я не хочу другой телефон я свой выбор пожалуй останавлю на нем. А вы?)",otzovik.com,otzovik.com,5.0,2022-02-07,https://www.otzovik.com/review_13038821.html,positive
"Достоинства: Хороший
Недостатки: Нет
Подарила мужу, очень доволен, хороший, качественный телефон, не лагает, игры поддерживает хорошо, стильный, удобный, красивый, камера отличная, все супер, все устраивает, пользуемся с радостью",otzovik.com,otzovik.com,5.0,2022-02-06,https://www.otzovik.com/review_13035794.html,positive
"Достоинства: Хорошая камера, хорошо держит зарядку, не подвисает
Недостатки: Через год придёться очищать телефон от фаилов и дркгих вешей в котором в нё есть, так как памяти не хватит
На разный сайтах и видео роликах о нем говорят разное Но я пользуясь этим телефоном уже год ни разу не усамнилась в его надёжнасти, он хорошо держит зарядку целый день, а так же для кого важны хорошие фотогрфии это самый лучший вариант, он даже лучше Galaxy A71, так как через год изпользования это телефон, начинал очень сильно подвисать, хотя казалось бы это же новая модель. Samsyng Galaxu A51 - стиои своих деняг!",otzovik.com,otzovik.com,5.0,2022-02-02,https://www.otzovik.com/review_13014334.html,positive
"Достоинства: Не нашел.
Недостатки: Качество, цена за характеристики.
В первый год дважды переставал заряжаться, 1 раз погас дисплей на совсем, а также проблемы с верхним динамиком и микрофоном для громкой связи. Катастрофа, а не телефон. Самсунги качество уронили ниже китайского.",otzovik.com,otzovik.com,2.0,2022-01-31,https://www.otzovik.com/review_13007587.html,negative
"Достоинства: Низкая цена, акутальность, дизайн, производительность
Недостатки: Качество фотографий
Приобрел данный телефон вначале 2020 года, пользуюсь им до сих пор. Конкретрых жалоб и претензий нет. Телефон остается исправным уже длительное время. Живу на севере, часто использую телефон на морозе — АКБ справляется со своей задачей отлично. Телефон заряжаю стабильно 1 раз в день при достаточно активном использовании. Единственным недостатком могу выделить камеру. Камера очень слаба для телефона данного ценового сегмента — качество оставляет желать лучшего. Во всем остальном телефон полностью устраивает. Планирую пользоваться им длительный срок. Телефон актуален и на 2022 год, рекомендую к покупке",otzovik.com,otzovik.com,4.0,2022-01-28,https://www.otzovik.com/review_12994667.html,positive
"Достоинства: Хорошая батарея, низкая цена, полезные функции, камера.
Недостатки: Смайлики и ужасный материал корпуса.
Телефоном пользуюсь год. Впечатления замечательные. Я подросток и мне подходит данный смартфон во всех понятиях (в учебе, общении, работе). Samsung Galaxy A51 бюджетный, но при этом имеет много полезных функций. Замечательная батарея, хватает на весь день. Не нагревается в отличии от других самсунгов. Советую данный телефон для использования подростком. Также тех кто рассматривает телефон до 20 тысяч рублей.",otzovik.com,otzovik.com,4.0,2022-01-25,https://www.otzovik.com/review_12976452.html,positive
"Достоинства: Красивый дизайн,удобное меню,очень тонкий ,практичный,удобный, скользящий лёгкий сенсор,есть отпечаток пальца,красивый цвет
Недостатки: Минусов на мой взгляд вообще не существует
Доброго времени суток всем читателям, сегодня хочу оставить отзыв телефона Смартфон Samsung Galaxy A51. Я пользуюсь уже второй год сказать что я довольна им ничего не сказать. Телефон мой классный, все функции очень удобные, довольна всем. Всем рекомендую покупайте только этот телефон",otzovik.com,otzovik.com,5.0,2022-01-22,https://www.otzovik.com/review_12966131.html,positive
"Достоинства: Работоспособность, производительность
Недостатки: Не обнаружил
Купил год назад. Никаких проблем за год не возникло батарею держит хорошо. Брал в чёрной окраске. Вообщем, советую всем и желаю удачных покупок",otzovik.com,otzovik.com,5.0,2022-01-15,https://www.otzovik.com/review_12931484.html,positive
"Достоинства: Хорошая камера
Недостатки: Глюки Слабый процессор
Купил его на старте продаж, дико глючит, иногда намертво зависает на несколько минут, когда память заполняется практически на максимум превращается в кирпич, не советую",otzovik.com,otzovik.com,2.0,2022-01-09,https://www.otzovik.com/review_12906616.html,negative
"Достоинства: Большая батарея, яркий экран, быстрый,
Недостатки: Нету
Телефон отличный бюджетный, функциональный, все что нужно батарея хватает на 2 дня спокойно быстрая зарядка экран яркий, в руке лежит удобно.",otzovik.com,otzovik.com,5.0,2022-01-03,https://www.otzovik.com/review_12879121.html,positive
"Достоинства: Большая память, быстрая скорость работы
Недостатки: Не фокусируется фотоаппарат на мелкие предметы вблизи
В очередной раз приобрела телефон фирмы самсунг, и не пожалела. Уж очень мне нравятся телефоны этой фирмы. Начну со внешнего вида. Телефон удобно держать в руках, не огромный, но и не маленький, экран большой. Больше всего порадовала оперативная память телефона, 128гб. В другом телефоне была маленькая память, и прежде чем что либо закачать приходилось удалять ненужное, а тут скачивай что душе угодно. Телефон работает хорошо, не зависает, даже если открыты много приложений. Камера отличная, но плохо фокусируется на предметах которые очень близко находятся к телефону. Например если захочется снять маленький цветочек близко, может вообще не сфокусироваться. Это наверное единственный минус этого телефона. В остальном все отлично.",otzovik.com,otzovik.com,5.0,2021-12-28,https://www.otzovik.com/review_12864200.html,positive
"Достоинства: экран
Недостатки: цена
Всем здравствуйте! Очень много времени потратил на поиск подходящего для себя телефона. Рассматрел множество вариантов. Старый Самсунг служил мне верой и правдой много лет, поэтому наверное мой выбор остановился на этой модели телефона. Телефон действительно хорош. Очень большой функционал. Можно настроить под любого пользователя. Быстро реагирует на запросы. Заряда аккумулятора хватает на денъ активного пользования телефоном. Большой выбор режимов съёмки фото и видео. Хорошая цветопередача экрана. Хорошо ложится в руку, ощющается приятная тяжесть. Правда без чехла, материал корпуса телефона, скользкий.",otzovik.com,otzovik.com,3.0,2021-12-26,https://www.otzovik.com/review_12852768.html,neutral
"Достоинства: Качество фото/видео, держит долго заряд
Недостатки: Не обнаружила
Приобрела телефон в 2020 г. До сих пор радует своей работой. Удобный интерфейс, есть NFC, отличное качество фото и видео, долгое время держит зарядку, быстро заряжается",otzovik.com,otzovik.com,5.0,2021-12-25,https://www.otzovik.com/review_12851693.html,positive
"Достоинства: Шикарный дизайн, богатый интерфейс, качество съемки
Недостатки: Очень хрупкий
В прошлом году купила Самсунг а51. Понравился шикарный дизайн, богатый интерфейс, качество съемки. Пользуюсь телефонами очень аккуратно - предыдущие меняла один раз в три года. Этот телефон уронила всего 1 раз, когда выходила из машины на подземной парковке. То есть он упал с небольшой - около одного метра. В итоге стекло вдребезги! Сразу отвезла в сервис. С меня взяли 5000, с учетом стекла. Но после ремонта он стал глючить. Решила купить новый - точно такой же, но в другом цвете. Очень уж понравился. Прошло 3 месяца и случайно уронила его. Он еще в худшем состоянии, чем предыдущий - в ремонт даже не понесла. Очень обидно, что такая крутая компания, классные телефоны, но при этом, такие хрупкие!",otzovik.com,otzovik.com,3.0,2021-12-14,https://www.otzovik.com/review_12801776.html,neutral
"Достоинства: Самунг пей, экран, быстрая зарядка
Недостатки: Батарея, передняя камера
Смартфон приобретал в прошлом году. До текущего времени ползуюсь. Особенно комфортно, что кроме 128гб памяти есть лоток для карт памяти. По производительность телефон соответствует критериям cтоимость/степень качества. Камера неплохая, отпечаток работает очевидно отборнее чем у предыдущего samsung a50. Но стабилизация видео оставляет жаждать отборнейшего... Особенно обрадовать поддержка samsung pay- незаменимая вещь сегодняшний день. Цветопередача экрана неплохая. Страшно не нравится задняя пластиковая крышка, царапается и выглядеть дёшево. Вывод: смартфон неплохой, с основными задачами справляется, но, к несчастью, самсунги уже не те...",otzovik.com,otzovik.com,5.0,2021-12-11,https://www.otzovik.com/review_12790674.html,positive
"Достоинства: Красивый дизайн, цена, бренд
Недостатки: Подвисает через время
Для своей цены неплохой телефон, пользуюсь 2 года уже. Немного подвисает, но не критично, с заторможенностью переворачивает картинку на экране, фотоаппарат средний. А так можно и походить с таким",otzovik.com,otzovik.com,4.0,2021-12-07,https://www.otzovik.com/review_12770712.html,positive
"Достоинства: Память, камера более менее учитывая цену
Недостатки: Частые поломки дисплея
Не знаю как насчёт дорогих самсунгов но этот прям отвратительный. Минусы это очень дешёвый пластик, ощущение что на тебе сэкономили, тормозит. Это уже не первый отзыв о том что экранный модуль у многих вышел из строя и меня тоже это не избежало экран сломался через год с небольшим. Вообщем основная проблема поломки экранного модуля и это происходит практически на каждом телефоне данной модели вопрос времени",otzovik.com,otzovik.com,1.0,2021-12-04,https://www.otzovik.com/review_12759837.html,negative
"Достоинства: тонкий, удобный, не греется,
Недостатки: не нашла
Купила данный телефон в 2019 году, выбирала между айфоном и им, и все же взяла самсунг. Первое впечатление было ""ого, он такой тонкий, так удобно лежит в руке"". телефон действительно очень тонкий, цвет у меня хамелеон, брала тогда в салоне билайн, у них была крутая акция, при покупке смартфона 5 ништяков в подарок. телефон при очень активном использовании за два года никогда не подводил, не зависает, не перезагружается сам, не перегревается, заряд держит довольно долго. яркость картинки суперская. Цена очень даже неплохая для такого смартфона. берите не пожалеете",otzovik.com,otzovik.com,5.0,2021-12-01,https://www.otzovik.com/review_12746481.html,positive
"Достоинства: Из плюсов могу выделить камеру и громкость
Недостатки: Отпечаток работал идеально пол года, после перестал работать совсем
Почти год назад приобрела Samsung Galaxy A51. Я хочу сказать, мне понравилась эта модель, но всё же, есть одно НО. Очень расстроена работой отпечатка пальца.",otzovik.com,otzovik.com,5.0,2021-11-25,https://www.otzovik.com/review_12717774.html,positive
"Достоинства: Аккумулятор, экран (как иначе это самсунг)
Недостатки: Приложение камеры, редкие глюки
Покупал устройство год назад Пользуюсь смартфоном каждый день и из минусов отмечу приложение камеры, оно очень часто глючит, тупит, и вылетает, но сама камера за эти деньги оправдывает себя, также смартфон не очень любит браузер яндекс, глючит, лагает в общем по классике. По начинке претензии, если забыть про 2 минуса, претензий нету. Аккумулятор держит заряд От себя скажу, за такую сумму присмотрелся бы к другому смартфону например: realme или pixel",otzovik.com,otzovik.com,4.0,2021-11-21,https://www.otzovik.com/review_12701601.html,positive
"Достоинства: Батарею держит хорошо
Недостатки: Пока не замечала
Я пользуюсь уже больше 2 лет этим андроидом, отличный телефон, главное не тормозит не виснет не глючит. я всем довольна.",otzovik.com,otzovik.com,5.0,2021-11-20,https://www.otzovik.com/review_12698418.html,positive
"Достоинства: Объём памяти
Недостатки: Качество фото и видео
Выбирала телефон в недорогом сегменте с хорошим объёмом памяти, но главное была камера. Памяти в телефоне действительно много. Хватает снимать много видео, фото. Но, к сожалению, по поводу камеры несмотря на заявленные пиксили и характеристика, ничего хорошего сказать не могу. Фото и видео получаются на данном телефоне не лучшего качества. Во время съёмки видео сильная зернистость. Камера странно реагирует на движение, может поменять изображение с яркого на темное за секунду и обратно. Совершенно не понятно от чего это зависит. Еще несколько слов о батарейке. Зарядки хватает на сутки в среднем режиме использования. Но, если работать с телефоном на улице в холодное время разряжается моментально.",otzovik.com,otzovik.com,3.0,2021-11-13,https://www.otzovik.com/review_12665814.html,neutral
"Достоинства: Не пробиваемость заднего корпуса и экрана Быстрая работа
Недостатки: Нет
Я человек очень неуклюжий и безолаберный. С детства не ценила вещи. Но этот телефон я преобрела сама, на свои заработанные. Хоть я хожу с ним не долго, но могу твёрдо сказать, что это очень хороший телефон. Я так считаю потомучто, обычно у меня телефоны не держаться больше года. Samsung уже несколько раз испытывал разные падения и взлёты ( в прямом смысле этого слова). Он успел уже и искупаться. Я по случайности не купила защитное стекло, но за всё это время появилась маленькая царапина. Я удивлена, как он ещё держится. Помимо этого он не заставляет меня нервничать, при работе онлайн и не заставляет себя долго ждать.",otzovik.com,otzovik.com,5.0,2021-11-07,https://www.otzovik.com/review_12641978.html,positive
"Достоинства: Красивый дизайн, быстрый, соответствует заявленым характеристикам.
Недостатки: Пока не обнаружил.
По-моему мнению, это один и самых красивых и приятных смартфоном в своём ценовом сегменте. После 1 месяца использования, он показал себя только с хорошой стороны. Приятный десплей и сам вид. За время использования не было сильных зависаний. Внутренние характеристики и камера, полностью соответсвуют заявленой. Все приложения работают без ошибок. Очень качественно сделаны рамки и корпус.",otzovik.com,otzovik.com,5.0,2021-11-05,https://www.otzovik.com/review_12634892.html,positive
"Достоинства: Цена-качество, спустя 2 года работает так же быстро.
Недостатки: Не нашел.
Здравствуйте! Являюсь обладателем данного смартфона уже 2 года. За два года использования телефон показал себя с лучшей стороны! Во-первых, покупался телефон для учебы, так как часто приходится искать различные документы, читать, сохранять и т. д. И все это позволяет делать оперативная память. Открываю множество приложений и вкладок и он совершенно не тормозит. А своевременно найти информацию и ответит - это необходимо в моей деятельности. Так же SuperAmoled позволяет читать большие документы без напряжения глаз. Зарядка держится долго, даже спустя два года. Батарея отличная. Вообще не фанат фотографировать, но камера лучше, чем на многих телефонах подобного ценового диапазона.",otzovik.com,otzovik.com,5.0,2021-11-05,https://www.otzovik.com/review_12632360.html,positive
"Достоинства: Внешний вид, характеристики, камера
Недостатки: Завышенная цена
Меня зацепил именно внешний вид данного гаджета. Но в последствии и его характеристики. Очень радует большой объем памяти и удобный функционал. На счёт камеры отдельно хочу сказать! Так как я являюсь фотографом со стажем, для меня всё таки имеет значение камера! Получаются отличные и яркие снимки, а так же очень исправно работает PRO режим фото!",otzovik.com,otzovik.com,5.0,2021-11-03,https://www.otzovik.com/review_12624161.html,positive
"Достоинства: Качество, дизайн, удобство
Недостатки: Не нашла
Два года назад приобрела Samsung A51. Большой экран, хорошая камера, яркий дисплей. Телефон прост и удобен в работе. Память хорошая, что позволяет не использовать флешку. Заряд держит хорошо. Телефоном очень довольна. Ставлю ему твёрдую пять с плюсом",otzovik.com,otzovik.com,5.0,2021-11-03,https://www.otzovik.com/review_12623699.html,positive
"Достоинства: Быстро заряжается
Недостатки: Хрупкий(
Эот телефон супер, советую, зарядку держит долго, камера хорошая, телефон лёгкий, не тормозит и не глючит, поддерживает все приложения. Всем советую!",otzovik.com,otzovik.com,5.0,2021-10-30,https://www.otzovik.com/review_12606519.html,positive
"Достоинства: Качество,4 камеры, тонкий корпус
Недостатки: Нет
Купила данную модель в 2020 году. Память на телефоне 64 ГБ, мне хватает. Тонкий корпус, удобный слот для сим карт. На задней панеле 4 камеры (есть макро съемка) плюс вспышка, отличная возможность делать фото и видео в темноте экран достаточно яркий, есть возможность поставить авто яркость. В целом телефон очень качественный и удобный.",otzovik.com,otzovik.com,5.0,2021-10-30,https://www.otzovik.com/review_12606226.html,positive
"Достоинства: Лучший
Недостатки: Нет
Всегда выбирают этот бренд. Были телефоны разных бредов, но Samsung Galaxy лучшая модель телефонов, как по мне, а именно А51 я в восторге. Камера очень хорошая, телефон очень удобный и быстрый. Реуомендую",otzovik.com,otzovik.com,5.0,2021-10-30,https://www.otzovik.com/review_12605300.html,positive
"Достоинства: Презентабельный вид. Отличная камера. Хорошее расширение экрана. Многообразие цветов телефона. Простые настройки.
Недостатки: Кому-то телефон может показаться большим и не удобным в использовании, но большой экран позволяет смотреть любимые фильмы в хорошем расширении.
Пользуюсь данным телефоном почти год, и не вижу никаких сбоев. Всё работает исправно, без глюков. Очень довольна камерой, которая позволяет делать оригинальные снимки. Памяти 64 Gb хватает с головой, можно также вставить дополнительную карту памяти. Телефон полностью оправдывает свою цену.",otzovik.com,otzovik.com,5.0,2021-10-23,https://www.otzovik.com/review_12577715.html,positive
"Достоинства: Красивый дизайн . Лёгок в использовании. Не нагревается . Яркий дисплей. Быстрая зарядка. Удобный перенос данных.
Недостатки: Не срабатывает сканер отпечатка пальцев. Не защищён от воды. Иногда вылетает из приложений. Имеется шум в динамике при разговоре.
В целом телефон неплох. Только вот камера немного разочаровала. Фотографии получаются смазанными. Если телефон не использовать часто, то заряд держится около 2-х дней. Но если сидеть целый день, то часов на 5-6 . Сканер отпечатка пальцев иногда не срабатывает .",otzovik.com,otzovik.com,4.0,2021-10-17,https://www.otzovik.com/review_12552713.html,positive
"Достоинства: Хорошая камера, красивый дизайн, средний размер экрана, много функций, не зависает
Недостатки: Их пока не наблюдаю
Пользуюсь смартфоном 2 года. Очень нравится цвет( у меня белый с отливом), много функций, не тупит, есть красивые чехлы и много мест где их можно заказать и купить. Достаточно неплохая камера, большой объём памяти и сохранение заряда батареи долгое.",otzovik.com,otzovik.com,5.0,2021-10-15,https://www.otzovik.com/review_12541605.html,positive
"Достоинства: Высокая фокусировка Авторежим День/ночь Нет искажения цвета
Недостатки: Не обнаружила
Наверно без лишних слов. Так фотографирует этот телефон. Всё чисто и красиво. Не хуже Айфонов. Я - мастер маникюра и педикюра. Поэтому такое внимательное отношение к фотографиям на тему ногтей. Педикюр. Маникюр.",otzovik.com,otzovik.com,5.0,2021-10-13,https://www.otzovik.com/review_12533064.html,positive
"Достоинства: Хорошая производительность, ничего не лагает.
Недостатки: 1. Самый главный минус -- сканер отпечатков.
Купила смартфон, очень классный дизайн, в руке лежит очень удобно, хотя размеры у него не маленькие)Камера зачетная, фото получаются яркими, насыщенными. Батарею держит сутки если с него не вылазить)Яркий дисплей, насыщенная цветовая гамма, очень достойный телефон за свои деньги",otzovik.com,otzovik.com,4.0,2021-10-09,https://www.otzovik.com/review_12520441.html,positive
"Достоинства: Качество снимков, шустрость, современный дизайн, долговечность, удобное в использовании из-за большого экрана
Недостатки: Минусов нет
Телефон очень шустрый в использовании, имеет очень качественную камеру, которая позволяет делать красивые снимки в любое время суток. Если зарядить устройство до 100 процентов, то скорее всего вы сможете использовать его на протяжении всего дня, при этом не прибегать к дополнительной зарядке. Телефон заряжается очень быстро, очень удобно, когда тебе нужно бежать куда-то по делам, и на зарядку телефона есть не так много времени. Очень красивая задняя крышка, смотрится стильно, сразу можно понять, что флагман новый. Также телефон имеет очень удобный, большой дисплей, благодаря которому удобно работать, играть в игры и т. д Очень понравилось, что передняя камера занимает минимум места, вообщем телефон очень симпатичный и практичный, соотношение качества и цены отличное",otzovik.com,otzovik.com,5.0,2021-10-08,https://www.otzovik.com/review_12515919.html,positive
"Достоинства: Камера удовно, хорошо работает
Недостатки: Пока не вижу минусы
Смартфон работает отлично, рекомендую всем! Я купила 2020 ты год, синий свет, мне очень понравилось. Я использую смортфон как конпьютер, просто супер!",otzovik.com,otzovik.com,5.0,2021-10-06,https://www.otzovik.com/review_12505754.html,positive
"Достоинства: отличный дизайн, удобные размеры телефона, хорошая камера
Недостатки: не выявлено
Всем здравствуйте, купила телефон в декабре 2020, и тьфу тьфу тьфу, нету никаких замечаний к нему, все хорошо грузит, ничего не виснет, камера отличная, памяти вполне достаточно. Очень довольна своей покупкой, ни разу не пожалела, что взяла его. Он оправдал мои ожидания и стоит своих денег.",otzovik.com,otzovik.com,5.0,2021-09-29,https://www.otzovik.com/review_12481175.html,positive
"Достоинства: Батареи хватает на почти на день. Хорошая камера.
Недостатки: Сенсор отпечатка так себе.
Я не фанатка самсунгов, но знакомые порекомендовали данную модель, и я не разу не пожалела о своей покупке. Яркий экран, отзывчивый сенсор. Скорость работы процессора тоже на высоте. Но наушники, конечно, не радуют. Воспользовалась один раз, сразу же заболели уши. В остальном соответствует заявленным характеристикам. Отдельно можно отметить камеру: для такой цены, она отличная. А большой экран отлично подойдет для просмотра кино. Динамики и разъем зарядки пока что не беспокоили, не смотря то что телефоном пользуюсь чуть больше полугода. Обычно на других смартфонах разъем слетал через 3-4 месяца. Однозначно рекомендую к покупке.",otzovik.com,otzovik.com,5.0,2021-09-29,https://www.otzovik.com/review_12477872.html,positive
"Достоинства: Приятный интерфейс, оболочка one ui, камера(для бюджетного смартфона), вневшний вид
Недостатки: Переодически зависает
Пользуюсь данным телефоном уже полтора года, покупал за 15к. Смартфоном доволен, основные функции выполняет, неплохая камера, соответствует уровню современного устройства. К сожалению телефон имеет свойство глючить и лагать, но опять же, за такие деньги я всем доволен",otzovik.com,otzovik.com,4.0,2021-09-20,https://www.otzovik.com/review_12443075.html,positive
"Достоинства: Что может быть плюсом обычного смартвона...? Звонит, отправляет смс и фотографирует - это уже хорошо!
Недостатки: Когда делаешь фото в плохо освещенном месте, фотографии получаются очень расмылиными и не качественными
Внешне телефон выглядит потрясающи, 4 камеры, но одна из них служит в качестве красоты, потому что она всего напросто не работает. Пользуюсь этим смартфоном уже 2 года и очень даже довольна его качеством. За все время использования не разу не засорялась память, это очень достойно, т. к. гб не сверх много, а приложений можно скачать огромное множество.",otzovik.com,otzovik.com,5.0,2021-09-18,https://www.otzovik.com/review_12434689.html,positive
"Достоинства: Хорошая камера. Красивый интерфейс. Удобный в использовании.
Недостатки: Полное очищение памяти можно произвести сбросом всех настроек.
Выбирала себе смартфон на замену старому. Мое внимание привлекли Sumsung Galaxy A51 и Xiaomi Redmi Note 10s, так как они схожего ценового диапазона. Приобрела Sumsung и ни разу не пожалела. Красиво оформлен корпус смартфона. Четкая съемка камеры в 48мп +еще 3 камеры. Качество фото устраивает, может делать широкоугольный изображения. Огромным плюсом для меня является современный и приятный для глаза интерфейс, светлое оформление заметок, удобное устройство галереи, где телефон сам может формировать папки с важными моментами вашей жизни или с похожими фото для удаления. Смартфон имеет функцию быстрой зарядки, которая может держаться на протяжении всего дня. Да и качество звука динамика является весьма хорошим. Имеет отпечаток пальца на экране, может производить распознавание вашего лица. В общем Sumsung Galaxy A51 оставляет лишь хорошие впечатления. Рекомендую к покупке, особенно если вы как и я не могли определиться между двумя смартфонами.",otzovik.com,otzovik.com,5.0,2021-09-12,https://www.otzovik.com/review_12412022.html,positive
"Достоинства: Цена качество дизайн
Недостатки: Камера
В пользовании данный телефон находится уже более года. За время его использования не заметил никаких крупных недочётов. Хочу выделить красивый дизайн и достаточно быструю работу операционной системы. Заряд телефон держит достаточно, для обычного юмора.",otzovik.com,otzovik.com,4.0,2021-09-09,https://www.otzovik.com/review_12402794.html,positive
"Достоинства: Новый, быстрая зарядка.
Недостатки: Камера, корпус, цветопередача
Сравнивая со старым Самсунг А7 2018 могу сказать что самсунг А51 ему в подметки не годится. Камера хуже раза в 5, екран непонятно что, про корпус вообще нечего говорить. Вывод: Самсунг ""гонит порожняк"" а бабки собирает солидно. Не покупайте смартфон только по отзывам.",otzovik.com,otzovik.com,3.0,2021-09-05,https://www.otzovik.com/review_12385669.html,neutral
"Достоинства: Производительность, скорость, цена.
Недостатки: Камера.
Пользуюсь данный смартфоном уже около 3 месяцев. Результатом его роботы я более чем доволен. Несмотря на то что он ""бюджетный"", все цели он выполняет на ура! Процессор супер! Скорость тоже на хорошой уровне(конечно, есть телефоны в десятки раз быстрее, но давайте будет учитывать его стоимость) Камера - единственный минус, и то я бы не сказал что камера плохая, камера средняя(можно было сделать и лучше) Еще хочу отметить вай фай и блютуз модуль, работают моментально Возможно я и преувеличиваю свой новый телефон, просто по сравнению со старым, я прости в шоке! В целом телефоном я очень доволен, и полностю рекомендую к покупке!",otzovik.com,otzovik.com,5.0,2021-09-03,https://www.otzovik.com/review_12377106.html,positive
"Достоинства: Хорошая камера Яркий качественный экран Долго держит батарею Громкий
Недостатки: Минусов не обнаружено, жаль что нет защиты от пыли и воды
Пользуюсь 7 месяцев, все отлично, не виснет. С флагманом конечно не сравнится, но за 16к один из лучших вариантов. Хороший телефон.",otzovik.com,otzovik.com,5.0,2021-08-21,https://www.otzovik.com/review_12326226.html,positive
"Достоинства: Фото, экран, дизайн
Недостатки: Не обнаружила
Приобрела этот телефон 2 года назад, очень нравится, не гласит, зарядку держит, стильный дизайн, удобен, фото чёткие, звук хороший, покупкой довольна!",otzovik.com,otzovik.com,5.0,2021-08-13,https://www.otzovik.com/review_12298179.html,positive
"Достоинства: Отсутствуют. Зря потраченные деньги и нервные клетки.
Недостатки: Один большой, нет огромный недостаток.
После постепенной но стремительной смерти моего крайнего Афони, необходимо было срочно купить недорогой смартфон до 25 тыс. руб. Бегло просмотрев Youtube, сделал вывод что надо брать какого-нибудь китайца. Пошел в ближайший магазин, где консультант меня грузанул, что в моем ценовом сегменте, телефона лучше чем Самсунг Гэлакси А51 просто не существует. На самом деле можно было понять что за г... но мне втюхивают в первые же минуты, так как при первом включении, ещё в салоне, телефон загружался ~15 минут, но я ведь настойчивый... В общем по существу: 1. Тормозит во всем, при включении/перезагрузке, при перелистывании вкладок рабочего стола, при разблокировке, при вызове (это вообще финиш, бывает я уже слышу собеседника, а на экране еще чернота), автоматический поворот экрана (после последнего обновления экран крутится даже на заблокированном телефоне, что доставляет огромные неудобства). 2. Вообще не дружит с ВиФи. Никогда сам не цепляется ни к сети дома, ни к сети на работе (дело не в настройках, настройки верные). Каждый раз приходится выбирать сеть в ручную. 3. Аккумулятор не держит от слова совсем. Максимум хватает с 7 утра до 12 (полудня). 4. Камеры так себе, не могу сказать что они безобразные, но и похвастаться нечем. В общем телефоном не доволен. Могу пожелать такой телефон только лишь сотрудникам банков и лже сотрудникам службы безопасности банков.",otzovik.com,otzovik.com,1.0,2021-08-12,https://www.otzovik.com/review_12291085.html,negative
"Достоинства: Отличная камера
Недостатки: Нет
Хороший смартфон, мне нравиться очень, камера хорошая, изображения чёткие, насыщенные цвета, Сам хорошо работает, падал один раз из рук, и ничего. Не зависает, не глючит, покупкой очень довольна. Рекомендую. Буду брать ещё один для ребёнка.",otzovik.com,otzovik.com,5.0,2021-08-11,https://www.otzovik.com/review_12287483.html,positive
"Достоинства: Цена, тянет все игры, много памяти, чёткий динамик и микрофон, быстрая зарядка и хорошо держит зарядку
Недостатки: Наушники хрупкие, не пооддерживает беспроводную зарядку
У меня Samsung Galaxy A51 с 6/128 ГБ и операционной системой андроид 11. Довольно мощный телефон. Качественно и красочно снимает фото и видео. Хорошо тянет тяжёлые игры, правда в Call of Duty не получается графику на самый максимум поставить. Имеет хороший динамик и микрофон для разговоров, неплохое встроенное приложение погоды и отличный встроенный браузер Samsung Internet. Хорошо держит зарядку и также быстро заряжается(от 0% до 100% за 2 часа) Единственный минус этого смартфона это то что не поддерживает беспроводную зарядку.",otzovik.com,otzovik.com,5.0,2021-08-07,https://www.otzovik.com/review_12274528.html,positive
"Достоинства: Стильный, отличный за свои деньги
Недостатки: Слегка иногда потупливает
Пользуюсь данным телефоном полгода, что могу сказать есть минусы, но есть и плюсы. Начнем с плюсов: отличная камера, много разных функций защиты, обьемная память, отлично держит зарядку, классный и стильный дизайн Минусов- не много подтупливает, хоть и процессор не из слабых, но подвисает не значительно.",otzovik.com,otzovik.com,4.0,2021-08-05,https://www.otzovik.com/review_12263315.html,positive
"Достоинства: Воры
Недостатки: Воры
Мне продали б/у телефон под видом нового. Первый раз смартфон продали в апреле 2021, о чем мне уже потом сказали в сервисном центре Самсунг. Кто-то попользовался, и сдал. Оказалось, поврежден экран. Гарантия составлена хитро - не распространяется на ОС и восстановление/обновление микропрограммы. Смартфон сломался через месяц после покупки. На мой запрос в ОГО никто не ответил, отзыв удалили. Желаю тем, кто своровал мои деньги, захлебнуться ими и подохнуть.",otzovik.com,otzovik.com,1.0,2021-08-04,https://www.otzovik.com/review_12261681.html,negative
"Достоинства: -6/128gb -Экран -Дизайн -Габариты -Камера
Недостатки: -Аккумулятор 4000 мА*ч -Пластик -Цена
Samsung Galaxy A51 - очень красочный смартфон. При использовании радуют яркие цвета, восьми ядерный процессор справляется с поставленными задачами, оперативной памяти достаточно. Есть 4 камеры (48,12,5,5 МП), шикарный угол обзора в 132, присутствует макросъёмка, разблокировка экрана осуществляется как отпечатком пальца, так и двойным нажатием на экран. Единственное, что могу отметить из существенных минусов - это цена.",otzovik.com,otzovik.com,5.0,2021-07-26,https://www.otzovik.com/review_12220477.html,positive
"Достоинства: Объем памяти, камера , размер экрана, звук, тонкий, удобный интерфейс.
Недостатки: Не обнаружила.
Телефон очень хороший, муж подарил на день рождение ребёнка я очень довольна, не когда не любила самсунг был айфон, но тут я как начала пользоваться поняла что ошибалась, сравнивая с айфоном он оказался очень практичным, удобным, стильным, большой экран, задняя панель переливается разными цветами, тонкий, удобный. Поддерживает все приложения, объем памяти большой, так же слот под флешку дополнительно есть, зарядку держит долго и заряжается быстро. Качество камеры хорошее. Звук громкий, чистый. Удобное меню. Но для меня огромный плюс был что можно скачивать музыку и слушать без интернета, в айфоне этого без платного приложения не сделаешь. И конечно же ценовой диапазон хороший. Так что рекомендую.",otzovik.com,otzovik.com,5.0,2021-07-23,https://www.otzovik.com/review_12210495.html,positive
"Достоинства: Хорошая камера, стильный дизайн, быстрая зарядка, блокировка.
Недостатки: Иногда греется при играх, так же долго заряд не держит. Моему уже 2 года, 1 час-20%. Соответственно его хватает на 5 часов
Во первых понравился дизайн телефона, выглядит стильно и дорого. Фото четкие и насыщенные. Так же есть блокировка по отпечатку пальцев так же по Face ID. Очень понравилось что есть функция быстрого заряда.",otzovik.com,otzovik.com,4.0,2021-07-23,https://www.otzovik.com/review_12209062.html,positive
"Достоинства: Дисплей Камера Батарея Удобство
Недостатки: Не самый лучший процессор Ценс
а51 телефон который я полюбил со взгляда ! У него хорошая камера со множествами возможностями. Хороший дисплей, средний процессор, обновляется на новые версии андроид. Он удобен в пользовании, размер универсальный подходящий для разных людей .",otzovik.com,otzovik.com,5.0,2021-07-22,https://www.otzovik.com/review_12205284.html,positive
"Достоинства: Камера
Недостатки: Тормознутость, неустойчивость поддержания связи
Пользуюсь телефоном Самсунг А51 полмесяца, раньше был Сяоми 8 лайт (сейчас это глубоко устаревшая на рынке смартфонов модель...). В сравнении со старым сяоми этот самсунг просто флегма и тормоз ... плюс еще плохо держит сеть, как просто мобильную связь, так и доступ в интернет. Звук во время разговора слабый, хотя выставлен на максимальную громкость. Много и других неприятных моментов, но к ним, наверное, можно привыкнуть, или как-то их обходить... а основные функции телефона будут напоминать о себе всякий раз... Разблокировка отпечатком пальца срабатывает редко, папилярные линии не воспринимаются... Из положительного-только камера лучше... но в моем понимании это же телефон, а не фотоаппарат... зря потраченные деньги... больше смартфоны самсунг для меня не существуют, по крайней мере, такого класса. За такую цену модели сяоми гораздо лучше. Никому не рекомендую, кто хочет иметь шустренький аппарат и качественное подключение к услугам мобильных операторов.",otzovik.com,otzovik.com,1.0,2021-07-02,https://www.otzovik.com/review_12124180.html,negative
"Достоинства: хорошая камера, быстродействие, удобное расположение отпечатка пальца!
Недостатки: не большой обьем аккумулятора!
Доброго времени суток, хотел вам рассказать о смартфоне Galaxy A51, данным гаджетом пользуюсь около года, при покупке хотел от телефона быстродействия, хорошей камеры и обьемной памяти, в данном смартфоне есть все! качество фото получаются отличные, очень много настроек камеры, приложения игры и приложения работают отлично, зависаний нет, за свои деньги он отлично справляется с функциями для тех кто любит по играть, или по снимать видео в хорошем качестве! единственный минус это аккумулятор, при хорошей нагрузке на телефон, его может не хватить и на день, но это компенсируется быстродействием, и да, мне понравилось где установили отпечаток пальца, очень удобно в сравнении с китайскими телефонами, или к примеру Galaxy A12! если вы хотите приобрести не дорогой и качественный телефон с хорошим функционалом, эта модель то что вам нужно!",otzovik.com,otzovik.com,4.0,2021-06-28,https://www.otzovik.com/review_12108368.html,positive
"Достоинства: Задний камера очень хорошо снимает быстро заряжается заряд на долго хватает.
Недостатки: Минусов нет ставлю 5
Телефон удобный и очень хороший, пользуюсь уже как год без нареканий не глючит, не гонит. Заряда хватает на целый день с использованием программ. Есть нфс, 2-х сим. Ставлю 5 звезды",otzovik.com,otzovik.com,5.0,2021-06-25,https://www.otzovik.com/review_12096757.html,positive
"Достоинства: Удобный, красивый,неплохая камера,хороший звук без хрипов на максимальной громкости,достаточно быстрый, поддерживает многие приложения, есть быстрая зарядка, что очень удобно
Недостатки: Плохо держит зарядку,видимо на такой мощный телефон слишком маленький объем батареи,плохая стабилизация камеры,не очень хорошо фотографирует в темноте
Хороший телефон, пользуюсь им уже чуть больше года. Достаточно неплохая камера, громкость хорошая. пока что всё работает без нареканий. красивый дизайн и не грамоздкий",otzovik.com,otzovik.com,4.0,2021-06-12,https://www.otzovik.com/review_12046384.html,positive
"Достоинства: Камера, аккумулятор, дисплей, внешний вид.
Недостатки: Расблокировка по лицу при слабом освещении не всегда срабатывает.
За год пользования ни разу не подвёл. Самые современные игры работают без тормозов и лагов. Очень чёткий и яркий дисплей. Аккумулятор держит довольно долго, и 5% это ещё не критично, как у большенства других смартфонов. Камера просто супер. Снимает очень чётко и деталезированно. В целом чёткая труба. Всем советую, стоит своих денег.",otzovik.com,otzovik.com,5.0,2021-06-08,https://www.otzovik.com/review_12027222.html,positive
"Достоинства: Яркий и насыщенный экран
Недостатки: Не надежный
Телефон был приобретен в феврале 2020. Модель чёрного цвета на 128 Гб. Первое время довольно неплохо справлялся с задачами. Особенно радовал яркий дисплей и хороший функционал телефона. При заполнении памяти на 30 процентов, скорость работы заметно уменьшилась. Добавлю про камеру-4 камеры ничто иное как маркетинг, качество съёмки плохое. В июне 2021 телефон завис на экране заставки андроид и больше не включился. Диагностика в сервисном центре показала, что сгорела плата, новая обойдется в 15 тысяч. Телефон использовался аккуратно, ни разу не падал, не тонул. Менее чем за полтора года, то есть практически после окончания гарантии, телефон стал не пригодным. Не рекомендую к покупке.",otzovik.com,otzovik.com,1.0,2021-06-03,https://www.otzovik.com/review_12010752.html,negative
"Достоинства: Хорошая камера, мощный заряд батареи.
Недостатки: Порой немного пропадает звук. Но не критично
купила данный смартфон Samsung Galaxy А51 в белом цвете, ровно год назад. Пользуюсь им активно и могу сказать, что телефон стоит своих денег. Хорошая камера, делает отличные снимки! Крутое качество съемки. Я покупала на 128gb. Память очень большая, еще за год не заполнилась, несмотря на то что телефону год и хозяин представительница женского пола, и на телефоне больше 5 тысяч фотографий. Также стоит похвалить обширный выбор чехлов на данную модель, проблем с поиском нужного чехла не будет. Звук на телефоне чистый и громкий. Ставлю телефону 10 из 10. Зарядки хватает на целый день.",otzovik.com,otzovik.com,5.0,2021-01-30,https://www.otzovik.com/review_11990573.html,positive
"Достоинства: Быстро работает, долговечный, нормально держит заряд
Недостатки: Хромает макросъёмка, иногда нагревается
В прошлом июне купила эту модель, давно хотела самсунг и почти не разочаровалась. Приобрела версию с 64 гб. За год пользования места почти не осталось, но если почистить старые приложения, думаю, ещё на год хватит) Если работаю с телефона, то уверена, что часов на восемь заряда хватит. А так, если пользоваться умеренно, двое суток без подзарядки - идеально. Насчёт процессора – телефон летает, редко когда тормозит (если одновременно открою больше 15-20 приложений). Неубиваемый (по крайней мере у меня). Другие смартфоны быстро, к сожалению, выходили из строя (я не криворучка, но во сне всё время телефоны с кровати сбрасываю, и они бьются), а этот самсунг уже раз двести поцеловался с асфальтом, но кроме защитного стекла никто и ничто не пострадало. Немного не разобралась с камерой. Тут их четыре, на несколько видов сьёмки, но почему-то макросъёмка у меня ужасно получается. Или дефект в самой камере или нужно что-то настраивать, но после нескольких часов в настройках камеры качество не улучшилось, страдает фокус. Один раз была проблема с разъёмом для наушников. Телефон начал чудить, когда вставляла наушники в разъём, слушала музыку, а потом их вынимала, то звук на телефоне пропадал. Вообще. После перезагрузки через раз это проблема исчезала. Залезла в панике в Интернет, почитала отзывы о проблеме, в итоге ничего путного не нашла. Расстроилась, что нужно нести телефон в сервис-центр, но через день всё само собой прошло. Возможно, в разъём попала вода, но я не помню, чтобы телефон лежал рядом с ней. В последнее время телефон немного нагревается, когда смотрю сериалы или играю больше двух часов, а сам самсунг на зарядке. Немного неприятные ощущения, если держать телефон в руках. Раньше такого не было.",otzovik.com,otzovik.com,5.0,2021-01-17,https://www.otzovik.com/review_11936068.html,positive
"Достоинства: Функциональный, удобный, стильный.
Недостатки: Минусов пока не встречали.
Доброго времени суток! Хочу рассказать немного о смартфоне... Муж давно хотел новый телефон, так как старому было уже лет пять. К слову старый тоже был самсунг. В общем выбор у меня был, между а50 и а51, отличия у них не значительные, как и цена. Остановила я свой выбор на а51 и ничуточки не жалею об этом. Муж в восторге был, доволен. Памяти предостаточно, связь отличная, камера хорошая, изображение вообще огонь, безопасность на высшем уровне. Не убиваемый, поверьте, знаю о чем говорю, очень часто трехлетний ребенок с ним и он часто падает. Как итог, считаю, что это очень хороший телефон и по цене и по качеству. Муж с ним уже полтлра года и на замену не намекает. Рекомендую!!!",otzovik.com,otzovik.com,5.0,2021-01-07,https://www.otzovik.com/review_11893902.html,positive
"Достоинства: Может и есть, но минусы их преобладают
Недостатки: Лагает ужасно, камера не соответствует действительности
С каждым новым обновлением, телефон начинал тупить. В результате после последнего обновления, слетела прошивка. Приобритали одновременно 2 телефона, с одним из которых произошла эта проблема, второй просто тупит. Одним словом ""г..."". Пришлось разочароваться в данной марке. На будущее не допущу и мысли о приобретении что-то из этогр",otzovik.com,otzovik.com,2.0,2021-04-19,https://www.otzovik.com/review_11814121.html,negative
"Достоинства: Камера Интерфейс Дизайн Функционал Батарея
Недостатки: Не вариант для тех,кто рассматривает смартфон в качестве игровой платформы на высоких настройках графики
Начну с того, что касательно этой модели в моем случае были сомнения, ибо начитавшись различных отзывов мне стало казаться, что смартфон будет сильно разочаровывать своей производительностью, камерой и остальными деталями. Но, к счастью, смартфон отлично справляется со своей задачей. Камера, внешний вид, приятный дисплей и интерфейс, вполне выносливая батарея и общий функционал делают данную модель смартфоном, которым удобно и приятно пользоваться! Вы легко можете рассмотреть данную модель в качестве бюджетного выбора, который сполна удовлетворит ваши потребности. Но, есть и минусы. Например: скан отпечатка пальца для разблокирования экрана. Бывает такое, что скан не может правильно просканировать палец, из за чего вам придется вводить пароль ( дабы разблокировать экран) . И если вашей задачей является мобильный гейминг, то советую рассмотреть другие варианты, и это не потому, что данный смартфон не показывает нужных результатов ( В условном COD MOBILE вы легко сможете играть на средних, без каких либо просадок), а то, что в данном ценовом сегменте все таки можно рассмотреть варианты с более производительным процессором, чем у а51",otzovik.com,otzovik.com,4.0,2021-03-30,https://www.otzovik.com/review_11713714.html,positive
"Достоинства: Обычный смартфон
Недостатки: Связь и инет на троечку.
Год назад по рекомендации друзей приобрёл сей аппарат. Смартфон рабочий, часто бываю в командировках поэтому минусы выявились сразу. В то время как мои коллеги болтали с семьёй по ватсап, я даже в контакт не мог зайти. Плюсом ко всему зачастую вызовы тупо не проходят (входящие и исходящие). Позже начались проблемы с поворотом экрана, стал путать горизонтально и вертикаль ( после перезагрузки все норм). Может смартфон и не плохой, но это явно не рабочая лошадка. Единственный телефон который продержался три года это кнопочный, остальные либо глючить начинают, либо аккумулятор не держит.",otzovik.com,otzovik.com,3.0,2021-03-23,https://www.otzovik.com/review_11678298.html,neutral
"Достоинства: Камер 4. Экран большой
Недостатки: Ну у всех самсунгов одна проблема. Если роняешь телефон на кафель, то сразу ломается матрица. Но кому как повезёт.
Я советую его купить. На этом телефоне камер 4 и снимают они очень круто. Покупайте на 128 гб на долго хватит. Я ещё хочу сказать что на этом телефоне экран огромный, мне прям нравится когда на телефонах экраны огромные, это большой плюс, т. к. лучше видно. Если бабушке купить и у неё плохое зрение, то она будет лучше видеть на большом экране, чем на маленьком. Ну чисто это моё мнение.",otzovik.com,otzovik.com,5.0,2021-03-11,https://www.otzovik.com/review_11614904.html,positive
"Достоинства: дизайн, долговечность, память
Недостатки: без чехла неудобно держать в руках
Вполне оправданные затраты, если собираетесь приобрести смартфон компании Samsung данной линейки. В общих чертах могу сказать, что разрешение и качество картинки дисплея позволяет полностью погрузить в атмосферу игры, книги или видео. Сочные и живые цвета. После использования года с небольшим могу с уверенностью сказать, что держит зарядку 2-3 часа в зависимости от деятельности работы, а память позволить вам почти(?) до бесконечности загружать вам нужные программы. Сенсор работает исправно и поспевает за вашими действиями и грубо говоря мыслями. Если увлекаетесь прокачками своего телефона, то А51 порадует вас огромным выбором апгрейдов. Так же немного уделю вниманию слегка футуристичному дизайну с белом и чёрном цвете голлограмы задней панели и безрамочному экрану. Весь текст основан лишь на моём опыте и проведенном времени с данной моделью.",otzovik.com,otzovik.com,5.0,2021-03-08,https://www.otzovik.com/review_11594705.html,positive
"Достоинства: Цена,дизайн
Недостатки: Камера
Пару лет ходила с honorom 10 lite, затем муж подарил samsung a 51, в целом неплохой телефон, очень красивый корпус, громкость хорошая, шустренький. Экран большой, много всяких разных функций. Ну и цена не такая кусачая 20 000т. Но есть один большой минус, это фотоаппарат, там я привыкла к резвому хонору, что самсунга камера прям выбешивает, можно пять раз жать на сфотографировать и с пятого раза он только сообразит сфоткать, у меня маленький ребенок и нужно поймать момент, но с самсунгом это прям беда. Очень тупит камера! Из-за этого огромгый жирный минус ему!",otzovik.com,otzovik.com,4.0,2021-02-21,https://www.otzovik.com/review_11515070.html,positive
"Достоинства: -цена -батарея -камера
Недостатки: -нет
Доброго времени суток, посетители сайта. Скажу сразу, если у вас возникли некоторые сомнения по поводу покупки смартфона, отбросьте их! Возможно, я сейчас звучу, как пиарщик, но это не так. На собственном опыте могу сказать, что этот телефон достойный. Памяти (64 гб) с головой хватает на всё: скачиваю фильмы в дорогу, игры, песня, книги и др. Что касается внешнего вида. В руке девайс выглядит аккуратно. (у меня в белом цвете) Батарея хорошая. Зарядка быстрая. КАМЕРА!!! Это просто чудо. Имеется много разных режимов.",otzovik.com,otzovik.com,5.0,2021-02-21,https://www.otzovik.com/review_11513944.html,positive
"Достоинства: Долго держит заряд Быстро заряжает Крутая камера
Недостатки: Пока не обнаружила
Купила этот телефон ещё в январе 2020г уж очень понравилась форма и содержание. Ну как купила, взяла в рассрочку, одобрил только 1 банк, но с условием страховки. Страховка на 2 года но и сумма в итоге вышла 27300 вместо 19990. Сначала расстроилась, но телефон спустя год показывает только хорошую работу Тьфу тьфу тьфу. Муж уже за это время сменил 2 телефона. Либо я такая аккуратная, хотя у меня ребёнок часто кидает мой телефон, льет на него воду, и все отлично тьфу тьфу тьфу Крутая камера, зарядку спустя гооод держит отлично, долго, заряжается быстро. В общем, всем советую, телефон мощь! А ещё всякие обновления, я до конца не разобралась в этих наворотах) от этого ещё интереснее что-то меня такой классный телефон",otzovik.com,otzovik.com,5.0,2021-02-11,https://www.otzovik.com/review_11451712.html,positive
"Достоинства: Один минус,в остальном все устраивает
Недостатки: Быстро разряжается
Пользуюсь телефоном с ноября 2020 года. Работает супер, единственный минус батарея быстро разряжается. Очень быстрый, отзывчивый, отлично работают все программы. Про качество фото, это конечно отдельный разговор. Фото получаются, ну просто бомба, очень красивые цветовые гаммы, яркие. Довольна на 200%",otzovik.com,otzovik.com,5.0,2021-02-10,https://www.otzovik.com/review_11448537.html,positive
"Достоинства: Экран суперамолет, очень яркий. Батарея, хорошо держит заряд. Камера, отличные фото,несколько режимов съёмки. 2 слота для сим и 1 слот для карты памяти!
Недостатки: При использовании данного устройства недостатков не было выявлено.
Приобретен данный аппарат в мае 2020 года. Стильный дизайн, мощная батарея и просто великолепная камера! Несколько режимов съёмки, что позволяет делать крутые фото) Производитель заявляет о суперпрочном экране суперамолет. И что могу сказать, он реально не только прочный и очень яркий, но и за несколько месяцев использования на нем нет ни одной царапины, учитывая тот факт, что он совершенно без защиты) Данный аппарат имеет 128гб своей памяти, чего более чем достаточно! Кроме того в нем имеется два слота для сим карт и отдельно слот под флеш карту Micro usb. Почти за год использования не лагает и не виснет.",otzovik.com,otzovik.com,5.0,2021-02-10,https://www.otzovik.com/review_11445694.html,positive
"Достоинства: дисплей, камера
Недостатки: отпечаток пальца, крышка
В компант входят наушники, зарядка, блок. Очень прикольный дизайн задней крышки. Смотрится интересно. Крышка смартфона очень быстро царапается. Для меня это минус, ведь я не привыкла ходить с чехлом, но теперь приходится. Да даже он иногда не спасает, ведь под него может залететь какая-нибудь пищинка. Телефон работает стабильно и каких-то проблем с дисплеем не возникало. Отпечаток пальца часто приходится использовать повторно, ведь считывает он не сразу. Это я отнесу к минусам, ведь чаще всего мы пользуемся им для экономии времени. Камера очень классная и минусов я не обнаружила. Очень нравится. Встроенной памяти мне вполне хватает. Даже не пришлось покупать карту памяти. Громкость смартфона хорошая. В принципе, меня устраивает.",otzovik.com,otzovik.com,4.0,2021-02-05,https://www.otzovik.com/review_11420047.html,positive
"Достоинства: большой экран, много памяти, удобный
Недостатки: прослужил недолго
Пользовалась почти год, через пол гола стали появляться странные жужащие звуки при смс, не придавала значения, сейчас жалею, через 9 месяцев ставлю на зарядку просыпаюсь а он горит на экране включения, думала прошить поможет, но в итоге все это оказалось бесполезным занятием. Мой телефон не подлежит восстановлению.",otzovik.com,otzovik.com,3.0,2021-02-02,https://www.otzovik.com/review_11401449.html,neutral
"Достоинства: Долго держит заряд, много памяти, хорошая камера и встроенный редактор
Недостатки: Иногда на фото текст получается расплывчатый
До этого я много лет ходила с другой моделью но месяцев 6 назад купила эту и не пожалела, прекрасно работает не лагает, камера хорошая, память 64 гб, 4 камеры +фронтальная, аккумулятор 4000мА+быстрая зарядка, держится целый день при активном пользовании, сканер отпечатка пальца на экране работает хорошо, распознавание лица тоже, в комплекте наушники и зарядное устройство, телефон с 2 сим картами+флешка",otzovik.com,otzovik.com,5.0,2021-01-22,https://www.otzovik.com/review_11335351.html,positive
"Достоинства: не успел обнаружить
Недостатки: Сервисное обслуживание у компании отвратительное,
30.12.2020 мною было приобретено устройство Samsung A51. Через некоторое время экран устройства перестал работать. Поступали все оповещения и звонки, но дисплей оставался чёрным. Неисправность была обнаружена в ночь 17.01.2021. Устройство эксплуатировалось бережно, в рамках правил установленных компанией Sangmsung. 18.01.2021 устройство было сдано для гарантийного обслуживания в АСЦ. В ходе осмотр под микроскопом был обнаружен скол рамки экрана, не делая ни какой экспертизы и не выясняя причины поломки телефона мне было отказано в гарантийном ремонте только из за скола. На просьбу провести всесторонние обследование телефона и причин возникновения этого скола мне было отказано, так как с первого дня на телефон был одет бампер то и скол может быть и заводским дефектом так как на корпусе и экране нет ни каких повреждений. 12.02 Я все токи решил по бороться с компанией Sangmsung сдал телефон на независимую экспертизу, сегодня пришло заключение: производственный драк. На следующей неделе буду подавать до судебную претензию, посмотри что ответят.",otzovik.com,otzovik.com,2.0,2021-01-20,https://www.otzovik.com/review_11322439.html,negative
"Достоинства: Память,камера,зарядка
Недостатки: Пока нету минусов
Нереально красивый! Бирюзового цвета. Выбирала между А71 и А51. Остановилась на А51. Достойное качество и приемлемая цена. Со старого самсунга в течении часа всё перекинула на новый. Летает... йехууу. Аж из рук не хочется выпускать. Быстрый, отличная камера, ёмкий аакумулятор, face id, внутренняя память",otzovik.com,otzovik.com,5.0,2021-01-16,https://www.otzovik.com/review_11293590.html,positive
"Достоинства: Батарея Быстрая зарядка Красивый внешний вид Отличная широкоугольная камера Стильный Удобный интерфейс пользователя Экран
Недостатки: Быстродействие системы, иногда подглючивает
Пользуюсь им уже 7 месяцев, в этом телефоне просто море всяких интересностей, просто огроменное количество возможностей подстроить его под себя и получить идеальный смартфон. Красиво смотрится в руках и очень удобный. Минимальные рамки на экране, вырез селфи камеры, сканер отпечатка пальца под экраном - все это смотрится очень круто. Телефон отлично собран, ничего не люфтит и не скрипит, в добавок очень тонкий и с небольшим весом. Материал качественный. Дисплей однозначно 5/5, цвета яркие, насыщенные. Про производительность, в игры я особо не играю, телефон использую для соц. сетей, просмотра фильмов и ютуба. Камера просто бомба. В солнечный день фотографии получаются просто шедевральные. Есть макросъемка. Макросъемка, которая действительно справляется со своей задачей. Есть возможность размытия фона, а потом на этих фотках можно уменьшать или увеличивать степень размытости, делать эту часть черно-белой, в то время как объект останется в цвете и другие прикольные фишки. Также имеется быстрая зарядка. По итогу, телефон мне очень понравился, претензий к нему у меня нет, очень красивый внешний вид, много различных настроек для того чтобы настроить телефон под себя, отличная камера, все работает прекрасно. Он реально крут и стоит своих денег!",otzovik.com,otzovik.com,5.0,2021-01-16,https://www.otzovik.com/review_11292343.html,positive
"Достоинства: 64 гб встроенной памяти и 4 гб ОЗУ. Хорошая безопасность
Недостатки: Не хватает встроенных приложений, некоторые фотографии могут не открываться.
Телефон купили 3-4 месяца назад. Держит заряд сутки спокойно, в спокойном режиме может и больше. 64 гб встроенной памяти и 4 гб ОЗУ. Хорошо настраемая безопасность, имеется отпечаток пальца на самом экране, что очень удобно. Большой и лёгкий, быстро заряжается. За свою 15 тысяч работает отлино.",otzovik.com,otzovik.com,5.0,2021-01-14,https://www.otzovik.com/review_11283495.html,positive
"Достоинства: Шустрый, приятный на вид, отличный дисплей
Недостатки: Корпус очень маркий. батарея,
Владельцем данного аппарата я являюсь уже более года, что могу сказать: телефон очень хороший, достаточно шустрый как в интернете так и в соц сетях. Приятный экран и сильно удивило качество звука, оно просто отличное как в разговорном динамике так и в музыкальном. Для себя нашел только пару минусов - это очень маркий корпус. Пользование без чехла не рекомендую, а так же емкость батареи оставляет желать лучшего.",otzovik.com,otzovik.com,4.0,2021-01-14,https://www.otzovik.com/review_11283308.html,positive
"Достоинства: Экран, аккуратный вырез под фронтальную камеру, стиль телефона потрясающий,
Недостатки: Батарейка быстро садится, при входящем вызове иногда не высвечивается кто звонит.
Вроде не плохой аппарат по совокупности всех своих особенностей, пользоваться им можно. Сканер отпечатков пальцев работает хорошо. Формат экрана на высшем уровне. Камера хорошая, фоткает чётко. Приложения поддерживает хорошо. В игры играть вообще супер.",otzovik.com,otzovik.com,4.0,2021-01-12,https://www.otzovik.com/review_11266094.html,positive
"Достоинства: Хороший экран Автономность
Недостатки: Камера Корпус
Не так давно решил обновить свой старый сяоми редми ноут 7 на какой нибудь телефон новее. После долгих просмотров на Ютуб в этой ценовой категории мне приглянулся самсунг. Сначала хотелось бы отметить его плюс. 1. Это экран хорошая яркость и чёткость экрана но увы 60 герц всего. В общем на этом все и заканчивается в остальном одни минусы. Хотелось бы отметить что камеры у этого телефона очень плохие камеры для такого ценового сегмента. Нет возможности партретной съёмки. Фронтальная камера так себе в плохом освещении лучше не фотографироваться. Задняя крышка не пойми из чего сделана. Если вам нужен яркий экран то этот телефон вам понравится. В остальных случаях в этом ценовом сегменте а он стоил в декабре 5 числа 2020 года 25 тысяч это самое худшее предложение.",otzovik.com,otzovik.com,2.0,2021-01-10,https://www.otzovik.com/review_11254150.html,negative
"Достоинства: Батарея, дизайн, производительность
Недостатки: Камера
После пары недель пользования данным смартфоном могу написать о нем следующее. Телефон впечатлил меня своей емкостью батареи, высокой производительность, и отличным дизайном! Так же стоит отметить что данный смартфон подходит как для серфинга интернет просторов, так же и для гейминга в различные игры. В телефоне высокая производительность, что делает его отличным вариантом среди своих конкурентов на рынке смартфонов, ведь мало смартфонов по такой цене могут похвастаться 8 ядерным процессором. Так же при просмотре фото-видео, прослушивания музыки, и игре. При игре телефон не нагревается, что является отличным плюсом для него. Минусом считаю его камеру, которая плоха для 64 мегапикселей, имеет лаги и не имеет портретного режима.",otzovik.com,otzovik.com,5.0,2021-01-09,https://www.otzovik.com/review_11252687.html,positive
"Достоинства: Все супер
Недостатки: Камера
Всем здравствуйте. Плюсов этого смартфона гораздо больше, чем минусов. Ну во первых этот телефон сам по себе красивый и удобный. Он держит долго заряд(часа 3-4 если пользоваться активно). И заряжается за час до 100%. По цене супер. Покупала за 23к на 128ГБ. Очень функциональный, удобный, большой, красивый и на долго хватает. Всем советую. По минусам-мне как девочке важно качество камеры, а оно тут ужасное. Единственный минус.",otzovik.com,otzovik.com,4.0,2021-01-08,https://www.otzovik.com/review_11244047.html,positive
"Достоинства: Есть функция уменьшения экрана,для использования одной рукой.
Недостатки: Нет
Этот телефон мне муж подарил на этот Новый год, за столь короткий период, я поняла, что он просто супер. Большой экран, звук и громкость- просто огонькамера вообще класс, не на много хуже профессиональных фотоаппаратов. У меня с моей работой очень много нужно приложений установить, благодаря такой большой памяти 128 гигабайт я могу себе позволить работать с удовольствием и не беспокоится о нехватке памяти. Ещё огромный плюс телефона, что в нем есть детский режим и ребёнок из него не выйдет пока родитель не введет пароль или отпечаток. Очень удобно, что есть 2 сим карты. Советую этот товар другим, купите не пожалеете.",otzovik.com,otzovik.com,5.0,2021-01-07,https://www.otzovik.com/review_11241916.html,positive
"Достоинства: Камера, батарея, насыщенный дисплей, качество, вес, скорость работы, вид
Недостатки: Да не нашёл я их, ну эт ж Samsung
Доброго времени суток. Хочу поделится своим отзовём о Samsung galaxi a51. Начну с банального что и так все знают но я уверен хотят услышать ещё раз. КАЧЕСТВО, когда держишь его в руке с закрытыми глазами понимаешь, о да это сямсюнг, примечательно то что телефон лёгкий, изящный, модный, крутой, классный, сасный. Но эт оставим позади. Теперь советую сделать серьёзное лицо, приготовится к следующей важной информации! Спина прямая, если вы сидите ноги выгнуты в коленях, и так поехали. Крутая Камера, точнее их 4, и это не просто Камера, а камера от Samsung, что без шуток делает качество снимков и видео реально крутым, детализация, светопередача, пиксили, зум, всё на высоте. По поводу оперативной памяти, многие кстати смотрят сначала на внутреннюю память (это например 32,64,128-ого) но не, эта память оперативная. Не смотря на то что объём не самый на сегодняшний день большой, за такую сумму можно найти где объём будет больше, этой оперативной памяти хватает на всё, опять же это Samsung. Ну че, в общем то обо всё важном усё. Кратко плюсы, минусы, а также оценка от самого меня (шутка) просто от простого меня, читайте выше",otzovik.com,otzovik.com,5.0,2021-01-07,https://www.otzovik.com/review_11240713.html,positive
"Достоинства: Появилась эджей панель в которой спрятано много функций,снимок экрана можно сделать проведя ладонью по экрану,снимок селфи можно сделать показав ладошку
Недостатки: Маркая задняя крышка,спустя время и загрузок стал работать медленее.
Телефон хорошо собран, тонкий и имеет небольшой вес. Материал-пластик. Меня это не смущает. Цвет корпуса переливается и играет. Сканер отпечатка встроен в экран и это отличное решение. Есть функция распознования лица. аккумулятор 4000mA. Зарядки хватает на один день активного пользования. К плюсам так же отнесу наличие быстрой зарядки. Телефон поддерживает NFC. Порадовало качество и громкость динамика. Звук достаточно громкий при просмотре видео и ауди звука",otzovik.com,otzovik.com,4.0,2021-01-05,https://www.otzovik.com/review_11226376.html,positive
"Достоинства: Дисплей. Производительность. Камеры. Разблокировка по лицу. Автономность
Недостатки: Пока нет
Прошло пол года с покупки. Телефоном доволен как слон. За это время вышло три новых обновления прошивки. Пофиксили все проблемы. Датчик отпечатка работает хорошо. По лицу-нареканий нет, только вытаскиваешь из кармана, поднимаешь на уровне глаз-открывает моментально. Аккумулятор емкости не потерял, дисплей не выгорел. Работаю таксистом, нагрузка на тело сами понимаете какое. Вообщем все в порядке.",otzovik.com,otzovik.com,5.0,2021-01-04,https://www.otzovik.com/review_11224695.html,positive
"Достоинства: Быстрая зарядка, качество фотографий, насыщенный экран
Недостатки: Нет претензий к данной фирме и к данной марке этого телефона
Хороший и качественный продукт по моему мнению. Фирма Samsung как всегда на высшем уровне. Samsung пользуюсь уже много лет и никаких проблем не имею. Большой, яркий экран, хорошее качество фотографий, а ещё быстрая зарядка! Многофункциональный телефон!",otzovik.com,otzovik.com,5.0,2021-01-04,https://www.otzovik.com/review_11221347.html,positive
"Достоинства: Хорошая камера заднего вида
Недостатки: Слабоватая передняя камера
Телефон очень удобный в пользовании, хорошая камера передняя и задняя, качественные красивые фотографии, объем памяти достаточный, оправдал все ожидания, хороший вариант для покупки.",otzovik.com,otzovik.com,5.0,2021-01-03,https://www.otzovik.com/review_11216302.html,positive
"Достоинства: Камера Экран Системник Память
Недостатки: Большоват
Телефон прост в использовании, удобен и понятен. Отпечаток пальца реагирует хорошо. Камера чёткая, стабилизация хорошая. Широкоугольная съемка чёткая, яркая. Батарею на играх держит хорошо. Тянет почти все игры, на очень требовательных немного греется. Связь хорошая, четко слышно собеседника. На открытии нескольких приложений не виснет. Tянет такие игры, как PUBG, Call of Duty, GTA:SA Стоит не забывать и про программное обеспечение, в телефоне стоит game launcher, в котором храниться все ваши игры, и там показываться общее время (так можно узнать точное количество наигранных часов) телефон греется очень медленно, что позволяет использовать его на полную в течение нескольких часов, в играх",otzovik.com,otzovik.com,5.0,2020-12-27,https://www.otzovik.com/review_11187015.html,positive
"Достоинства: Хорошая камера много памяти
Недостатки: Нету
Несколько дешёвая комплектация. Доброго времени суток уважаемые авторы и гости сайта! Сегодня расскажу Вам о своём новом телефоне. Но, так как я люблю всё расставлять по пунктам, то начну в том же порядке, в котором описываю телефоны. 1. Упаковка не оставила меня равнодушным, напротив, очень даже расстроила. Я понимаю, что серия А не является топовой, но нельзя же так пренебрежительно относиться к клиентам. Сегодня купил А, а завтра S, но если человек купил гаджет от Самсунг впервые и напал на такое отношение, вряд ли он захочет покупать потом ещё что либо. Теперь подробнее. В предыдущем отзыве я описывал модель Galaxy S7, ту коробочку было приятно держать в руках и если честно, я оставил её себе и держу в ней всякие мелочи типа наушников и так далее. Эту же стоит хранить только ради гарантии. Даже на фото видно, из какой бумаги она сделана. Ну да ладно, коробка не самое главное!)",otzovik.com,otzovik.com,5.0,2020-12-20,https://www.otzovik.com/review_11152610.html,positive
"Достоинства: Ценовая категория, чёткие снимки, красивый цвет корпуса, модуль nfc, достаточный объем памяти
Недостатки: Не обнаружила
Летом 2020 я приобрела себе новый смартфон Samsung Galaxy A51 и это была самая удачная покупка мною телефона. Аппарат очень шустрый, работает очень быстро и не подвисает, учитывая тот факт, что приложений я установила достаточно много. Порадовала камера и чёткость снимков. Смартфон очень яркий, что для меня весьма важно. Удобно держать в руке. Радует также наличие NFC и возможность привязать банковскую карту мир через Samsung Pay. В целом нет ни одного замечания к данной модели. Всем советую к покупке!",otzovik.com,otzovik.com,5.0,2020-12-17,https://www.otzovik.com/review_11137765.html,positive
"Достоинства: Большой обьем оперативной памяти, и обычной памяти. Очень хорошая камера.
Недостатки: Небольшой нагрев
6гб оперативной памяти! Смартфон будет работать как никогда! 128гб памяти, сможете делать столько фотографий, сколько захотите! Потрясающий экран, рамки узкие и тонкие, для тех кто снимает влоги и видео самый раз! Батареи хватает смело на 1,5 дня, единственный минус - очень быстрый нагрев, но это быстро уходит, сам смартфон мне понравился пользуюсь уже 2 месяца.",otzovik.com,otzovik.com,5.0,2020-12-17,https://www.otzovik.com/review_11132914.html,positive
"Достоинства: Качество ,камера ,дисплей , дизайн
Недостатки: Нету
Покупали сыну Samsung Galaxy A21, остались от него восторге. Очень хороший смартфон. Удобный, огромный без рамочный экран, дизайн телефона произошел все ожидания, в коробке ещё шел силиконовый чехол, что очень и порадовало. Камера отличного качества, наверное даже лучше чем в iphona. Снимки четкие. Акамулятор держит очень долго, наверное где-то троп суток свободного пользования телефон, что ребенок ещё не выпускает с рук до вечера. Качество телефона очень радует.",otzovik.com,otzovik.com,5.0,2020-12-17,https://www.otzovik.com/review_11131828.html,positive
"Достоинства: NFC, экран, цена, быстрая зарядка , 4 камеры
Недостатки: Слабовата батарея, греется при играх, на морозе подвисает
Для своей цены вполне приемлемый аппарат. Стильный дизайн, не глючит, не зависает. Датчик отпечатка пальца не всегда срабатывает с первого раза, особенно если руки мокрые. Отпечаток - это беда всей серии samsung A. NFC работает отлично, срабатывает быстро. SuperAmoled просто радует, при ярком солнце всп прекрасно видно на экране. Батарею держит день, если не играть в игры. Камеру для таких разрешений хотелось бы лучшего качества, радует только угол обзора в 123. Приобрела его месяцев 5 назад, после xiaomi 5plus, это прям небо и земля в первый месяц, на третьем месяце использования уже мало тех характеристик, хочется мощнее.",otzovik.com,otzovik.com,4.0,2020-12-11,https://www.otzovik.com/review_11100310.html,positive
"Достоинства: Уже не вижу
Недостатки: Много минусов. Чем дальше тем страшнее
Телефон мне подарили. Фото конечно яркие, памяти много. Пользуюсь четыре месяца, всё работает. Очень много функций, есть такие до которых ещё не добралась. По интернету летает. Сейчас актуально мерить шаги, давление, пульс. Это приложение уже находится в телефоне, ничего скачивать не нужно. Единственное- не срабатывает с первого раза отпечаток пальца, и камера не фокусирует предмет при близости. В остальном, очень даже ничего. Хочу дополнить отзыв, пошёл пятый месяц пользования, перестаёт держать батарею, дозвон со второго звонка, с первого даже гудка нет. Приложения пока работают нормально. Посмотрим что будет дальше. Дополняю свой отзыв. Через 7 месяцев пользования начал глючить не слабо. Зависает, камера фотографии не сохраняет, приходится перезагружать постоянно. Бывает виснет клавиатура, особо видно на отзовике, комментарии не напишешь. Интернет на нём стал плохо работать, пишет нет соединения, хотя значок 4G есть. Телефон не для длительного пользования. Не падал, не тонул, бережное отношение.",otzovik.com,otzovik.com,3.0,2020-12-11,https://www.otzovik.com/review_11099041.html,neutral
"Достоинства: Сочные цвета. Отпечаток пальца работает отлично. Хорошая камера. Дизайн. Мощная батарея. Фотографии получаются отличные! Тоненький
Недостатки: Блютуз соединение. Периодически возникают проблемы с просмотром видео. Отпечаток пальца на морозе плохо срабатывает. Распознавание лица
Телефон отличный. Купили пол года назад, работает, ещё не сломался. Очень стильный, хорошее качество. Много памяти, мощная батарея. Рекомендую покупку этого телефона",otzovik.com,otzovik.com,4.0,2020-12-10,https://www.otzovik.com/review_11091319.html,positive
"Достоинства: Отличные технические характеристики, 4 камеры, большая память, большой объём батареи. Быстрая зарядка. Яркая и насыщенная картинка. Энергосбережение, биометрия и безопасность, система NFC, BIXBY, искусственный интеллект AI
Недостатки: Дешёвая комплектация.Так же цена и пластиковый корпус
Я хотела сменить свой старый телефон Samsung Galaxy J4. Пошла в магазин и увидела не очень приятные цены. Я расчитывала на конкретную сумму около 10-17 тысяч рублей. В магазине же он стоил 25 с копейками тысяч. Честно такая цена меня не устроила. Начала смотреть на разных сайтах и наконец-то нашла идеальную цену для меня! 14995 стоил телефон, который я покупала. И знаете он ничем не хуже того, который стоит 25 тысяч! А моя подруга купила себе тот, что за 25 тысяч и они оказались почти одинаковыми =)",otzovik.com,otzovik.com,4.0,2020-11-27,https://www.otzovik.com/review_11017455.html,positive
"Достоинства: Хорошая камера,большой дисплей
Недостатки: Не нашёл
Телефон хороший подойдёт для сёрфинга в интернете но некоторые игры например Fortnite тянет с трудом у меня был на 4 гб ОЗУ мне кажется если бы был на 6 гб ОЗУ тог дабы тянул с лёгкостью ну а так телефон в целом хорош за свою цену и чтобы хотелось отметить задняя панель не царапается то есть если в кармане будет телефон и ключи можно не боятся брал на 64 гб памяти в принципе на игры фотки и остальное хватает есть Face ID некоторые жалуются на долгую разблокировку пальцем но в жизни вы это даже не почувствуйте четыре камеры очень хороши фото получаются как на профессиональную камеру очень чёткий зум и хорошая макро съёмка.",otzovik.com,otzovik.com,4.0,2020-11-22,https://www.otzovik.com/review_10988000.html,positive
"Достоинства: дисплей, цветопередача, память
Недостатки: не нашла)
Телефон очень хороший, удобно лежит в руке, красивый на вид. Без глюков и тому подобного. Большой дисплей, широкоугольная камера, которая очень хорошо передаёт всю цветовую палитру: фотографии получаются красочными и реалистичными. Много памяти, это хорошо) Много программ, легко разобраться: как и куда нажимать. Яркий и большой дисплей, это плюс для людей пожилого возраста, всё хорошо видно. Купила его бабушке, шрифт тоже можно настроить и сделать его побольше чтобы лучше было видно. Бабулю всё устроило!) Если хотите приобрести данный телефон, то не нужно медлить. Телефон правда очень хороший. Рекомендую!!!",otzovik.com,otzovik.com,5.0,2020-11-22,https://www.otzovik.com/review_10983352.html,positive
"Достоинства: Быстрота, хорошо держит заряд, стоимость
Недостатки: Неудобное расположение селфи-камеры
В целом удобный и надёжный телефон. При не слишком активном использовании держит заряд около суток, в активном режиме со включенным экраном и программами садиться за 3-4 часа. Есть поддержка быстрой зарядки Quick Charge 3.0, с 5% до 100% заряжается за 50-60 минут. Даже при использовании тяжёлых программ сильно не греется. Экран чёткий, из флагманской линейки Super Amoled. Датчик отпечатка пальцев для разблокировки экрана находится под защитным стеклом экрана, что не всегда удобно - мокрыми или грязными пальцами может не разблокироваться. Радует цена, можно без кредитов, с одной зарплаты купить смартфон с весьма неплохими характеристиками.",otzovik.com,otzovik.com,5.0,2020-11-20,https://www.otzovik.com/review_10974405.html,positive
"Достоинства: дизайн. камера, эргономика
Недостатки: начал лагать через 2 недели, отпечаток пальца работает не стабильно
все заявленные характеристики в целом соответствуют. хорошая камера, достаточно памяти (у меня 128), удобный в использовании. Но уже через пару недель стал зависать, да так, что только через выключение можно его ""завести"". частенько выдает сбой в программах. доступ по отпечатку пальца вообще работает через 2 раза на третий. это мои личные впечатления от смартфона и я понимаю, что не всем они могут нравится. брал телефон в Мегафоне.",otzovik.com,otzovik.com,2.0,2020-11-11,https://www.otzovik.com/review_10920981.html,negative
"Достоинства: Смартфон очень красивый, лёгкий, имеет 4 камеры, nfc, батарея - 4000mAh хороший экран super amoled. Не смотря на то, что экран 6.5 дюймов, он не ощущается какой-то лопатой, очень даже удобный и не большой.
Недостатки: Иногда подтормаживает блютуз с гарнитурой. По ощущениям июньское обновление исправило ситуацию (или почти исправило), а сентябрьское возобновило. Нет водозащиты, но, понимаю, что не тот сегмент.
Телефон купил в начале лета, к этому моменту все работало замечательно. Поясню каждый плюс и минус: -Сканер отпечатка пальца под экраном работает чуть выше среднего. на повседневе дискомфорта нет. Работает если не быстрее разблокировки по лицу, то не медленнее -Камеры - примеры добавлю, но они будут сжаты. В реальности качество лучше -Оболочка лучшая из Андроидов, что я видел. Были Сяоми, Хуавей (Хонор) и реалми. За IOS не ручаюсь. Производительность. Все было хорошо, пока не замерил FPS. Shadow Gun: Legends при средних настройках выдавал 20-35 fps. PUBG при максимально возможных настройках без сглаживания выдавал 30-40 fps (Разработчики Пабга установили ограничение - максимальный fps - 40). Отключение игровых сервисов по совету лысого из МобайлТелефон только ухудшили ситуацию. Я не геймер, и мне этого вполне достаточно. Вобщем берите - не пожалеете. Очень плавный смартфон.",otzovik.com,otzovik.com,5.0,2020-11-11,https://www.otzovik.com/review_10919685.html,positive
"Достоинства: Камера
Недостатки: Пластиковый корпус
Вот я и купил новенький Самсунг А51. Телефон на 128 гб, 2 сим карты, что супер удобно. На большом экране текст читается хорошо, камера снимает круто, пользуюсь даже макро съемкой, позволяет без шумов и зернистости фотографировать разные текстовые документы, очень полезно для меня как студента. Покупкой доволен, телефон достойный.",otzovik.com,otzovik.com,4.0,2020-11-10,https://www.otzovik.com/review_10914640.html,positive
"Достоинства: Камера очень чёткая, батарея садится медленно,а заряжается быстро. Все остальные качества хороши.
Недостатки: Из минусов выявлен был только один- часто включается, без прикосновения.
Стоимость телефона достаточно хорошая, с такими функциями как у него, стоимость оправдывает. Камера очень чёткая, батарея садится медленно, а заряжается быстро. Все остальные качества хороши. Из минусов выявлен был только один- часто включается, без прикосновения. А так, советую всем!",otzovik.com,otzovik.com,5.0,2020-11-06,https://www.otzovik.com/review_10896501.html,positive
"Достоинства: Все в отзыве
Недостатки: Дорогой
Телефон очень большой, поэтому не удобно держать в руке. Память большая, производительность на высшем уровне, а камера просто восхитительная. Телефон действительно стоит своих денег. Я бы поставил 10/10 телефону.",otzovik.com,otzovik.com,5.0,2020-11-05,https://www.otzovik.com/review_10893270.html,positive
"Достоинства: Фотокамера, оперативная память, внутренняя память
Недостатки: Слабая аккамуляторная батарея
Весной муж подарил мне новый телефон. Самсунг 51 меня порадовал своим дизайном. Всегда можно купить и защитное стекло и разные чехлы. Порадовал качеством фотографий. Память 64 гига. Телефон прост в обращении. Что хотелось бы добавить так это помощнее аккамулятор. Уж быстро заканчивается зарядка.",otzovik.com,otzovik.com,5.0,2020-11-05,https://www.otzovik.com/review_10889864.html,positive
"Достоинства: Быстрая зарядка, отличная камера, яркий экран, красивый дизайн, удобно держать
Недостатки: Минусов пока не заметила
Купила больше месяца назад, очень довольна покупкой, камера просто космическая, телефон работает без глюков, яркий сочный экран, очень удобный в использовании, зарядка держится от 8 часов, если даже бесперерывно работать, играть, фотографировать, мне как фрилансеру очень подходит, телефон работает бесперебойно!!!",otzovik.com,otzovik.com,5.0,2020-11-03,https://www.otzovik.com/review_10876799.html,positive
"Достоинства: нет
Недостатки: Ужасный телефон за свои деньги
После полутора месяца использования телефона он непрерывно стал включаться и выключаться. Сброс настроек до заводских не помог. 6 лет я пользовался телефонами данной фирмы, но это стало последней каплей. Придётся переходить на фирмы делающие более качественные телефоны, чтобы не тратить не свои нервы не свои деньги.",otzovik.com,otzovik.com,1.0,2020-10-31,https://www.otzovik.com/review_10863702.html,negative
"Достоинства: камера,батарея,дизайн
Недостатки: не нашла
Пользуюсь телефоном уже год. Очень классный. Всем довольна. Шустрый для работы, камера отпад))) На морозе не глючит, зарядку держит отлично, удобный в руке. Дизайн очень разнообразный подойдёт всемп",otzovik.com,otzovik.com,5.0,2020-10-30,https://www.otzovik.com/review_10855427.html,positive
"Достоинства: Из плюсов только то, что зарядки хватает на сутки активного использования. Единственное, что меня радует. Должно же быть хоть что - то
Недостатки: Минусы сплошные. Лажа, а не телефон. Крышка задняя даже в чехле царапается. Защитное стекло найти невозможно на него все слишком маленькое. А если с краями чёрными, то закрывает часть изображения экрана.
Пользуюсь я телефоном гордых 3 месяца, и решилась оставить отзыв. По воле случайности перешла с айфона на эту модель самсунга и пожалела 100 раз. 1. Камера для любителей селфи не подойдёт. Она рыжит!!! 2. Камера хорошая только на улице в светлое время суток. В остальном же мне не нравится. 2. Экран здесь яркий и все картинки смотрится яркими, хотя если эти же картинки смотреть через ноутбук или комп, то увиденное вас разочарует. 3. Спустя 3 месяца он начал подвисать иногда, хотя, зная проблему андроидов, не забиваю его и свободной памяти больше, чем половина. 4. Дешёвые наушники в комплектации с ужаснейшим звуком. Зарядник короткий. Не берите вы это дорогое, для андроидов, удовольствие. Оно того не стоит. Заявлено 48 мегапикселей у камеры, а по факту айфон с его 12-тью фоткает намного лучше. 100 раз подумайте, прежде, чем брать это.",otzovik.com,otzovik.com,2.0,2020-10-29,https://www.otzovik.com/review_10850686.html,negative
"Достоинства: Камера очень хорошая
Недостатки: Я пока не видел минусы
Телефон потрясающий! Пользуюсь с первых чисел августа, в восторге. Камера шикарная, всё чётко (как на видео, так и фото). Батарея держит весь день без подзарядки, однако бывает что к концу дня остаётся 15 процентов. Звук хороший, музыку послушать можно. Думала не привыкну к сканеру отпечатка пальца, из-за того что он в экране, но нет - оказалось даже удобнее, чем на задней панеле. Телефоном осталась довольна, брали за 17000.",otzovik.com,otzovik.com,5.0,2020-10-29,https://www.otzovik.com/review_10850339.html,positive
"Достоинства: Высокие параметры за небольшие деньги
Недостатки: Не выявил
Купил в апреле этого года . Хожу с ним по сей день . Выбирал среди многих производителей но почему-то выбор пал на эту модель. Из плюсов хочу отметить его производительность, не тормозит, камеры работают шикарно - фотографии получаются хорошего качества . Дизайн может показаться не совсем брутальный из за его переливов, но я все таки нашёл выход. Купил противоударный чехол черного цвета. Внешний вид сразу преобразился А ещё приятно удивила система безопасности распознавания лица и отпечаток пальца на экране телефона. Батарею держит достаточно долго и заряжается быстро. А да, мне ещё и подарок подарили наушники за 5000 Магазин не скажу какой )))))",otzovik.com,otzovik.com,5.0,2020-10-24,https://www.otzovik.com/review_10826281.html,positive
"Достоинства: Прекрасный дизайн, хорошая камера и звук, хорошо держит зарядку
Недостатки: Слишком большой, неудобно пользоваться одной рукой
Доброго времени суток, дороги друзья. Раньше, уже давно я пользовалась Самсунг S3, мне так нравился мой телефон, я просто в него влюбилась. Пользовалась я им долго, никак не могла поменять. В общем именнн после этого телефона я больше не хочу другие модели. У Самсунг на рынке сейчас конечно огромный выбор, но некоторые из них дорогие, например серия S, которая мне так нравится. Но а серия А, по цене более доступна. Я считаю, что это большой плюс для тех, кто любит телефоны от Самсунг, но не могут себе позволить дорогие смартфоны. Перейдем именно к этой модели. Многие считают, что на ней слишком много съэкономили. Но я считаю, что не стоит придираться к таким мелочам, как бумага для коробки или ключ для слотов. Этим ключём я например пользуюсь очень редко. А коробку в большинстве случаев все выбрасывают. Если говорить о самом телефоне, то я довольна. Отличный внешний вид, прекрасная камера, которая делает хорошие снимки и селфи. Для меня достаточно памяти. Хороший звук, как с наушниками, так и без них. Стандартный набор функций. Пользуюсь несколько месяцев, функционирует нормально, не зависает. Зарядка держится достаточно долго. В общем я телефоном довольна, смело советую.",otzovik.com,otzovik.com,5.0,2020-10-24,https://www.otzovik.com/review_10824542.html,positive
"Достоинства: Дисплей, корпус, камера
Недостатки: Динамик
Классный смартфон за свою стоимость. Много негативных отзывов, но они не подтвердились при использовании. Отпечаток срабатывает быстро и хорошо. Блютуз не отваливается ни на каких устройствах (пробовал на многом, часы, наушники, колонки, магнитола в авто) камера именно для данного ценового сегмента лучше многих аналогов китайского производства. Аккумулятор держит прилично. Качественный amоled дисплей. Те кто пишет негативные отзывы, скорее либо не пользовались, либо перешли с флагманов. Да с флагманами данный аппарат не сравнится, но для своего ценового диапозона это пожалуй лучший аппарат после m31s",otzovik.com,otzovik.com,4.0,2020-10-21,https://www.otzovik.com/review_10808782.html,positive
"Достоинства: Камера нормальная
Недостатки: Тупит,греется,интернет не ловит ,а на экране врёт что ловит
У меня было множество телефонов, все на порядок дешевле чем А 51 памяти меньше и всё по параметрам хуже. Когда накрыля мой последний телефон LG ровер кажется 16 гигов, пришлось брать новый выбор пал на это вроде нормальный по характеристикам и памяти полно, ёмкость батареи вроде хорошая и взял, тут и началось батарею держит также как LG если не хуже, тупит как последняя тварь бесит, вечно теряет интернет нет интернета пишет хотя на экране 4g, летом греется как сволоч и перестаёт работать пока не спячешь его остудить в холодок с панели авто. ХРЕНЬ А НЕ ТЕЛЕФОН с LG за 12т р у меня не одной из таких проблем не было только памяти маловато, а эта хрена 24 т р кажется отдавал пол года назад и такое г..., я такой подставы от самсунга не ожида",otzovik.com,otzovik.com,1.0,2020-10-17,https://www.otzovik.com/review_10790332.html,negative
"Достоинства: Большой экран, можно вставлять СД-карту с большим объёмом памяти , аккумулятора хватает на 17 часов просмотра видео, быстрая зарядка , хорошее качество съёмки в ночное время
Недостатки: Нет защиты от воды
Samsung galaxy A51 не только является хорошим телефоном среднего класса по всем характеристикам, но и показывает, что бюджетный -не значит плохой и слабый. Имеет несколько доступных расцветок, которые, к тому же, красиво переливаються на свету. Камеры отличаются не только хорошим качеством съёмки, но и возможностью работать в плохом освещении, ночью качество почти не падает. Аккумулятора уверенно хватает на долго, в основном за счёт структуры процессора. Так можно просматривать видео с разрешением 8К. Абсолютная безопасность данных с Samsung Knox. Многоуровневая система безопасности защищает ваши личные данные от вирусов и вредоносных атак .",otzovik.com,otzovik.com,5.0,2020-10-14,https://www.otzovik.com/review_10776130.html,positive
"Достоинства: камеры , аккумулятор , дисплей
Недостатки: минусы пока не обнаружил
Этот телефон мне очень понравился, хожу уже с ним больше месяца, аккумулятор хороший, камеры просто великолепные, как обычный режим, так и ночной, ночная съемка распознает даже звезды, что очень удивило меня. Этому телефону ставлю респект и всем советую к покупке",otzovik.com,otzovik.com,5.0,2020-10-13,https://www.otzovik.com/review_10773078.html,positive
"Достоинства: Быстро найти что угодно
Недостатки: Зарядка не хвотает на вес день
Когда пришла в магазин, сразу указала что телефон нужен с хорошей камерой, посоветовали А 51, самсунги очень люблю и пользуюсь только ими. Всегда была довольна. Но тут. ..., у меня двое маленьких детей, хотелось фонарь и снимать их постоянно, но качество фото и видео съёмки ужасное, как будто у меня старенький телефон с камерой 0,3, да ещё и нельзя снимки делать каждую секунду, просто кнопка не срабатывает и все... уже перепробовал все возможные настройки, но толку ни какого... очень расстроилась...",otzovik.com,otzovik.com,5.0,2020-10-09,https://www.otzovik.com/review_10751719.html,positive
"Достоинства: Экран, камера.
Недостатки: Аккумулятор, обслуживание
Я конечно женщина, и цвет волос светлый, но немного в телефонах и технике разбираюсь. Купила несколько дней назад. В олдном из фирменных магазинов Самсунг. Перед этим ходила и смотрела на три модели и сравнивала характеристики. Нужно было: без зависаний работа андроида, хорошая камера и мощный АКБ. Работа в основном с телефона. Соцсети смотрю в метро. Включила, загрузила все обновления, отключила все фоновые приложения. Новые приложения еще даже не смотрела. Подключила нушники беспроводные. Убрала все игры ( пока не них). Итог езжу и в сервисный центр, и в магазин второй день. О каком мощном аккумуляторе идет речь? Первый день. Тел в ноль через 8 часов. Оказывается забыла отключить геолокацию. Ок. Второй день. Поотключено уже все. 1ч 20 мин в соцсетях (инста, вацап и тел разговоры) Даже ютьюб не смотрела..., ни одного фильма и аккамулятор показывает 30% от зарядки. Супер качество ((((( разочарование не то слово",otzovik.com,otzovik.com,1.0,2020-10-02,https://www.otzovik.com/review_10717418.html,negative
"Достоинства: Очень хорошо держит зарядку
Недостатки: Минусов я для себя не выявила
У мужа был день рождения и я долго думала о том, чтобы ему подарить. Он давно хотел поменять телефон и я решила, что это будет для него самый лучший подарок. Так как он не любитель айфона, а больше предпочитает фирму Самсунг, то особых сомнений по поводу марки телефона у меня не было. В магазине мне посоветовали Самсунг модели А51. Цена абсолютно соответствует качеству. Яркие цвета, стильный дизайн, удобное меню, отлично работает интернет, а что самое главное очень долго держит зарядку. Также его очень удобно держать в руке. Отлично поддерживает все современные программы. В очередной раз убедились в качестве товаров Самсунг",otzovik.com,otzovik.com,5.0,2020-10-01,https://www.otzovik.com/review_10713980.html,positive
"Достоинства: Фоткает прекрасно, батарейки хватает при полном объёме использования,на сутки! Вобщем только плюсы ++
Недостатки: Для меня минусов в этом телефоне нет
Я приобрела себе этот телефон и пользуюсь им уже 3месяца, за этот период поняла, что это, то о чем Я мечтала С ним роботать очень удобно! Фотки просто классные Очень люблю фоткать природу, и телефон Samsung galaxy A51 то что нужно для фотосъёмки",otzovik.com,otzovik.com,5.0,2020-09-29,https://www.otzovik.com/review_10701722.html,positive
"Достоинства: Отличная камера
Недостатки: Не очень хороший звук ,и скользкое покрытие
Купила этот сматфон. Покупкой довольна полностью! Отличная камера. Все четыре снимают просто идеально. Очень долго держит зарядку, быстро заряжается. Работает без глюков. Не виснет вообще. Отличный дизайн, у меня белый. Всем рекомендую этот телефон. Я свой брала со скидкой и не капли не пожалела.",otzovik.com,otzovik.com,5.0,2020-09-24,https://www.otzovik.com/review_10680012.html,positive
"Достоинства: Аккумулятор Красочность дисплея Не тупит
Недостатки: КАМЕРЫ Размер смартфона Сканер отпечатков пальцев Распознавание лица Регулировка громкости звуков и громкости вызова
Ожидала большего. Как минимум от четырех камер. До этого у меня был one plus 5, захотелось просто более новый телефон. Я скажу так. Даже старый one plus лучше нового Samsung A51... Аккумулятора мне лично хватает, несмотря на многочисленные отрицательные отзывы. Водонепроницаемость меня мало интересует. Но камера... Прям в самое сердце. Селфи-камера ни о чем. На iPhone 5S лучше. Про те 4 вообще молчу. Ночью полное г... С зумом вообще всё сложно, ибо нужно выбрать определенное разрешение, если не выбрать, хрен вам, а не приближение. Фото нужно постоянно редактировать. И в плане света, и в плане насыщенности. Кстати, встроенный фоторедактор тоже на троечку. Разобраться с остальными функциями и настройками в большей степени помог опыт с one plus. Насчёт сканера отпечатков пальцев... Я по глупости сразу в магазине поставила защитное стекло. Через него отпечатки не сканируются! просто песня. Пришлось пользоваться только распознаванием лица, НО и тут не фонтан. Он постоянно тупит. Иногда и в темноте, и в очках узнаёт, а иногда в упор не видит! Регулировка громкости... Громкость звуков, громкость вызова, громкость видео... У меня это всё разные вещи. Я постоянно психую. Если вам нужен телефон только для соцсетей и звонков, пойдет.",otzovik.com,otzovik.com,3.0,2020-09-20,https://www.otzovik.com/review_10664554.html,neutral
"Достоинства: Задняя панель, камера, звук, большой экран, вменяемая цена, долго держит батарея,
Недостатки: Экран западлицо с корпусом, большая вероятность разбить
Отличный телефон. Порадовала цена и качество. Хорошая камера, отличное селфи, большое хранилище, возможность играть в разные игры, большой экран, отлично держит батарею, стильный и красивый корпус, который не поддаётся потёртости, как новый, у меня голубой. Пользуюсь 9 месяцев, очень довольна. Но для меня есть один минус, экран не утопает в корпус, а на ровнее с ним, большая вероятность цокнуть, что у меня и произошло, поэтому рекомендую всем сразу покупайте бампер и клейте защитное стекло.",otzovik.com,otzovik.com,5.0,2020-09-19,https://www.otzovik.com/review_10659083.html,positive
"Достоинства: Батарея,экран внешность
Недостатки: Материалы
Уже 3 месчца пользуюсь телефоном, и в принцыпе впечатления только положытельные. Офегезный дизайн, огромнишый экран, ощущения такое будто держышь сам экран в руке, а не смартфон. У меня версия в белом цвете, и он очен красивый. Пластик выполнен с красивым отливом, и узором. Экран яркий с насыщенными цветами. Имеется сканер отпечатков пальцев прям в экране, что на мой взгляд очень круто, и современно. Отрабатывает он фактично всегда, так же имеется функцыя fase id розблокировка с помошью лица. Тоже не мение полезная функцыя, когда руки находятся в перчатках. Батарея на 4000 mili-amp часов. В принцыпе хватает на весь день активного пользования. По железу есть две версии 4-64 и 6-128. У меня младшая версия, даже её хватает на требовательные программы и игры. Камеры хорошые, в дневное время снимает идеально, вечером приходится включать вспышку. В целом не плохо",otzovik.com,otzovik.com,5.0,2020-09-12,https://www.otzovik.com/review_10627001.html,positive
"Достоинства: Хороший аккумулятор, хороший дисплей, много разных функций, есть биометрия, хороший процессор ,есть память на 128Гб.
Недостатки: Плохой отпечаток , не распознает лицо ночью ,
Телефон достаточно хороший, есть много плюсов, 1 . хорошая камера 2. хороший дисплей 3 . хороший аккумулятор и есть минусы 1. плохой отпечаток на дисплей 2. распознование лица работает днем а ночью нет. Вот а так в целом хороший",otzovik.com,otzovik.com,4.0,2020-09-10,https://www.otzovik.com/review_10616295.html,positive
"Достоинства: Очень красивый дизайн хороший производитель хорошей камерой
Недостатки: Пластиковый корпус
Пользуюсь этим смартфоном уже 1 месяца. Дизайн великолепный, камер хорошая. По габаритам конечно не для маленьких рук, но удобный. Тонкий, лёгкий. Подбор аксессуаров прост. Недостатки этого телефона это отпечаток пальца, категорически с ним работать невозможно, при полном касании пальца и то не с далеко не с первого и не третьего раза, ужасно. Распознавание лица также работает неудачно, не с первого раза и при хорошем освещении. NFS работает хорошо но с участием владельца т. е ты вводишь пароль это не всегда удобно, на многих телефонах эта функция намного проще, достаточно разблокировали по лицу. Вечно мешающая шторка быстрого доступа оплаты вылезает, когда это совсем не нужно. Не удобный интерфейс не до конца продумано. Динамик через два месяца пользования уже достаточно приглушен Пожалела что купила данную модель. Многие китайцы намного лучше данной модели, недоработка производства. Лучше чем китайцев",otzovik.com,otzovik.com,5.0,2020-08-30,https://www.otzovik.com/review_10573291.html,positive
"Достоинства: батарейка, фотография, экран, дизайн++
Недостатки: лично для меня они отсутствую, я добился чего искал.
Покупал как замена старому смартфону, цель была - отличное качество, хорошее фото, энергоемкая батарейка и цена до 20000 рублей. Из всей линейки смартфона для меня лучший это вариант. 1. экран - большой, яркий, удобный угол обзора. 2. батарейка - мне хватает на 2 дня, ОЧЕНЬ большой плюс не надо каждый день заряжать. 3. камера – качеством фотографии просто радует, особенно фишки со спецэффектами и мульти съёмка. 4. приложения для меня летают, хотя мусорного Softa достаточно.",otzovik.com,otzovik.com,5.0,2020-08-25,https://www.otzovik.com/review_10547654.html,positive
"Достоинства: Размер экрана; Сочные цвета; Многофункциональный; Камера; долго держит заряд.
Недостатки: Отпечаток пальца, маркое покрытие корпуса (если носить без чехла).
Недавно приобрела себе телефон Samsung A51. Телефон имеет достаточно яркий экран и цвета передаются сочно. На счет камеры могу сказать что очень даже впечатляет за такие деньги. Аккумулятор держит заряд на протяжении всего дня с тем учетом, что я смотрю видео, играю игры и практически не выпускаю его из рук. Линейка А51 на российском рынке представлена в трех цветах : черный, белый, красный. Но мой взгляд пал именно на белый. Весь корпус состоит из пластика, задняя крышка глянцевая и немного имеет эффект светоотражения. Что сказать о начинке телефона это то, что ОС -Android 10. В плане функций, интересная на мой взгляд задумка для детей Samsung Kids (мой ребенок оценил), Emoji, Samsung Pay. Но перейдя со старенького Honor мне было достаточно тяжело. Т. к. функций бесконечно много. На счет разблокировки экрана имеется разблокировка с помощью лица, пин-кода, и отпечатка пальца. Как по мне отпечаток пальца на экране идея интересная, но не прагматичная. Т. к. люди покупая телефон, чаще сразу клеят стекло, но вот через стекло 5D (как у меня) палец вовсе не считывается. Меня конечно это очень расстроило. Т. к. постоянно приходится вводить пин-код.",otzovik.com,otzovik.com,5.0,2020-08-21,https://www.otzovik.com/review_10531102.html,positive
"Достоинства: Тонкий,стильный
Недостатки: Фронтальная камера прямо в экране,пр царапинах экрана снижается четкость
Приобрела как второй телефон для работы. поразили яркие красочные цвета телефона, взяла с объемом памяти 64 Гб, так же есть с памятью 128 гб, порадовали снимки на камеру, быстрота работы и отпечаток пальца прямо в экране, заряд при полной яркости экрана, конечно же, держит слабовато, всё-таки Amoled дисплей, но в целом очень довольна))",otzovik.com,otzovik.com,4.0,2020-08-12,https://www.otzovik.com/review_10489036.html,positive
"Достоинства: аккумулятор,дизайн
Недостатки: камера.довольно скользкий.плохая камера
Наверное самый главный плюс этого телефона это батарея. При активном использовании хватает на 1-1,5 дня. Камера довольно таки плохонькая хотя в характеристиках заявлено 48mp. Не глючит не греется, довольно таки производиельный. Сканер отпечатка пальцев на троечку. Нет защиты от влаги и пыли. Есть NFC",otzovik.com,otzovik.com,3.0,2020-08-10,https://www.otzovik.com/review_10477793.html,neutral
"Достоинства: Камера,память,NFC, экран
Недостатки: отпечаток пальца слабоват
Доброго времени суток. Решив сменить телефон, начал искал замену Honor 7x по параметрам хотел увеличить память, была 64 гига. Поэтому выбрал модель с 128 гигами. В телефоне есть дополнительное место для памяти, а не как в предыдущей модели, или вторая симка или память. Выбрал эту модель, так как увеличен не только объем памяти, но и объем оперативки. Что позволяет телефону шустро справляться с всеми задачами. Экран AMOLED обеспечивает натуральную цветопередачу и хорошую детализацию. Сканер отпечатка пальца находится на экране, сканирует хуже чем на задней стороне у других телефонах. Проблему решил путем регистрации одного и того же пальца несколько раз. Фотографии получаются на мой взгляд очень неплохие и красочные. В общем придраться конечно можно, а можно подобрать подходящий режим, под подходящую обстановку. A51 имеет встроенный модуль NFC, который позволяет оплачивать покупки с помощью мобильного телефона. Размер 6.5 на мой взгляд самый оптимальный, хороший размер экрана и в руке лежит хорошо. Батареи хватает на сутки, но у меня постоянно подключен интернет и блютус. А при быстрой зарядке заряжается за час. За свои деньги хороший телефон.",otzovik.com,otzovik.com,4.0,2020-08-08,https://www.otzovik.com/review_10468933.html,positive
"Достоинства: Хорошо держит батарею
Недостатки: Полностью стеклянный
Добрый день, хотела бы вам рассказать о своём телефоне. Телефон был куплен в конце февраля когда только поступил в продажу, за это время каких-либо серьёзных нареканий к телефону не возникло. Благодаря своим 4 камерам фотографии получаются чёткими, не размытыми. Ещё одним плюсом этого телефона является :объёмная память(в моём случае 64 ГБ)не приходится постоянно удалять приложения и фотографии.",otzovik.com,otzovik.com,4.0,2020-08-04,https://www.otzovik.com/review_10445555.html,positive
"Достоинства: 128 гигов.
Недостатки: Сканер отпечатка. И не только.
Практически месяц использования этого смартфона выявил такие недостатки: Практически не реагирует на сканер отпечатка. Зарегистрировала три пальца, но он пишет, что совпадений не обнаружил. В автомобиле я привыкла слушать музыку через АUX, но это кошмар с этим Самсунгом. Он просто заикается в каждом предложении. Затихнет на 3 секунды, потом опять заиграет. Странный аппарат.",otzovik.com,otzovik.com,1.0,2020-08-01,https://www.otzovik.com/review_10435322.html,negative
"Достоинства: Отличная камера,большой экран,мощная батарея
Недостатки: Нет
Приобрела телефон месяц назад. Очень нравится в использовании. Минусов пока никаких не выявила. Отличная камера (и основная и фронтальная), большой экран, мощная батарея, работает всё очень быстро, поддерживает все приложения. Покупала я его в магазине ""Связной"" за 20.000 плюс в подарок дали два отличных и мощных портативных зарядных устройства и это было для меня действительно ооочень приятным бонусом, ведь в совокупности они стоили более 4.000, а я получила их абсолютно бесплатно и за это отдельное большое спасибо. За свою цену (средний ценовой сегмент) смартфон превзошёл все ожидания. Я не пожалела что выбрала именно его, а не хонор.",otzovik.com,otzovik.com,5.0,2020-07-30,https://www.otzovik.com/review_10425192.html,positive
"Достоинства: Качество фото, мощность, не зависает,многообразие функций
Недостатки: Батарею бы для такого аппарата побольше
Приобрела данный телефон месяц назад и пока что не пожалела. Красивый и стильный дизайн на зависть всем подругам даёт о себе знать. Фотографии получаются просто отпад, особенно при хорошем освещении, так же в телефоне куча всяких режимом и функции. Батареи хватит не совсем на долго, но день может продержаться. Особенно мне понравилась внутренняя начинка от самсунга.",otzovik.com,otzovik.com,5.0,2020-07-30,https://www.otzovik.com/review_10423479.html,positive
"Достоинства: Красивый внешний вид
Недостатки: Не такой шустрый, как ожидала
Данный смартфон купила два месяца назад. Что могу сказать о нем: 1. Красивый внешний вид. 2. Отличная камера - 48мп, снимает ярко, чётко. 3. Цена соответствует качеству. Я очень долго выбирала телефон и не нашла НИ ОДНОГО похожего по всем параметрам, были только дороже и хуже. 4. Большой объем памяти. 5. Отличный звук.",otzovik.com,otzovik.com,5.0,2020-07-23,https://www.otzovik.com/review_10388606.html,positive
"Достоинства: Узнает по лицу
Недостатки: Не летает как хотелось бы.
Здравствуйте! Красивый телефон, тоненький, изящный, у меня белый. Сначала мне не понравилось, что он быстро разряжается. Но после настроек все отлично! Сдавала на экспертизу, без проблем. Все работает корректно. Особенно нравится управление жестами, большой экран, есть управление одной рукой. Много разных фишек, которым можно обучиться здесь же, в телефоне в встроенном приложении, советы. Очень радует быстрая зарядка.",otzovik.com,otzovik.com,4.0,2020-07-23,https://www.otzovik.com/review_10387687.html,positive
"Достоинства: Внешний вид,функциональность,отличная камера,память 128
Недостатки: Зарядка держит не больше чем мой прежний Самсунг.
Уже несколько лет пользуюсь Самсунгами. Поэтому есть с чем сравнивать.Samsung Galaxi A51 привлек внимание впервую очередь это внешний вид, дизайн. Прочитав некоторые негативные отзывы боялась, но рискнула. Теперь с точностью могу сказать что телефон супер! Одни плюсы. Много функций. Камера хорошая. Фото, что для меня очень важно получаются четкие. Удобно держать в руке, не тяжелый.",otzovik.com,otzovik.com,5.0,2020-07-14,https://www.otzovik.com/review_10343512.html,positive
"Достоинства: Качественный, мощный и новый.
Недостатки: Динамик внизу, во время игр рукой закрываешь. Наушники неудобные.
Долго думал какой телефон выбрать хонор 10 или Самсунг а 51. Хотелось, чтобы устройство прослужило минимум 3 года. Думаю, он и должен будет дольше прослужить. 10 версия андроида, ёмкий аккумулятор, большая память и мощный процессор. Все это будет способствовать тому, что телефон не будет считаться старым и тянуть новые приложения через год и более после покупки. Во время карантина скидку 3 тыс в связном решил взять самсунг. Я взял за 20тыс на 128 гб. Телефоном пользуюсь уже четвёртый месяц. Служит храбро. Хотя иногда кажется, что аккумулятор начинает слабеть или от того, что часто пользуюсь. Хочется отметить прочность телефона. Однажды на портфель, в котором лежал телефон сел друг. Я был удивлён, на телефоне не царапины, хотя ни чехла, ни защитного стекла на нем не было. Вот, что значит проверенная временем фирма. Телефон явно сделан качественно. Также радует наличие нфс, шагомера, но это есть во всех смартфонах данной ценовой категории. Камера отличная, но я лично не понимаю, зачем их целых 4. быстрая зарядка радует, телефон за полтора часа до 100 процентов заряжается. Вообщем, телефон идеален за свою цену. Недостатков нет, разве что есть всякие мелкие неудобства, а так время покажет.",otzovik.com,otzovik.com,5.0,2020-07-08,https://www.otzovik.com/review_10319262.html,positive
"Достоинства: .Экран сказка,телефон просто летает
Недостатки: нет
Подарили телефон на день рождения, скажу сразу телефон бомба. Экран сказка, телефон просто летает. Отпечаток пальца срабатывает моментально, про камеры ничего не скажу, пользуюсь ими очень и очень редко.128GB памяти хватит на долго ну а качество Samsung известно всем. То что пластиковый корпус не обращаю внимания, все телефоны в меня всегда в чехле так что проблем думаю не будет. Предыдущий телефон былJ7, который отслужил верой и правдой 3 года и был поменян из за нехватки памяти, тут 128 Gb я думаю хватит на лет5 а то и больше а мне большего и не надо.",otzovik.com,otzovik.com,5.0,2020-06-18,https://www.otzovik.com/review_10218781.html,positive
"Достоинства: +интересный дизайн(преливается радугой) +хорошая камера +поддерживает требовательные игры +быстрая зарядка +большой экран
Недостатки: -зарядки на целый день не хватает -в комплекте плохие наушники (не поддерживают 8D звук)
У меня А51(64Gb, черный). Пользуюсь им на протяжении нескольких месяцев. После моего прошлого телефона летает. Неплохой вариант для гейминга, самое главное дешёвый. В основном современные игры средние - высокие настройки графики. Камера в 48мп расстроила, поэтому в основном пользуюсь 16мп кае широкоугольную. Она передаёт большее количество цветов",otzovik.com,otzovik.com,5.0,2020-06-08,https://www.otzovik.com/review_10170562.html,positive
"Достоинства: Камеры, экран, звук.
Недостатки: БАТАРЕЯ, интерфейс, процессор.
Итак: основной недостаток это - батарея. День, при активном использовании, не держит!!! При заряде через тестер показывает всего 2830 мА/ч, откуда 4000 в описании взялось -хз. Даже с учетом погрешности измерителя. За ночь высаживается 20 процентов заряда непонятно на что, пишет, что потребляет система. Интерфейс ""тянучий"", иногда по привычке быстро тыкаешь, а на выходе ноль, потому, что можно до пары секунд ждать когда тупо откроется телефонная книга. Связь держит хорошо, звук приятный, что от внешнего динамика, что в наушниках. Про отпечаток пальца все уже устали ныть - это боль! Ставишь пальчик и дышишь ровно три-четыре секунды и опана - готово. Лицо распознает по настроению, хотя по советам знатоков дважды свой фейс зарегистрировал в разном состоянии))). Экран - это самый большой плюс этого телефона и камеры норм, все устраивает, хотя само приложение это тоже тренажер для нервов, например переворот из вертикального положения в горизонтальное это секунды 3. Стоишь такой, ждешь, укрепляешь нервную систему, а кадр тем временем уже убежал))). Теперь осознал, что цена на него явно завышена тыщи на четыре, хотя это компенсируется последующей ликвидностью на рынке бу, этож SAMSUNG.",otzovik.com,otzovik.com,3.0,2020-01-31,https://www.otzovik.com/review_10125110.html,neutral
"Достоинства: Хорошая камера,на долго хватает зарядки,не виснет
Недостатки: Иногда бывают глюки(но быстро проходят)
Смартфон Samsung Galaxy A51 очень хорош для своей цены(покупала за 20 тысяч рублей) . Дизайн: У меня черный, очень красиво переливается, рекомендую Камера Очень хорошая, не ""мажет"", быстрый фокус, когда фото создается на фронтальную камеру задний фон немного размыт это создает интересный эффект (если кому то не нравится размытость, то можно убрать). Есть множество натуральных фильтров, также есть вкладка ""красота"", где можно убрать неровности на лице, увеличить глаза, убрать щеки. Видео получаются качественные, с хорошим звуком, отличным фокусом. Есть разные вариации видео как : замедненная съемка, очень замедленная съемка, ускоренная съемка, ночная съемка, сильное увеличение и др. Зарядка Заряжается телефон приблизительно 1,5 часа, а расходуется при непрерывном использовании 8 часов . Память 64 Гб, что довольго много. Отпечаток работает быстро ( в течение 2х секунд) .",otzovik.com,otzovik.com,5.0,2020-01-02,https://www.otzovik.com/review_9950550.html,positive
"Достоинства: Хорошая камера, стильный дизайн, ёмкий аккумулятор, есть наушнтки, разём тайп - с, большой выбр цветов, классный экран.
Недостатки: Отпечаток пальца немного долгий, большой (для кого как), нагревается, широкоугольная камера немного искожает качество семки.
Телефон очень понравился крутой мощный, а самое важное это батарея. Она там на целых 4.000 милиампер часов. Хорошая широкоугольная камера и точна в снимках. Так же распознование лици с помощю камеры тоже очень крутое и датчик считывания пальцев тоже крутой. Упаковка не оставила меня равнодушным, напротив, очень даже расстроила. Я понимаю, что серия А не является топовой, но нельзя же так пренебрежительно относиться к клиентам. Сегодня купил А, а завтра S, но если человек купил гаджет от Самсунг впервые и напал на такое отношение, вряд ли он захочет покупать потом ещё что либо. Теперь подробнее. В предыдущем отзыве я описывал модель Galaxy S7, ту коробочку было приятно держать в руках и если честно, я оставил её себе и держу в ней всякие мелочи типа наушников и так далее. Эту же стоит хранить только ради гарантии. Даже на фото видно, из какой бумаги она сделана. Ну да ладно, коробка не самое главное!)",otzovik.com,otzovik.com,5.0,2020-04-26,https://www.otzovik.com/review_9904194.html,positive
"Достоинства: Быстрый Мощный Красивый Чёткий Звук громкий Камера хорошая Экран большой Вообщем очень хороший телефон, для всех пользователей
Недостатки: Задняя часть сделана из неприлично дешевого пластика, даже китайцы такой уже стесняются делать: поцарапать его можно и силой мысли, если постараться, я уверена.
Я приобрела этот телефон 2 месяца назад и не разу не пожалела, он не надоедает, очень мощный, удобный, много нового. Делает очень классные фотографии, отделяет видео и фото. Очень удобный в использовании, красивый.",otzovik.com,otzovik.com,4.0,2020-04-22,https://www.otzovik.com/review_9875185.html,positive
"Достоинства: Всё выше перечисленное
Недостатки: Наушники в комплекте, греется, звук динамиков, и цена
Телефон прекрасный, но быстро греется на зарядном. Процессор хороший, камеры нормальные, интерфейс потрясающий, быстрый, на лагает, отличный экран, заряд держит долго",otzovik.com,otzovik.com,4.0,2020-04-21,https://www.otzovik.com/review_9870752.html,positive
"Достоинства: Камера, интерфейс, дизайн,разрешение
Недостатки: нет
Самсунг А50 покорил своим дизайном и дополнительной камерой, что делает снимки более стабилизированными и четкими. А также обновленная андроид система не могла не порадовать. Процессор летает. Телефоном довольна, всем советую)",otzovik.com,otzovik.com,5.0,2020-04-16,https://www.otzovik.com/review_9839087.html,positive
"Достоинства: Крутая камера
Недостатки: Отпечаток пальца срабатывает не сразу
Купила телефон 8 марта, чуть больше месяца с ним хожу. Выбор по цвету был только черный и белый, взяла черный, более практичный считаю, очень понравилась камера, зарядки хватает на день. Отпечаток пальца оставляет желать лучшего, срабатывает бывает с 3 раза, а то и вообще не срабатывает, приходится вводить графический ключ.",otzovik.com,otzovik.com,4.0,2020-04-15,https://www.otzovik.com/review_9829462.html,positive
"Достоинства: -цена -камера -экран -батарея
Недостатки: нет всплывающих уведомлений
В феврале данного года, мною был приобретён смартфон SAMSUNG Galaxy A51. Общее впечатление остаётся отличным и на сегодняшний день. В смартфоне большой, безграничный, яркий экран. Дизайн самого телефона выполнен очень красиво. Камера снимает отлично как днём, так и ночью. Динамик достаточно громкий. Процессор не тормозит. Если сравнивать батарею с айфоном, то держит отлично. В предыдущем телефоне заряжала 2-3 раза в день. В данном хватает на 1,5-2 дня (смотрю фильмы, социальные сети, новости). В начале было непривычно, что экран такой большой и нет всплывающих уведомлений, когда приходят оповещения ( только строчка наверху загорается, сам экран выключен)",otzovik.com,otzovik.com,5.0,2020-04-12,https://www.otzovik.com/review_9809493.html,positive
"Достоинства: Приятно сидит в руке. Производительность можно было бы сделать и не много получше.
Недостатки: Минусов я пока что не нашел. После постараюсь их найти и дополню отзыв
Качественный телефон от компании SAMSUNG. Производят в Корее. Что гласит о качестве потому что корейцы люди такие что они начали делать они делают это качественно а не количественно как китайцы. Дизайн отличный. Телефон сам по себе приятно лежит в руке. В общем 5 из 5. Минусов я пока что не нашел. После постараюсь их найти и дополню отзыв. Из плюсов то что он приятный на ощупь, производительность у него на 4 из 5 я бы так сказал. Потому что я играл в некоторые требовательные игры и он себя не очень зарекомендовал. Хотя некоторых играх показал себя лучше чем другие. Процессор SAMSUNG Exynos 9611 с количеством 8 ядер и первые 4 ядра с тактовой частотой 2.3 ГГц а остальные 1.7 ГГц.",otzovik.com,otzovik.com,5.0,2020-04-11,https://www.otzovik.com/review_9801821.html,positive
"Достоинства: Хороший дизайн Держит батарею Камера отличная
Недостатки: Заряжается долго
Очень нравится этот Смартфон, дочкой уже месяц пользуемся и никаких жалоб. Купили дочери на день рождение, очень сильно обрадовалась осталась довольна Советую!",otzovik.com,otzovik.com,5.0,2020-03-23,https://www.otzovik.com/review_9680531.html,positive
"Достоинства: дизайн, камера, батарня, nfs
Недостатки: нет
Телефон крутой, легкий в использовании, хороший красивый дизайн, широкоугольная камера и качество фото восхищает, на франталку качество отменное, батарею держит хорошо, покупкой довольна, советую к преобретению.",otzovik.com,otzovik.com,5.0,2020-03-22,https://www.otzovik.com/review_9676249.html,positive
"Достоинства: Дизайн, яркость экрана, хорошо держит батарею.
Недостатки: Пока нет
Всем здравствуйте. Около 2-х месяцев назад купила себе этот гаджет. Прошлый телефон тоже был этой же марки, поэтому когда встал вопрос о новом телефоне сомнений не было, что это будет именно Samsung. Влюбилась в дизайн, очень крутой. Получаются крутые фото. Также порадовала цена. Очень даже рекомендую.",otzovik.com,otzovik.com,5.0,2020-03-20,https://www.otzovik.com/review_9665036.html,positive
"Достоинства: Камера , музыка хороший звук, большой экран
Недостатки: Пока не выявлено
Очень крутая широкоугольная камера, снимки очень яркие. Одно удовольствие снимать видео и делать фото. Хороший, качественный звук. Удобно держать в руке. Стильный телефон. Для своей цены просто огонь .",otzovik.com,otzovik.com,5.0,2020-03-16,https://www.otzovik.com/review_9642036.html,positive
"Достоинства: Большой экран,многозадачность,яркий приятный дисплей
Недостатки: Размер,Камера и звук
купила сей девайс так как предыдущий Xiaomi redminote 4x перестал держать заряд. а51 очень неплохой девайс, хорошо держит заряд, на 2е суток хватает довольно шустрый, приятный экран и удобный корпус, правда довольно маркий за свои деньги, очень хорошо.",otzovik.com,otzovik.com,5.0,2020-02-27,https://www.otzovik.com/review_9554953.html,positive
"Достоинства: Отличный экран, цветопередача шикарная, есть nfc.
Недостатки: Процессор.
Пересел с а30, и честно сказать разница колоссальная. Экран просто великолепен full HD после HD+ а30-го дает о себе знать, памяти вполне хватает установить все что нужно и не очень. За неделю использования глюков и зависаний замечено не было, даже в играх. Слабые стороны телефона - процессор, который могли бы и покруче поставить, а не модификацию 2019 года и конечно камера. Я к камере на телефоне не особо требователен, снимает да и ладно, все таки телефон а не фотоаппарат, но по ощущениям старый а30-й даже лучше снимал, особенно в темное время суток. Вообще если был у Вас а20, а30 или а30s, то переходить стоит, если был а50 то разницу не заметишь. Фронтальная камера выглядит мощно, лучше чем челка или капля, рамки тонкие, основная камера вкусная и приличная, игры тянет как надо, впринципе я не жалуюсь, в работе телефона задержек не было, все летает и радует 10 андроид с One UI.",otzovik.com,otzovik.com,4.0,2020-02-19,https://www.otzovik.com/review_9510007.html,positive
"Достоинства: Автономность смартфона, аккумулятор 4000 ма/ч
Недостатки: Обязательно нужен защитный чехол.
Смартфон Samsung Galaxy A51 тот же что и Samsung Galaxy A50, отличается тем что добавлен модуль для видео камеры на 48 пикселей, задняя крышка корпуса сильно царапается, обязательно нужен чехол, динамик находится в верней точке корпуса, что не удобно для прослушивания музыки, фотографии получаются ниже среднего уровня для средне бюджетного сегмента, на высоких настройках в играх слегка тормозит. К покупке в этом ценовом сегменте, не рекомендую.",otzovik.com,otzovik.com,3.0,2020-02-16,https://www.otzovik.com/review_9493516.html,neutral
"Достоинства: Дисплей и камера
Недостатки: Память и цена
Всем привет, решила написать свой отзыв о этой чудесной новинке. Подруга блогер и ей иногда новинки присылают для обзора, и потом либо рекомендация, либо отзыв с недочетами компании и возврат телефона. И вот мы с ней наигрались вдоволь этим смартфоном и в восторге обе! Дисплей яркий, цвета как в сказке, радуют глаз. Единственный недочет - это что в темноте, даже на минимуме яркости, он все-таки слепит глаза как-то. Качество камеры на высоте. На следующий день аж целую фотосессию организовали на улице и качество не отличишь от фотосесии с фотографом на профессиональный фотоаппарат. И все это благодаря четырем камера, которые интересно расположены в телефоны. Зарядку держит долго. Своих денег стоит, на 8 марта в подарок теперь мужу тоже его закажу.",otzovik.com,otzovik.com,4.0,2020-01-22,https://www.otzovik.com/review_9355545.html,positive
"Достоинства: Отличный экран,мощный процессор,прекрасная камера
Недостатки: Неоригинальность
Новая модель смартфона Samsung из линейки Samsung Galaxy A. Эта линейка смартфонов не радовала оригинальностью каждой последующей модели, но все таки кое-какие новые функции и улучшения появились. Прежде всего хочется отметить, что нажатия на экран стали мягкими, если можно так сказать, стало удобно свайпать, нажимать и печатать, в общем, работать с устройством стало гораздо удобнее и легче. Кроме того, экран стал безграничным, ну не совсем конечно, но это не проблема. Что же касается характеристик, то их вы можете узнать сами в интернете, в это я вдаваться не буду. Лучше поговорим о другом. А именно о функциях. На самом деле больших отличий от A41 и даже A31 нет. В этой версии нет ускорителя сети (это когда вы можете включить мобильные данные и вай-фай вместе, чтобы интернет работал быстрее), либо я его не нашёл. Несомненно, память у телефона достаточная. Если не хватает, то всегда можно поставить флешку... И вот тут возникают проблемы. Вставить сим-карту или флешку можно также как и в других моделях (с помощью специального инструмента), но с первого раза это не получиться. Четыре камеры оправдывают своё существование. Разрешение снимков стало лучше чем в A50 в разы. Всего четыре камеры:основная, широкоугольная, ультраширокоугольная, макрокамера. Так что любителям поснимать понравиться. Также улучшили фронтальную камеру, опять же любителям селфи придётся по вкусу. Процессор 8-ми ядерный и довольно мощный. Подойдет для мобильных игр. Батарея надёжная, держит заряд долго и безоговорочно. Но всё это довольно поверхностный отзыв, ведь использую я этот смартфон всего лишь неделю, а как мы знаем время—судья. Samsung Galaxy A7 2016",otzovik.com,otzovik.com,5.0,2020-09-21,https://www.otzovik.com/review_10668364.html,positive
"Достоинства: стиль, цена, качество, процессор, камера
Недостатки: экран(не совсем), прошивка, передняя камера
Привет всем, я решил тут поделиться впечатлением о не так давно купленном мною смартфоне, samsung a51. Предисловие, я давно пользуюсь данной фирмой, много у меня было девайсов, и s и a, одним словом всегда они привлекали меня ( оболочкой, процессором, камерой, внешним видом). И не так давно я решил вновь обновить, купить что то так сказать современное, но бюджет был не большой, в районе 25 тысяч, ну я и начал смотреть. Было много разных смартфонов, рассматривал я только новые, не бу. Да и мой внутренний(любитель самсы) недавал покоя. Купил я его где то в феврале 2021, за 22 с копейкой. Внешний вид супер, в руках лежит, крышка сзади стильная, фиглядит одним словом( модно, молодежно). Работал прекрасно (первые пару дней) быстро, летал можно сказать, я не мог нарадоваться. Проблемы начались после обновления очередной версии прошивки. Во-первых, шторка( она мне очень не понравилась), Во-вторых, сразу стало заметно, что скорость производительности снизилась, вроде все тот же девайс, а вот что то да не то. В-третьих, стали подвисать стандартные приложения ( инстаграмм, вк, сбербанк). И мои ровозые очки стали потихоньку пропадать, я конечно и сейчас им пользуюсь, но теперь планы на более сильный аппарат, либо флагман. А теперь для тех кто все же хочет купить, мои маленькие советы.1- не обновляйте! ( работайте на стандарте не пожалеете) 2- фронтальная камера не особо( вроде четкая, но мутность все же есть, и эти два режима, то лицо слишком близко, то уж очень далеко) с задней проблем нет, там все супер пупер.3- сейчас началась весна, солнышко печет( на полностью выкрученной подсветке, вы там на солнце плохо что будете видеть, а по мне так огромный минус, я прям очень удивился) 4- отпечаток пальца на экране( протрите руку до суха, вытрите экран сухой ветошью и тогда может будет раз на 4 срабатывать( настройки увеличения чувствительности экрана не не помогают, ну или чуть совсем) 5-поставте сразу стекло и чехол, маркий очень и очень царапается. Плюсы) 1- цена, соотношение в наше время хорошее 2-дизайн, тут все красиво 3- задние камеры, очень радуют 4 - игрушки летают только так, не греется 5- заряд держит вам хватит( заряжается кстати тоже быстро) 6-фейс айди если его так можно назвать на андреях ( работает даже во тьме, тут прям выше высшего). 6 - ну и экран, тут все, сочные цвета, хороший черный, вот только на солнце не особо, а это я говорил выше. Итог, плюсов конечно больше чем минусов, но мой вам совет, надумаете брать, не ОБНОВЛЯЙТЕСЬ!!!",otzovik.com,otzovik.com,4.0,2021-04-17,https://www.otzovik.com/review_11800671.html,positive
"Достоинства: Цена, камеры, большой объем батарейки.
Недостатки: Большой экран (лично для меня), производительность в играх, дешевость материалов смартфона.
Какая цена, такой и смартфон, как говорится... Покупал данный смартфон в подарок отцу и успел им немного попользоваться. Что хочется сказать, так это то, что 17000р он стоит. Да, есть много минусов, но за такую цену это очень хороший вариант бюджетного смартфона. Дизайн смартфона простой, ничем не выделяется, сас агрегат довольно большой, в мою руку еле помещался. Дисплей яркий, приятный, но, конечно, сразу видна разница мкжду ним и телефонами тысяч за 80, так как на них стоят прямо насыщенные дисплеи, но жаловаться не, на что, ведь стоит он всего 17000р. Что касается производительности, то с ней не все так однозначно, ведь для лазания в интернете он подходит отлично, но что касается игр, то требовательные игры могут подлагивать в определнные момент, что не очень радовало меня. Камеры отличные для своей цены, мне большего и не нужно было, стабилизация на видео имеется при разрешении до 1080p. Зарядку держит долго, к этому вопросов не было. В целом, это довольно добротный бюджетный смартфон, но тем, кто гонится за телефонами для игр, он точно не подойдет.",otzovik.com,otzovik.com,4.0,2021-01-15,https://www.otzovik.com/review_11290657.html,positive
"Достоинства: Шустрый, удобный,хорошие фотографии
Недостатки: Тяжеловат, для женской руки широковат:одной рукой неудобно набирать текст
Спустя месяц использования впечатления по функционалу очень хорошие: отзывчивый, очень приличные фотографии даже на ходу , удобный способо делать скриншот (ребром ладони движение по экрану слева направо). Для меня оказалась новой встроенная фунция создания вордовских документов по принципу компьютера - очень удобно. Из того, что не очень понравилось: для небольшой женской руке широковат и тяжеловат - одной рукой текст набирать неудобно, а мизинцем поддерживать низ телефона тяжело. Это не критично, но факт. В остальном вполне достойный телефон, планируем купить мужу такой же.",otzovik.com,otzovik.com,4.0,2020-09-30,https://www.otzovik.com/review_10709767.html,positive
"Достоинства: Качество, удобство, камера, наушники
Недостатки: Нет
Смартфон Samsung Galaxy A51 был куплен совсем недавно, версия 10. Мой планшет старой версии уже совсем не устраивал и фотографии выходили размытые. Этот смартфон тоненький, легкий, но скользкий, поэтому обходиться с ним нужно аккуратно. Изготовлен в Индии. Здесь есть четыре камеры и фотографии получаются четкие, качественные и это большой плюс. Этот отзыв пишу с планшета и фото тоже снимала на планшет, поэтому по фотографиям не судите. Пользоваться им очень удобно, вообщем подходит на все случаи жизни . А вот фотографии со смартфона, качество отличное Также мне очень понравилось, что в комплект входят замечательные наушники, на которые я в первое время не обращала внимание. Но вот захотелось мне их испытать и оказалось, что звучание в них замечательное, словно сидишь в кинотеатре. Когда смотришь фильм, передаются все звуки: где-то вдали ржет конь, где-то дальше льется песня, а на первый плане ведется диалог. Вообщем, это отличная вещь для повседневных будней и с удовольствием рекомендую к покупке.",otzovik.com,otzovik.com,5.0,2020-03-23,https://www.otzovik.com/review_9681622.html,positive
"Достоинства: 1. Удобные приложения 2. Хорошая графика 3. Камера с высокими качеством
Недостатки: 1. Некоторые приложения, закачанные автоматически на телефон, занимают много места, и удалить их невозможно
Недавно купила новую версию Самсунга и не разочаровалась. Очень радует то, что смартфон плоский, поэтому очень удобно держать в руке. Большой экран и развитый интерфейс делает телефон интересным. Очень хороший и качественный смартфон. Удобные и самые нужные приложения уже закачаны на телефон и всегда под рукой. Здесь можно найти очень много нового. Каждое приложение уникально и по-своему интересно. Мне очень понравилась функция, с помощью которой можно транслировать экран телефона на телевизор, планшет и другие устройства. Невероятная графика и разнообразные функции уже в новой версии Samsung!",otzovik.com,otzovik.com,5.0,2020-12-13,https://www.otzovik.com/review_11111662.html,positive
"Достоинства: АКБ, экран, nfc
Недостатки: Пластик, процессор, звук, камеры
Привет, мои дорогие читатели Отзовика. Увидел, чисто случайно, новый смартфон от компании Самсунг, который продолжает линейку А. Модель, предшественником которой являлся А50, чуть получше. Начну с плюсов: 1) Здесь стоит бомбезный экран с отверстием под камеру, которое находится в центре. Здесь стоит, как и в А50, качественная амолед матрица с высоким разрешением. Стекло защищено Гориллой Гласс 3, хотя можно было и покрепче вставить за такие деньги. Конечно, есть куча режимов для сбережения экрана и ваших глаз. Шим есть, но для моих глаз он не заметен. Отличный экран за такие деньги. 2) Здесь куча обьективов. Основная камера на 48 Мп, сверхширокоугольный на 12 Мп, макро на 5 Мп и портретка на 5 Мп. Снимают гораздо лучше чем предыдущая модель. Прям на голову выше. Вот здесь камеры стоят денег. Конечно, здесь пара нюансов есть, но думаю. что в обновлениях поправят. Теперь здесь есть запись видео в 4К 30 фпс. Радует. Фронтальная камера на 32 Мп, на мой взгляд, одинаковая как в А50. 3) Есть NFC, 3,5 мм разьем для наушников. еще в комплекте есть гарнитура, но проводная. 3) Батареи хватает на день активного пользования, 6-7 часов горящего экрана. Если по минимуму использовать аппарат, то его хватит и 2-3 дня. Амолед и 10 нанометровый процессор экономят заряд. Если еще завезут оптимизацию, то разрядка будет меньше. Буду надеяться. А теперь минусы: 1) Пластик. Спинка аппарата и боковые рамки, Карл, могли бы и стекло поставить на задник. Многие бюджетники имеют стекло. Радует то, что завезли 2+1 лоток. 2) Здесь очень медленный сканер отпечатка пальца, который встроен в экран. Говорить нечего, ибо в предыдущей модели стоял такой же медленный сканер. Прям бесит. Срабатывает за 1-2 секунды, прикладываний 6 из 10. Ужасно. 3) Могли поставить и помощнее процессор. В А50 стоит Exynos 9610, то в А51 стоит 9611. Никаких изменений нет. Если выбирать по производительности, то А50 и А51 схожи. 4) Звук как из подвала. Низких частот маловато, а вот высоких много. Он не громкий. Хотя уведомления и звонки услышать можно. В целом, если вы любите амоледы, нфс, классные камеры, то советую. Для игроманов и меломанов не советую к покупке.",otzovik.com,otzovik.com,4.0,2020-01-19,https://www.otzovik.com/review_9338470.html,positive
"Достоинства: Много памяти, быстрая зарядка, хорошая камера
Недостатки: Цена, наушники
Телефон очень хороший, очень люблю им пользоваться и всем советую. Конечно, есть определенные недостатки, но с ними можно смириться и они вполне объяснимы. 1. Не так много памяти, как хотелось бы. Но этот вопрос, как вы сами понимаете, легко решается с помощью карты памяти 2. Наушники, которые входят в комплект, не очень хорошие. Но в принципе вход для наушников стандартный, поэтому этот вопрос тоже легко решаемый. Из минусов это, пожалуй всё. Из плюсов отдельно хочется выделить: 1. Хорошие динамики - очень хорошая слышимость и громкость музыки, видео, игры 2. Тянет практически любые игры, кроме совсем тяжелых 3. Подключается к Wi-Fi быстро и легко, нет никаких проблем с этим 4. В комплекте к нему идет чехол, который стоит приобрести хотя бы потому, что он защищает экран от бития. 5. Быстрая зарядка и долгое удержание заряда, но есть одно но. Это работает только с оригинальным зарядником. 6. На телефон также стоит приклеить защитное стекло. 7. Он бывает в совершенно разных цветах, поэтому то, какой вы возьмете, не имеет значения. Это ваше личное дело 8. у телефона очень качественная камера: как обычная, так и передняя. Из всего этого можно сделать вывод, что смартфон пригоден практически для любой категории населения, кроме, пожалуй, совсем маленьких детей до десяти лет, так как по цене он достаточно дорогой и если его потеряет ребенок, то будет довольно обидно и жалко.",otzovik.com,otzovik.com,4.0,2020-09-07,https://www.otzovik.com/review_10605222.html,positive
"Достоинства: Сканер отпечатка пальца на экране,звук,качество видео и фотографий
Недостатки: иногда подвисает
Здравствуйте! Хочу написать отзыв о телефоне Samsung Galaxy A51. Купили за 18000 рублей( успели до пандемии). Сначала о комплектации: Зарядное устройство на 15 Вт (поддерживает быструю зарядку), кабель USB Type-C, чехол, наушники, ключик и естественно сам телефон. Используется аккумулятор номинальной ёмкостью 4000 mAh. Аккумулятор заряжается за 110 минут. Задняя крышка сделана из пластика. На задней части 4 камеры. Фотографии получаются яркими и четкими. Сканер отпечатка пальца находится в самом экране. На экране телефона находится камера в виде маленькой точки по середине. Сам экран большой и почти не видно пикселей. Игры тянет такие, как пабг на среднем качестве. Вообщем-то, телефон за такие деньги очень хороший, даже отличный. Рекомендую",otzovik.com,otzovik.com,5.0,2021-08-24,https://www.otzovik.com/review_12338095.html,positive
"Достоинства: Камера, быстрая зарядка, цена, быстрый
Недостатки: Нагревается, но редко
Недавно приобрела новый телефон. Выбор пал именно на Samsung Galaxy A51, который подходил под желаемую характеристику. В процессе использования выявила многие достоинства и недостатки. Камера. Камера действительно очень хорошая, отлично фокусирует. Селфи гораздо чётче и ярче. Есть много разных режимов, фильтров. Телефон быстрый, не глючит, не зависает. Легко пользоваться функциями. Удобный экран, не слишком большой, но и не маленький. Недостаток - в процессе долгой работы на телефоне он нагревается, но это не смертельно. Аккумулятор мощный, смело продержится дольше суток. Отпечаток пальцев работает хорошо. Телефон не подвел, работает отлично, советую",otzovik.com,otzovik.com,5.0,2020-12-01,https://www.otzovik.com/review_11036377.html,positive
"Достоинства: Стильный, по доступной цене, с новейшими приложениями, отличная камера
Недостатки: Очень редко начал подвисать, но тут не удивительно, телефону 3-й год идёт
Пользуюсь ещё больше 2-х лет, ниразу не подводил. Упустила телефон в воду, после чего работал как ни в чём не бывало. Хорошая комплектация телефона, помимо блока и самого зарядного устройства, в комплекте идут наушники. Очень рада что его приобрела. Экран яркий и шикарная камера. По мимо обычной камеры, есть камера ночного видения, портретная, макро камера и многое другое. Вообщем телефон очень удобный в использовании, по доступной цене и хорошей комплектации.",otzovik.com,otzovik.com,5.0,2022-02-18,https://www.otzovik.com/review_13089262.html,positive
"Достоинства: быстрый хорошая камера
Недостатки: критических не обнаружено
Сегодня отзыв будет о смартфоне Samsung Galaxy A51. Пользуюсь телефоном второй год. Никаких нареканий нет. Довольно быстрый, камера хорошая. Всё нравится. Неплох по дизайну, лично мне очень нравится. У меня на 64 гб проблем с памятью нет. Быстро заряжается, заряд батареи держит нормально, на сутки спокойно хватает. Отпечаток пальца работает хорошо, без нареканий. И это всё всего за 20 тысяч рублей. Посоветовал знакомый. По техническим характеристикам он меня полностью устраивал, поэтому решила взять. Тем более цена была очень даже приемлемая. Думала будет медленный, а оказался очень даже хорошим. За свою цену очень даже неплох. Рекомендую.",otzovik.com,otzovik.com,4.0,2022-01-30,https://www.otzovik.com/review_13001619.html,positive
"Достоинства: Батарея, камера, производительность
Недостатки: Сканер не всегда срабатывает
В работе шустрый. Батарею держит долго и поддерживает быструю зарядку. Пример: с 18% заряда до 100% зарядился за 40 минут. Батарею держит день при активном использовании В руке лежит удобно, хотя со стороны может показаться, что телефон огромный Разблокировка с помощью пальца быстро происходит (пару секунд немного удержать и готово), НО бывает такое, что вы не можете разблокировать от отпечатка пальца или экран вообще не реагирует. При разблокировке лица осечек нет. В этом телефоне ооочень много всяких интересностей, огромное количество возможностей подстроить аппарат под себя и на выходе получить идеальный смартфон",otzovik.com,otzovik.com,4.0,2020-11-18,https://www.otzovik.com/review_10959659.html,positive
"Достоинства: Быстрая зарядка, камера, удобный в руке, возможность дополнительной SD - карты.
Недостатки: Нет бесконтактной зарядки.
Раньше отдавала предпочтение смартфонам Хонор, но как приобрела Самсунг, поняла, что это то, что мне нужно! Удобный телефон, память на 128 гб - достаточно! Но мне в связи с работой нужно было больше, поэтому приобрела дополнительно флешку на 128 гб. Теперь вообще не жалуюсь! Камера отличная, 4 камеры, есть функция «стабилизация», но в целом без нее тоже чувствует улучшение в сторону стабилизации кадра. Есть ИИ, который улучшает снимок, и фотошопит лицо (иногда перебор). Но в целом не критично. Удобный интерфейс, яркие цвета, насыщенность. Удобно держать в руке! Узенький. Цена приемлемая. А я еще ухватила со скидкой. Быстрая зарядка, расход батареи зависит от частоты пользования телефоном и смотря что на нем делать. Ну впрочем, как и на любом другом гаджете. Нареканий никаких нет. Очень понравился телефон. Пользуюсь с 2019 года, все устраивает! ПО не обновляла!",otzovik.com,otzovik.com,5.0,2023-02-27,https://www.otzovik.com/review_14377902.html,positive
"Достоинства: Внешний вид камера звук
Недостатки: Не заметила
Здравствуйте мои дорогие. Давно мечтала о новом телефоне. И вот в магазине я увидела его. Что поразило так это то, что у него четыре камеры. Выглядит это очень стильно и дорого. Внешний вид меня поразил. Очень большой экран, это удобно чтобы смотреть фильмы, играть в игры и работать в телефоне. Зарядка держится достаточно долго, хотя я целый день в телефоне. У меня держится ровно день. С утра и до поздней ночи можно спокойно пользоваться и не переживать за зарядку. В комплектации все как обычно Зарядка, наушники, кабель USB, шпилька для извлечения сим карты и руководство как пользоваться телефоном. Кстати по поводу звука. Телефон очень громкий. Наушники качественные, музыку слушаю с одним удовольствием. Есть сканер пальца и лица. Это очень круто даже не у всех айфонов есть сканер лица. Также, этот телефон предусматривает защиту от пыли и маленьких капель воды. Сколько у меня было телефонов этого бренда, всегда были качественные. Покупкой довольна! Рекомендую",otzovik.com,otzovik.com,5.0,2021-04-01,https://www.otzovik.com/review_11723831.html,positive
"Достоинства: Современный дизайн; Наличие NFC для бесконтактных платежей; Большой и качественный экран.
Недостатки: Скорость работы сканеров;
Данный телефон создали в Индии. Память 128гб и это довольно много и хватит чтоб делать много фотографий и скачивать много игры. Дисплей занимает более 87% передней панели. Благодаря тонким рамкам модель Galaxy A51 характеризуется как устройство среднего размера. Цена его в районе $280, размер телефона 6.5 дюймов, имеется 4 камеры и разрешение основного модуля увеличено с 25 до 48 МП по сравнению с SAMSUNG GALAXY A50. Имеется сканер отпечатка пальца и сканер лица для разблокировки экрана. Galaxy A51 получил аккумулятор емкостью 4000 мАч. Эта модель Samsung занимает достойное место в среднем ценовом диапазоне смартфонов. Предлагает обновленный дизайн и диагональ экрана больше. Кроме того, основная камера получила более качественный макромодуль. Я хожу с данным телефоном уже как 2 года и он меня полностью устраивает, он много раз падал и не разу не разбился и даже нету не одной трещины.",otzovik.com,otzovik.com,5.0,2021-07-23,https://www.otzovik.com/review_12210438.html,positive
"Достоинства: Цена, Качевство.
Недостатки: Нет
Здравствуйте, приобрел данный смартфон Samsung Galaxy A51. Заказывал в интернете, с доставкой проблем не было! Телефон хороший, очень нравится. По характеристикам все устраивает. Также выражаю благодарность продавцу за помощь и быстрые и понятные ответы. Смартфон доставили быстро без каких либо проблем. Телефон очень радует, дефектов не обнаружил! Очень быстрый и приятный в использовании. Отличная камера, хорошее качество видео. Большой экран, очень удобно пользоваться. Хорошая производительность, тянет обсолютно все новые игры! Больше спасибо, всем советую данный телефон. Не пожалел что купил!",otzovik.com,otzovik.com,5.0,2020-09-10,https://www.otzovik.com/review_10616788.html,positive
"Достоинства: Дизайн Экран Звук (достаточно громкий, но динамик один) NFC с Samsung Pay WiFi 5ghz Bluetooth 5 Батарея Оперативки и флеш памяти для ""обычного использования"" достаточно из коробки
Недостатки: Камера нормальная, лист А4 с мелким текстом видно хорошо, но немного мылит детали.
В целом я доволен им, получил что хотел. Смотрел много обзоров, знал что фотографии не фонтан, но меня и среднее их качество устраивает. Главное зачем я его взял это Android 10 (возможно 11 получу), Samsung Pay, новы версии WiFi, Bluetooth. Ранее пользовался Honor 8, там Android 7 максимум, и на Google Pay нельзя установить пароль для всех платежей. Если включен NFC то плати сколько хочешь, подтверждения не требовалось. Хотя в документации к Google Pay сказано что есть такая опция в настройках для Android 10, не нашел и там. Зато в Samsung Pay все сделано просто великолепно, очень доволен. Камеры возможно прокачают через ПО со временем. Экран хороший, ШИМ я не замечаю, включил темную тему и blue light filter на постоянку, привык к такому режиму на Honor (там это называется защита зрения). И да во время настройки телефона меню подтормаживало, но после того как все установилось и обновилось стало нормально. В игры не играю, более 3-4 приложений за раз не открываю. Сканер отпечатков срабатывает немного медленнее чем на Honor 8, но все равно довольно хорошо. В комплекте зарядка и наушники. В моем экземпляре чехла не было, хотя в видео обзорах он был, возвращаться по данному поводу обратно в магазин не стал. Для тех у кого Samsung впервые: 1) Тут есть свой App Store - Galaxy. Через него и устанавливается Samsung Pay. И у вас одна часть установленных приложений будет обновляться используя Google Play, а другая Galaxy Store. 2) Некоторые рекламные аппы предустановлены, их нельзя удалить но можно спрятать (hide), и потом активировать обратно при необходимости. Подробности в документации.",otzovik.com,otzovik.com,5.0,2020-04-20,https://www.otzovik.com/review_9860702.html,positive
"Достоинства: Экран , батарея , камера , процессор
Недостатки: Нету
Я пользовался этим телефон я пользовался год, и могу рассказать своё мнение. У телефона вполне яркий и цветной дисплей, на ярком свете хорошо видно. Батареи хватает на 12-14 часов, при активном использовании. Камера отличная, на фронтальную камеру получаются отличные селфи. На основную камеру получаются супер портреты! Прям вау! Динамик встроенный средний, не очень громкий. В комплекте идёт зарядка и блок питания, оригинальный зарядное заряжает с 0 до 100 примерно за 3 часа. Процессор хороший, тянет все игры и даже пабг на средних настройках! Внешне телефон очень красивый, с современным дизайном! Соотношение цена качество идеально! Этот телефон подойдёт как для игр, так и для повседневной жизни. Супер телефон!",otzovik.com,otzovik.com,5.0,2020-01-25,https://www.otzovik.com/review_9370918.html,positive
"Достоинства: Корпус,дисплей,камера,оперативная память
Недостатки: За 3 месяца использования не нашла
Я любила 10 лет одну определённую фирму, она не очень популярная. Из-за того, что сломался телефон того производителя, нужен был срочно телефон с похожими характеристиками, нашла только этот. Пока минусов не нашла, очень нравится качество сборки, довольно прочный, не лагает даже с лагучими приложениями, камера шикарная",otzovik.com,otzovik.com,5.0,2023-01-01,https://www.otzovik.com/review_14673507.html,positive
"Достоинства: Дизайн,разъём 3,5 мм, экран, батарея, камера
Недостатки: расположение внешнего динамика, тихий разговорный динамик, адаптивная яркость
Телефоном пользуюсь уже больше недели. Взял его на замену старого xiaomi redmi 5а, в котором умерла батарея, сильно тормозил, да и был не в лучшем виде и состоянии. Брал в комплектации 6/128 красного цвета. В комплекте с телефоном шли наушники, кабели type c и блочок питания. Качество сборки на высоте, ничего не гремит не люфтит и не гуляет по сравнению с xiaomi. Первое что понравилось это задняя крышка красного цвета, очень приятная на ощупь, но довольно скользкая. Amoled дисплей, очень яркий с насыщенными цветами, в сравнении со старым телефоном где была ips матрица, небо и земля. Есть так же функция отображения часов в спящем режиме Always on display что не может не радовать. Звук внешнего динамика не плохой, к тому же его можно настроить, но из-за расположения динамика всегда закрываю его рукой при просмотре фильма. А разговорный динамик довольно тихий. Так же радует наличие разъёма 3,5 мм, т. к. пользуюсь проводными наушниками. Очень порадовала камера, фотографии получаются очень хорошего качества особенно при хорошем освещении, с камерой xiaomi даже сравнивать не буду. За неделю использования телефон ни разу не затормозил и не заглючил, всё работает чётко и плавно. Но очень не нравится как работает адаптивная яркость. Сканер отпечатка работает не плохо, но довольно медленно и периодически не срабатывает поэтому поставил ещё разблокировку по лицу, которая решила проблему. Батареи стабильно хватает на день, к 22 часам остаётся порядком 25%. Заряжается телефон примерно за час.",otzovik.com,otzovik.com,5.0,2020-11-03,https://www.otzovik.com/review_10880767.html,positive
"Достоинства: Шустрый, долго держит заряд, отличные камеры.
Недостатки: Не нашел
Пользовался этим телефоном не очень долго, но во многом он мне помогал! Купил в 2020 году и за 2 года использования ничего плохого сказать не могу, только радовало! Камеры очень отлично снимают и много режимов для камеры, получались очень красивые фотографии. Также записывались очень качественные видео. Моя модель на 128 внутренней и 6 ОЗУ и могу сказать, что реально продуктивно, даже в некотором мере лучше чем яблочные изделия. Батарея тоже на высоте и служила очень долго, как по мне я мог проходить 3 дня и не подзаряжаться, очень мне понравилось и радовало. Звук тоже приятный, динамики хоть и забиваются со временем, но держат отличное качество звука.",otzovik.com,otzovik.com,5.0,2022-08-10,https://www.otzovik.com/review_13670609.html,positive
"Достоинства: Качество фотографий, Сканер отпечатка пальца, экран, оболочка One Ui 2.0, быстрая зарядка
Недостатки: Объём батарейки, 4 камеры
Купил телефон на своё день рождения. Переходил на эту модель с Huawei Nova 2i 1. Хорошая КАМЕРА для 20 тысяч рублей. Фотографирует очень даже хорошо. Пробовал ночную съёмку, результатом не доволен. Но раздражает 4 камеры. Как по мне, это не красиво. 2. Это мой первый телефон со сканером отпечатком пальца в экране, очень интересная и удобная вещь! 3. ЗВУК хороший. Некоторых может разочаровать, что в телефоне моно динамик, но он хорошо звучит! Теперь про блютус. Некоторые жаловались, что отпадают блютус устройства. Но у меня всё нормально, возможно это исправили в обновлениях. 4. БАТАРЕЮ держит фактически целый день, но всё равно объём желает быть лучше. А так же порадовала быстрая зарядка. 5. ЭКРАН AMOLED очень яркий и сочный. 6. Про игры. Как по мне, телефон вообще НЕ подходит для игр. Рекомендую брать эту модель только для повседневных задач. Почта, ютуб и т. п 7. Много места за такую сумму. А так же очень понравилась оболочка OneUi 2. Настроек очень много, что хорошо. Это очень хороший аппарат бюджетник. Рекомендую!",otzovik.com,otzovik.com,5.0,2020-06-24,https://www.otzovik.com/review_10252464.html,positive
"Достоинства: Описано подробно.
Недостатки: Нет
Скорость работы замечательная, все шустро. Очень порадовала камера, ну просто на ура! Макросьемка, pro это все на уровне! Видео для этой ценовой политики в 4к снимает прекрасно! Батареи хватает спокойно на день активной роботы в сети. Смартфон рекомендую, покупайте не пожалеете!",otzovik.com,otzovik.com,5.0,2020-02-11,https://www.otzovik.com/review_9466291.html,positive
"Достоинства: удобный дисплей,расширенные настройки,хорошие динамики,долговременная служба,качественная камера,много различных интересных функций в приложениях
Недостатки: аккумулятор.
Пользуюсь телефоном уже несколько лет, все устраивает, но есть и пару минусов, что аккумулятор умирает потихоньку, а поменять вообще никак нельзя, либо состояние останется такое же, либо станет намного хуже первоначального вида. В общем и целом я рекомендую этот смартфон, за свои деньги самое то! При падении экран не разбивается в паутинку. Раняла на асфальт, бетон, в лужу, где только он не побывал, и до сих пор на экране всего лишь одна трещинка! Работает без ошибок, все прекрасно. Очень нравятся обновления телефона ПО, которые разработчики очень часто выпускают, и это огромный плюс. Но так же хочу вас предупредить, что если вы занимаетесь активной фотосъемкой чего - либо, то берите телефон, где памяти боль 64 гб, потому что это критически мало.",otzovik.com,otzovik.com,5.0,2022-11-04,https://www.otzovik.com/review_13957638.html,positive
"Достоинства: Хорошая камера,долго держит заряд,недорогой
Недостатки: Слишком нежный,но если вы аккуратные то это не минус.
Пользуюсь этим смартфоном уже второй год. Всё устраивает. У этого телефона очень хорошая камера. Есть широкоугольная фото и видио съёмка, замедленная съёмка на передней и задней камере, макро съёмка, режим таймлапс. Интерфейс хороший и быстрый. Долгая батарея которая не разрежается на морозе. Из минусов которые я заметила за 2 года использования: 1) Пару раз всё вылетало из приложения ""камера"", но через пару минут всё приходило в нормальное состояние. 2)Телефон очень нежный. В первые две недели использования я уронила его и повредила матрицу телефона и при этом на экране не было ниодной царапины. Вывод: Плюсов больше чем минусов, телефон меня всем устраивает.",otzovik.com,otzovik.com,5.0,2022-01-11,https://www.otzovik.com/review_12916304.html,positive
"Достоинства: Дизайн, батарея, экран, камеры
Недостатки: Не обнаружила
Здравствуйте, уважаемые пользователи сайта ""Отзовик""! Хотела написать отзыв о данной модели телефона. Вообще, до этого у меня был айфон se, но у него был маленький экран и батарея очень сильно подводила, особенно на холоде. В магазине очень заинтересовал именно Samsung Galaxy A51. Очень красивый дизайн и приемлемая цена сразу меня покорили, и я остановилась именно на данной модели. Хожу с данным аппаратом почти неделю - впечатления только положительные. Во первых очень красивый дизайн (у меня в белом цвете), во вторых большой экран (6,5 дюймов против 4 на айфоне se - разница была очень ощутимой). Батареи хватает на целый день при активном использовании, 4 камеры справляются со своей задачей отлично, фронтальная тоже на высоте, очень быстро срабатывает face id. Объём памяти 64 или 128 Гб, также есть отдельный слот под карту памяти и 2 слота под 2 сим карты. Думала что после айфона будет трудно привыкать, но мне хватило буквально 1 дня чтобы ко всему привыкнуть (видимо, к хорошему быстро привыкаешь). Советую к покупке данную модель телефона)))))",otzovik.com,otzovik.com,5.0,2020-01-04,https://www.otzovik.com/review_9963009.html,positive
"Достоинства: Камера, стильный дизайн, хороший аккумулятор, встроенные функции
Недостатки: Не обнаружено
Смартфон был приобретен на смену старому телефону. К этой фирме я давно привыкла, так что в качестве товара не сомневалась. Внешний вид: Я купила смартфон в красном цвете. Задняя панель имеет красивый и аккуратный узор. В целом телефон довольно аккуратный, выглядит современно и стильно. Он очень удобно лежит в руке, имеет комфортный размер для песпрепятственного использования. Начинка и тех. характиристики: Объем памяти 128Гб, что позволяет спокойно использовать его без карты памяти. Также у него удобный функционал и множество дополнительных функций. Камера имеет несколько режимов, в том числе pro режим, считывание текста, поиск товаров и чтение винных этикеток. Заряжается за час, заряд держит очень долгое время. Я полностью довольна гаджетом, в линейке galaxy a этот мне нравится больше всего.",otzovik.com,otzovik.com,5.0,2020-04-06,https://www.otzovik.com/review_9774042.html,positive
"Достоинства: Все функции работают стабильно
Недостатки: Датчик отпечатка
Этот смартфон я покупала себе 4 года назад в магазине DNS. Плюсы: 1)Экран. Большой, яркий, насыщенные цвета изображений. 2)Камера. Имеет много различных функций как-""Живой фокус"".""Обычный"".""Широкоугольный"".""Монтаж видео"" и другие... 3)Батарея. Одного заряда батареи хватает от раннего утра, до позднего вечера, при активном пользовании. 4)Стерео звук. Звук в наушниках по Bluetooth, можно менять на своё усмотрение. 5)Блок камер не выпирает. 6)Цена. Недостатки: 1)Датчик отпечатка. При разблокировки и блокировке срабатывает не с первого раза. Дополнительно: 1)Энергосбережение 2)Геолокация 3)Режим света для глаз 4)Запись экрана 5)Интернет, раздача, wi-fi 6)Дублирование экрана 7)Трансляция 8)Игровой режим 9)Авто поворот экрана 10)Защита от кражи. А так же после падения -экран не трескался, телефон продолжать выполнять свои функции в обычном режиме. Гарантия 12 месяцев. Рекомендую к приобретению.",otzovik.com,otzovik.com,5.0,2024-02-15,https://www.otzovik.com/review_15801568.html,positive
"Достоинства: Дизайн,камера, экран (но ни чего сверх естественного).
Недостатки: батарея, цена, быстродействие.
Хочется поделиться своим мнением о смартфоне Samsung Galaxy A51. Приобретение этого смартфона было вынужденным так как свои любимый Xiaomi Redmi Note 8 Pro я разбил будучи на отдыхе. По этому сравнивать Samsung Galaxy A51 я буду с Xiaomi Redmi Note 8 Pro (возможно это и будет не совсем корректно). Честно говоря данная модель смартфона ни чем выдающимся не обладает (кроме названия производителя). Из плюсов отмечу камеру (их тут четыре штуки), фото, видео действительно не плохое, сносная стабилизация при видео съемке. Симпатичный дизайн корпуса (глянцевый с узором), интересный черный цвет решил использовать Samsung для этой модели. Возможно Samsung и славиться ""супер-пупер"" экранами но в этой модели ни чем сверхъестественным он не является (хороший, обычный экран). батарейка на 4000 миллиампер тоже ни чего выдающегося (на сутки полторы хватает). Все остальное - быстродействие, отклик, глючность и т. п. описывать не буду, просто оценю по пятибалльной системе на твердую, уверенную тройку. Совет если выбираете смартфон, присмотритесь к другой модели, за эти деньги можно взять смартфон намного интереснее. Жалю, что не взял снова Xiaomi Redmi Note 8 Pro, а в целом выбор за Вами, возможно для кого-то важно название производителя. Всем спасибо. Всем удачи.",otzovik.com,otzovik.com,3.0,2020-08-14,https://www.otzovik.com/review_10499275.html,neutral
"Достоинства: Батарея, камера, дисплей, быстрота работы,цена
Недостатки: Быстро греется
В России он появился сразу после нового года и я решил его купить, хотел посмотреть на различия его от модели A50, и оказалось отличия действительно есть и они действительно заметны. Для начала меня поразил его модный и молодежный дизайн, четыре камеры и вспышку разработчики поместили в небольшой четыреугольник, все это смотрится просто шикарно. Заднюю крышку раскрасили в красивые узоры, на солнце они очень красиво переливаются. Фронтальная камера спрятана в дисплее, что тоже выглядит очень мощно! Экран, как и всегда у компании Samsung получился просто огненным! Вообще этот телефон на картинке смотрится очень обыденно, а когда подержал его в руках, ты понимаешь, что ты ошибался. Камера у него снимает тоже отлично, особенно меня порадовал режим съемки видео ""Супер стабилизатор"", с помощью него у вас получится очень плавное видео! Дисплей плавный, есть много удобных фишек. Есть версии на 64 и на 128 гигабайтов, поэтому памяти вам будет хватать, также у телефона 6 гигабайтов оперативной памяти. Этот дивайс водонепроницаемый и пыленепроницаемый. Батарея более мощная чем в предыдущей версии, выдерживает до 2 дней работы в средней активности, заряжается от нуля до ста родной зарядкой за 3 часа. Из минусов выделю то что за 30 минут игры он у меня действительно неплохо так даже нагрелся, также у этой модели иногда фото выходят достаточно размытые. А в целом отличный телефон за 21 тысячу рублей!",otzovik.com,otzovik.com,5.0,2020-01-19,https://www.otzovik.com/review_9341013.html,positive
"Достоинства: Качественный продукт
Недостатки: Не нашла
Доброго времени суток После того, как сломался мой телефон Самсунг А 5, разбил экран ребёнок. Я отправилась на поиски нового телефона, долго искала. На сайтах смотрела по ценам и остановила свой выбор на Самсунг а 51. Сейчас я очень довольна этим телефоном все работает хорошо все приложения есть качественный телефон . За 5 лет эксплуатации, у меня ничего не сломалось, все в рабочем состоянии, всем советую приобрести данный телефон, если у вас бюджет примерно 15000 р. Покупала в магазине на сайте Алиэкспресс - тмолл, прошёл за 4 дня, в оригинальной упаковке со всей гарнитурой ( зарядка, наушники, руководство пользователя) Услугами и качеством тоже довольна. всем спасибо.",otzovik.com,otzovik.com,5.0,2022-03-20,https://www.otzovik.com/review_13196772.html,positive
"Достоинства: Отпечаток пальца под экраном и без рамочный экран.
Недостатки: Замена стекла стоит больше половины стоимости телефона.
Телефон для своего класса очень мощный. Конечно для затратных по производительности игр он не очень, но по дизайну он очень красивый. Также на нем установлена защита Corning Gorilla Glass 3 и четыре камеры с широкоугольным объективом что делает его за свои деньги одним из лучших в своем классе. Отпечаток пальца под экраном не очень удобное приспособление. В отличие от отпечатка пальца в кнопке он очень медленно реагирует, иногда по нему бывает даже сложно попасть пальцем. Удобный по использованию разъем USB Type-C. Старой версии моно-звук. Версия Bluetoth 5.0. Обычная LED вспышка. Для среднего класса телефона телефон лучший до цены 20000 рублей, а также по некоторым параметрам телефон не уступает многим флагманам.",otzovik.com,otzovik.com,4.0,2020-11-28,https://www.otzovik.com/review_11020839.html,positive
"Достоинства: Улучшена камера до 48 МП Сканер отпечатка пальца в экране NFS Селфи-камера в виде капли
Недостатки: Камера не особо то и хороша Нет влагозащиты Процессор вроде игровой, но не лучший
Совсем недавно, два месяца назад, ко мне приехал новенький смартфон. На этот раз - флагман, от компании Samsung. Это Galaxy A51. Это обновленная версия Samsung a50. В целом, что могу сказать: лучше своего предшественника в плане производительности разницы практически нет. Возможно, новый смартфон лучше в съемке фото и видео, но точно сказать не могу, так как сам не сравнивал; завышена цена или нет - тоже вопрос, так как вроде и оправдывает цену. Однако, за эти деньги можно посмотреть бренд Xiaomi, где лидер Redmi Note 8 Pro. Так что, здесь все очень сложно. Брать или не брать данный смартфон решать вам. Samsung Galaxy a50 был популярным смартфоном в 2019 году. Не исключено, что и этот смартфон (Samsung Galaxy A51) станет самым продаваемым в 2020 году.",otzovik.com,otzovik.com,3.0,2020-02-16,https://www.otzovik.com/review_9496733.html,neutral
"Достоинства: Единственный плюс, который я нашла в данном телефоне, это основная и фронтальная камера
Недостатки: Телефон не доработан, за эти деньги можно взять телефон в разы лучше, тормозит, батарею плохо держит
Хотела оставить свой отзыв о данном телефоне. Телефоном пользовалась полтора месяца, и единственный плюс в нем это камера, больше я их не нашла. Отпечаток срабатывает через раз, телефон глючит, тормозит.",otzovik.com,otzovik.com,3.0,2020-07-28,https://www.otzovik.com/review_10411639.html,neutral
"Достоинства: Камера. Батарея. Память.
Недостатки: Не обнаружил.
Здравствуйте! Брал телефон в кредит в 2021 году. Не разу не пожалел о преобретении данного гаджета. Камера на уровне. Не зависает. Дороговат, но этих денег он стоит. Советую.",otzovik.com,otzovik.com,5.0,2022-12-10,https://www.otzovik.com/review_14084682.html,positive
"Достоинства: Красивая панель,экран без границ,хорошая встроенная оперативная память,удобно держать в руке.Классный смартфон!
Недостатки: Минусов при использовании пока не заметила.
Доброго времени суток! Как-то решила поменять свой смартфон на новый. Решила пройтись по центрам сотовой связи и там увидела смартфон Samsung Galaxy А-51. Корпус у этого смартфона ультротонкий и ярко- красного цвета. Он мне понравился тем, что у него экран не имеет границ, что позволяет ощутить эффект полного погружения. Смартфон удобно держать в руке. Мне также он понравился тем, что он четко производит фото и видеосьемку из-за встроенных в него камер, у него их целых 4 камеры:5МР(F 2.2)-камера глубины ;48МР-(F 2.0)-основная камера;12МР-сверхширокоугольная камера и камера для макросъемки -5МР(F 2.4). Также хочу заметить то, что аккумулятор мощностью 4000мАч, позволяет долгое использование, без дополнительной подзарядки в течении сутки, что мне очень необходимо. Смартфон классный и мне уже без него не обойтись никак!",otzovik.com,otzovik.com,5.0,2021-01-26,https://www.otzovik.com/review_11356757.html,positive
"Достоинства: Хороший экран, качественный корпус, выглядит дороже своих денег. За свои деньги вполне современная начинка.
Недостатки: Очень медленная и неточная разблокировка по пальцу, разблокировка по лицу быстрая, но только при свете. Очень медленное ПО камеры, медленный фокус, медленная обработка снимка. Больше минусов не заметил.
В целом аппарат хороший, качественный. Два минуса: 1. Разблокировка по пальцу - самый главный минус этого аппарата. Срабатывает через раз и очень медленная. Никакие обновления и перерегистрация отпечатков пока не помогают. Разблокировка по лицу быстрая, но только днем. Ночью не работает + она не безопасная (при сервисе оплаты сам Samsung позволяет только отпечаток). 2. Почему-то очень медленная работа камеры. Медленный запуск, фокусировка, переключение режимов, постобработка. Делаешь фото и пару секунд ждешь его появления, чтобы посмотреть. Качество фото весьма среднее, но это и не флагман. В остальном, повторюсь, хороший аппарат. Но за эти деньги, если вы не поклонник именно Samsung, можно найти что-то пободрее в плане разблокировки и камеры",otzovik.com,otzovik.com,4.0,2020-10-24,https://www.otzovik.com/review_10826467.html,positive
"Достоинства: Камера , процессор , память , связь , звук , батарея , цена , мощность , марка
Недостатки: Пока что нету )
Мощный корпус, дизайн, меню, работоспособность, камера и чистейший звук почувствуете вы когда будете держать этот телефон в руке ) Когда покупал его был на 7 небе от счастья, очень понравился визуально + внутри оно оказался мощнее чем с виду, одни + от пользования этим смартфоном, всем рекомендую именно его.) Цена приемлемая, телефон мощный и престижный, тянет все игры, программы и проложения, связь ловит даже в подвале ) Камера просто бомба, четкая как в реальной жизни, куча всяких приложений полезных, безопасность и так далее ) из минусов пока что ничего не примерилось, все работает лучше чем ) всем рекомендую именно эту модель. )",otzovik.com,otzovik.com,5.0,2020-09-29,https://www.otzovik.com/review_10705202.html,positive
"Достоинства: Батарейка, сканер в экране
Недостатки: Камера не самая лучшая
Долго читал в интернете об этом телефоне и наконеч купил, пользуюсь уже почти год, за это время появилось что рассказать о это телефоне, очень понравился сканер отпечатка в экране, да он не самый быстрый, но зато это удобно и можно разблокировать телефон когда он лежит на столе. Камеры понравились не очень, качество хорошее, но могло бы быть и лучше. В играх показал себя хорошо никаких фризов у меня не было, играл даже в fortnite. Батарейка тоже понравилась, хватает на весь день. Также понравилась оболочка samsung, все работает плавно и не лагает, ну только изредка. В целом за эти деньги телефон получился вполне хороший и я могу его рекомендовать",otzovik.com,otzovik.com,5.0,2020-12-19,https://www.otzovik.com/review_11148451.html,positive
"Достоинства: Камера, экран
Недостатки: Нету.
Бюджетный, качественный для своей цены телефон, пользуюсь уже целый год и никаких минусов не заметил, батарея всё так же держит примерно день, я считаю что самый лучший из бюджетных телефонов.",otzovik.com,otzovik.com,5.0,2021-12-28,https://www.otzovik.com/review_12864110.html,positive
"Достоинства: Камера, 2 симки, хороший аккумулятор.
Недостатки: Не нашла
Телефон очень понравился. Отличная камера, легко настроить. Качество отличное. Долго держит батарея, при том что дети просто не вылазают из телефона.",otzovik.com,otzovik.com,5.0,2021-09-06,https://www.otzovik.com/review_12389406.html,positive
"Достоинства: Камера, стабилизация
Недостатки: Греется на играх, цена
Телефон прост в использовании, удобен и понятен. Отпечаток пальца реагирует лучше, чем у предшественников. Камера чёткая, стабилизация хорошая. Широкоугольная съемка чёткая, яркая. Батарею на играх держит сутки. Тянет почти все игры, на очень требовательных немного греется. Связь хорошая, четко слышно собеседника. На открытии нескольких приложений не виснет. Звук громкий, чёткий. Не возможно пропустить, что тебе звонят. В руке лежит удобно. Узкий и длинный. С маленькой ладонью не очень удобно пользоваться телефоном одной рукой, приходится подключать вторую руку. Хороший, удобный смартфон, но цена у неё завышена.",otzovik.com,otzovik.com,4.0,2020-03-28,https://www.otzovik.com/review_9710661.html,positive
"Достоинства: Актуальный дизайн Батарея Качество фото Красивый внешний вид Стильный Экран
Недостатки: Позиционирование динамика Слабый процессор
Самое важное в смартфоне, это в первую очередь его цена. Стоит этот смартфон в среднем от 15000 до 20000 тысяч рублей, за эту цену лучше телефонов по моему мнению нет. Приступим к плюсам и минусам которые я выделил в этом телефоне. Плюсы: -У этого смартфона невероятно хороший 6.5"" дюймовый экран с разрешением 2400х1080 точек, камера находится посередине, и это выглядит очень красиво -Батарея очень хорошая, заряжаю раз в 2-3 дня при довольно активном исользовании. -У камеры сзади 4 модуля: 48 Мп основная, 12 Мп сверх широкоугольная (В основе пользуюсь только ими) Для меня это один из самых важных факторов, на работе мне надо очень много фотографировать, с этой функцией телефон отлично справляется. и доволен как удав. Качество потрясающее. -Для кого-то это может быть минусом, но лично для меня это плюс. Крышка сзади сделана из пластика а не из стекла, если вы уроните смартфон со стеклянной крышкой, то менять её будет довольно дорого, в то время, как пластик можно поменять за какие-то копейки. Сам смартфон выполнен современном дизайне, который каждому по своему угодит -2 слота под симкарты, особенно на работе мне без двух симкарт никак не выйдет. На этом собственно для меня плюсы этого смартфона подходят к концу.Galaxy A51 очень хороший смартфон, который я рекомендую к покупке потому-что, даже за такую цену иметь такой дисплей, хороший дизайн, пусть и не самый мощный процессор, отличную камеру, есть ряд небольших минусов, но плюсы их перекрывают. Пользуюсь 2 месяца, нареканий в работе не замечено. На счёт конкурентов, сравнивая его с другими смартфонами, они сразу же отпадают. Тот же Redmi note 8 pro намного хуже, чем данная модель, когда выбирал, в этом окончательно убедился. Можете посмотреть конкурентов, ну мне кажется что вы вряд-ли найдёте что-то лучше:",otzovik.com,otzovik.com,5.0,2020-12-29,https://www.otzovik.com/review_11197107.html,positive
"Достоинства: Супер
Недостатки: Нет
Я лично не имею этого, но мой муж и я тоже пользуемся этим, и я могу сказать, что это очень интересное меню. Очень ярко выраженные цвета и очень быстро тестирование - это блестяще. Я думаю, это очень хороший подарок для всех нас.",otzovik.com,otzovik.com,5.0,2020-04-17,https://www.otzovik.com/review_9847363.html,positive
"Достоинства: Хорошая камера
Недостатки: Не выявила
Мне понравился это телефон тем, что в нем все Понятно. Понятно что и где находится. Дизайн телефона очень красивый. Камера хорошая, на редкость. Я брала этот телефон на день рождения и фотографировала вид на природу. Получилось очень красиво. Думаю прохожу с ним очень долго.",otzovik.com,otzovik.com,5.0,2020-01-26,https://www.otzovik.com/review_10094643.html,positive
"Достоинства: Процессор - камера.
Недостатки: Память
Покупал телефон год назад, до сих пор пользуюсь. Очень хорошее качество, процессор быстрый не тормозит. Удобно для игр, для работы и так далее. Материал качественный, не лагает, не греется, не тормозит. Вобщем, как всегда, Самсунг делает нереальные вещи.",otzovik.com,otzovik.com,5.0,2022-10-30,https://www.otzovik.com/review_13936365.html,positive
"Достоинства: Яркий экран
Недостатки: цена должна быть для России меньше
Телефоном уже две недели балуюсь. Чехлы пока для него проблема, только оригиналы или пластик(бампер) разный. Нашёл китайский в билайне за 1000 чехол книжка, мне так удобнее. Из функционала не скажу что слишком шустрый, но и на зависания не похож. Звук в динамике для меня отличный, если вы не из разряда музыкального слуша то и вас думаю устроит. Экран яркий, яркость убавлял. аккумулятор реально держит два дня при условии, что только звоню на работе, ну так сообщения в месенджерах и около часа в инете полазить. Минусом считаю что иногда он почему то не с первого раза реагирует на касание пальцем при звонке. Со второго вроде как отвечает. Отпечаток не ставил, поставил пин. Налепили стекло, смотрите фирма какаято налепила брака не все стёкла клеятся по краям. с одного края прилипает, а с противоположной стороны нет. Так как стекло тоже с окантовкой можно не заметить, потом пузырики начнутся. Есть фонарик. Телефон нормальный весьма. взял его т. к китай сейчас приболел да и с их интенсивностью смены компаний покупал аппарат на несколько лет, а не чтоб через пару лет его прекратили снабжать обновлениями.",otzovik.com,otzovik.com,5.0,2020-02-18,https://www.otzovik.com/review_9505114.html,positive
"Достоинства: Android, экран 6.5"" AMOLED (1080x2400), Exynos 9611, ОЗУ 4 ГБ, флэш-память 64 ГБ, карты памяти, камера 48 Мп, аккумулятор 4000 мАч, 2 SIM
Недостатки: Нет
Пользовался 5 месяцев данным аппаратом. За это время у меня сложилось двоякое впечатление. То что меня радовало в данном девайсе: -Частые обновления ПО, обновления оболочки приходили почти одновременно с флагманами, так же Samsung пообещал обновление версии Android в течение 3-х лет. -Оболочка продуманно неплохо. -Samsung Pay - одна из лучших платёжных систем, которые я видел. -Экран хорошо настроен. Ранее от Amoled экранов у меня уставали глаза (А50, Mi 9T), с этим же всё куда лучше. -Заряжается довольно быстро, часа с небольшим хватит для заряда до 100%. Теперь перейдем к недостаткам: -Частые зависания. При использовании смартфона в соц. сетях у него часто могла начинать виснуть клавиатура на пустом месте, при том что в фоне ничего не работает. -Производительность в большинстве игр не радует, в простеньких будет всё ОК, но если играть в более требовательные, то начинаются проблемы. -Батареи с трудом хватает на день, такое ощущение что в смартфоне не 4000mah, а максимум 3000mah. -Нагрев в простых задачах, при просмотре YouTube может начать греться. В играх из-за нагрева начинается троттлинг. Учитывая все минусы и плюсы можно понять что этот смартфон скорее для нетребовательных пользователей. Цена, за которую его сейчас предлагают не самая адекватная. Рекомендую!",otzovik.com,otzovik.com,5.0,2020-12-10,https://www.otzovik.com/review_11090913.html,positive
"Достоинства: Есть быстрая зарядка, большой экран, хорошая камера, красивая задняя крышка.
Недостатки: Если носить телефон без чехла, то на задней крышке остаются отпечатки пальцев.
Телефон подарили мне на день рождение. С тех прошло уже 2 месяца. Я уже успел узнать плюсы и минусы этого телефона. Плюсы этого телефона: есть быстрая зарядка, большой экран, хорошая камера, красивая задняя крышка. Минусы этого телефона: если вы носите телефон без чехла, то на задней крышке остаются отпечатки пальцев. Телефон мне очень нравится если носить его с чехлом, то проблемы с отпечатками на задней крышке нет. На этом всё что я могу сказать об этом телефоне.",otzovik.com,otzovik.com,5.0,2021-01-18,https://www.otzovik.com/review_11312341.html,positive
"Достоинства: AMOLED-экран Мощный процессор Съёмка в 4к Slow-mo режим
Недостатки: Батарея держит только в течении дня (нужно заряжать каждый вечер)
Купил его чуть больше, чем год назад (он тогда только вышел). Сейчас телефон работает так же быстро, как в момент покупки. Брал для того чтобы снимать фото/видео и играть в игрушки всякие. С этой работой справляется на 11/10! Я даже так скажу, не вижу смысла брать что-либо дороже, если вам хватает 64GB памяти. Т. е. на момент 2020-2021 года, это по факту самый хороший телефон, да ещё и за такие деньги (брал по скидке 4000 за покупку пылесоса). Получается за 14000 я получил: AMOLED-экран (который смотрится лучше, чем IPS матрица), также 64GB памяти и 4GB оперативки, ещё и комплект приличный (проводные наушники и зарядка).",otzovik.com,otzovik.com,5.0,2020-11-25,https://www.otzovik.com/review_11000922.html,positive
"Достоинства: Очень доступный телефон,хорошая камера.
Недостатки: проблемы с зарядкой.
Очень нравиться камера( видео и фото) этого телефона. Подарил мне муж этот телефон, я стала разбираться в настройках. Было все доступно и понятно. Мне понравилось качество звука. Данный телефон у меня уже 1 год и на качество звука это никак не повлияло, а вот на камеру к сожалению повлияло, но скорее всего я сама в этом виновата. На камере оказалось много царапин. Очень жалко конечно. Советую : Нужно было купить защитный чехол и пленку для камеры. Пленка на экране была, с экраном все хорошо, а вот про камеру я к сожалению не подумала. Хочу заметить, что!!! За 1год телефон не разу не глючил и не тормозил. Единственное в чем проблема - это в зарядном устройстве. Телефон отказался принимать старое свое зарядное устройство, пришлось купить новое.",otzovik.com,otzovik.com,4.0,2020-10-08,https://www.otzovik.com/review_10748005.html,positive
"Достоинства: Камера ,аккумулятор
Недостатки: Пластиковый корпус
Пользуюсь уже много времени, вот и хотела поделиться. Плюсы: хорошая камера, огромная панель с круглым вырезом, что очень удобно для просмотров видео, аккумулятор на 4000милиампер, быстроя загруска приложений, не тормозит, что очень радует. На этом всё перейдём к минусам: плохой сканер отпечатка пальца, нужно приложить усилия, чтоб разблокировать телефон, ещё по моему мнению самый большой минус, это то, что курпус пластиковый, сломать его можно запросто, да и не в этом суть, а в том ч то этот телефон выглядит дешевле своей цены. Но а ток телефон очень хороший.",otzovik.com,otzovik.com,3.0,2021-01-28,https://www.otzovik.com/review_11372470.html,neutral
