text,source,category,rating,date,url,label
"Достоинства: Дизайн, хорошая камера
Недостатки: В целом норм, но батарея не соответствует заявленной мощности
Я придерживаюсь того мнения, что детям дорогие телефоны противопоказаны. В суровой школьной реальности им просто долго не протянуть) Но теперь я прихожу к выводу, что иногда лучше доплатить. Хонор 7а - это наш четвертый телефон, купленный специально для ребенка. До этого были кнопочный телефон от Кенокси , сенсорные телефоны от МТС и от Fly. Они служили худо-бедно около 1 года и дальше уходили умирать в страну тормозных, зависающих и постоянно разряжающихся телефонов... На их фоне Хонор 7а просто чудо, спустившееся с небес. Для мальчика - это стильный дизайн с красивой задней панелью синего цвета. Данная панель из пластика, не металлическая. Да, я согласна, что телефон Хонор по стилю похож на классический Айфон. Технические характеристи Хонора радуют. Основная камера 13 пикселей, фронтальная камера 5 пикселей, более чем достаточно для нормальной фотографии. Картинки яркие. Примеры сделанных фото основной камерой прилагаю. Без фильтров и редактирований. Общее их качество на твердую 4. Утро, 6 часов: 6 часов вечера: Съемка в помещении: Попозже поймаю котов с улицы и тоже сфоткаю)) К примеру у меня самой телефон Самсунг 2018г., и те же характеристики камер по пикселям, что и у Хонор, но на моём Самсунге фотографии безусловно почётче. Экран безрамочный. Тонкий легкий корпус. Батарея 3020мАч. Весьма неплохо за такую цену. Хватает на день примерно при активном использовании. Слоты для двух симок. Внутренней памяти 16 + 2 Гб, но можно ее увеличить дополнительным слотом для карты памяти. Внутренняя память, на мой взгляд, самое слабое место данной модели. Но и не забываем про демократичную цену. Хороший процессор в 4 ядра, не плывет в играх. К сожалению, в последние года кроме зарядника в комплект к телефонам не входят мини наушники, а жаль. Могу подсказать Вам еще более бюджетный вариант смартфона, с практически со схожими характерискиками: это модель Xiaomi Redmi 6A 2/16GB. Ребенок доволен. Почему я не ребенок?)) Любви вам. Спасибо. P.s.: Отзыв дополняю - минус всё-таки есть, батарея 3020 не соответствует заявленной мощности, спустя 2 месяца использования она всё быстрее разряжается.",otzovik.com,otzovik.com,4.0,2019-01-18,https://otzovik.com/review_8208930.html,positive
"Достоинства: В описании.
Недостатки: В описании.
Мой айфон скоропостижно умер. Пришлось взять что-то попроще до покупки желаемого телефона. Взгляд упал на honor A7. Huawei Honor 7A оснащается 5,45-дюймовым дисплеем с разрешением HD+ (720 x 1440 пикселей) и соотношением сторон 18:9, основной камерой на 13 Мп, 8-мегапиксельной фронтальной камерой со вспышкой. Оперативной 16 ГБ, встроенной флеш-памяти с возможностью расширения карточками формата microSD. Аккумулятор обладает ёмкостью 3020 мАч. Явно приукрашивают объем аккумулятора. Есть в разных цветах. У меня золотистый. Пользуюсь им около четырёх месяцев . Минусы. 1. Телефон сам себе друг. После разговора, положив трубку, неоднократно наблюдала картину: набирает вызов номера, который звонил пару дней назад. Ладно бы кому-то из знакомых, так в основном клиентам (не внесённым контактам в телефоне), происходит это часто. Приходится постоянно контролировать, не набрал ли он чей-то номер. 2. Зависает. 2Гис, Контакт - для нас проблема. То вылетает из программ, то грузит по 3-4 минуты. 3. Батарея. Сказать что слабая, ничего не сказать. На день постоянного пользования не хватает. Заряжаю 2 раза в день если сижу в нем целый день. Сейчас пишу отзыв 15% как с куста. Не вся яркость экрана. Нагревается сильно. Плюсы. 1. Дизайн. 2. Комфортно сидит в моей небольшой руке. 3. Яркий дисплей. 4. Фото для своей цены он делает не плохие. За такие деньги хотелось бы простой телефон, который не будет виснуть. А остальные ""примочки"" на фоне его работы вообще не нужны. Модель новая, может сильно сырая, может мне так повезло именно на этот телефон.",otzovik.com,otzovik.com,2.0,2018-08-19,https://otzovik.com/review_6858308.html,negative
"Достоинства: Красив, эффективен, приятен в использовании, адекватная цена
Недостатки: Пока нет
Купила Huawei Honor 7A около месяца назад, и мне он очень нравится. Я, правда не избалована гаджетами. До этого у меня был смартфончик HTC, успевший очень и очень устареть за долгую и верную службу, с ним сравнивать было бы совсем нечестно. HTC исполнилось немало лет, когда он ушел на покой. Honor 7A - совсем другой уровень, недостатков у него нет вообще, а только сплошные достоинства (ну для меня по крайней мере). Теперь фото. Упаковка. То, что в ней было: Т. есть сам смартфон, очень краткая инструкция, наклейка на экран, гарантийный талон, зарядка и булавочка, чтобы выдвигать гнездо для симок (можно пользоваться сразу 2-мя) и карты памяти. Это гнездо, кстати, выглядит довольно хрупким и я его выдвигала с опаской, так и кажется, что сломается. А вот вместо приложенной булавки воспользовалась обыкновенной канцелярской разогнутой скрепкой, так уж получилось, подошла ничуть не хуже. Здесь нужен очень маленький вариант симки - нано симка. Я обращалась в салон связи, сделали минут за пять, при предъявлении паспорта. Размер экрана - 5.45. Поближе этикетка на коробочке и наклейка, которая была на экране, там как раз есть рисунок выдвижного слота для симок и карты памяти: Несколько фото со всех сторон смартфона. Вид слева: Тут как раз виден выдвижной слот с отверстием для булавочки. Вид справа - нижняя кнопка - включение-выключение, верхняя - громче-тише. Задняя панель Кроме того, вверху есть гнездо для наушников, а внизу - для зарядки. Экран блокировки при включении После разблокировки появляются два рабочих экрана, которые можно подогнать под собственные потребности. У меня так и так Экран очень яркий, краски сочные, красивые. Несколько примеров. Смартфон в руке: Для меня этот размер (5.45) как раз удобен, ни большой, ни маленький. Но Honor 7A очень легкий и довольно скользкий, поэтому я предпочитаю носить его в чехле. У смартфона две камеры - основная 13 MP и фронтальная 5 MP, что меня полностью устраивает. Несколько фото от Honor 7A. Внутренняя память - 16 гигов, что совсем немного, поскольку приложения съели практически все это количество. Но поскольку есть слот для карты памяти (поддерживает до 256 гигов), то проблемы нет. Одним словом, для меня смартфон всем хорош, недостатков я не вижу. Wi-Fi ловит хорошо, по интернету с ним гулять комфортно, приложения открывает шустро, пока не тупит. Заряжается часа два. Если целый день сидеть в телефоне, то примерно на день и хватает зарядки. Сколько прослужит? Что ж, тут только время покажет.",otzovik.com,otzovik.com,5.0,2019-02-11,https://otzovik.com/review_7711822.html,positive
"Достоинства: Цена
Недостатки: Дизайн
Добрый вечер, сегодня хотел бы рассказать про смартфон Honor 7A. Стоит телефон в районе 7-8 тысяч рублей. За эти деньги вполне неплохой гаджет с рядом полезных функций. Лично мне нравится, так как в последнее время даже люди, которые не слишком разбираются в гаджетах стали переходить на смартфоны, и можно им подарить смартфоны, такие как этот. У телефона хорошая задняя камера в 13 МП. Передняя всего 5 МП. Видео снимает в формате FullHD, но по личным впечатлениям не очень хорошо, но напомню, что телефон стоит меньше 10 тысяч рублей. Да и тем, кому я выбрал в качестве подарка данный гаджет не особо и нужна фронталка, а вот задняя камера будет очень даже ничего. Версия Андроид стоит 8.0 - для телефона за такие деньги очень даже неплохо. Материал корпуса - пластик. Мне это не очень нравится, я предпочитаю, чтобы был из металла. Телефон выглядит неплохо, но надпись внизу мне не нравится. У телефона большой экран, при этом рамки можно было бы сделать и поменьше. Плюс еще и в том, что для людей в возрасте чем больше экран, тем виднее что написано. Качество телефона покажет время, по автономности же телефон не уступает конкурентам. С учетом различных бонусов и скидок можно купить телефон тысяч за 5, тогда это будет хорошее приобретение, например, в качестве подарка.",otzovik.com,otzovik.com,4.0,2018-09-09,https://otzovik.com/review_6946369.html,positive
"Достоинства: Цена, качество вполне устраивает
Недостатки: Притормаживает
Приветик всем заглянувшим! Начался наш первый учебный год, а это значит ребенок уже совсем взрослый, самостоятельный и поэтому связь с ним держать нужно еще крепче, мало ли куда свернет, заблудится, переоценит свою самостоятельность... В общем ну мало ли что! Изначально, хотели купить более бюджетный телефон, но в озоне замаячили сладкие скидки на более мощные, более энергоемкие модели и я недолго думая купила телефон, модель которого была у меня уже на слуху и я знала что эта модель не может нас подвести. Итак, купили мы смартфон Huawei Honor 7A за 5990 крышкой, с красивого глубокого синего цвета, без приставки PRO - обойдется, маленький еще)). Тут же был заказан на али чехол за 200 рублей - черный, стильный, из кожи молодого дермантина(который пришел удивительно быстро - за 2 недели), и весь глубокий синий вновь стал черным. Доставили телефон даже раньше, чем обещали, спасибо Озону. В комплекте с телефоном была зарядка и скрепка, чтобы вынуть слот памяти. Её мы потеряли в этот же день. Эхх). Хорошо были скрепки от других телефонов. В принципе и наушники сейчас в основном не кладут для удешевления ""коробочки"". Вообще это самый дешевый хонор, но не смотря на это многие параметры - памяти ПЗУ И ОЗУ, камера, андроид, никак не уступает моему асусу , который я на минуточку покупала за 12 тысяч. Конечно емкость аккумулятора у меня помощнее. И процессор тоже получше и пошустрее. Сканера отпечатков здесь нет, камера одна-все по стоимости). Кстати, хоть и отпечатка и нет, можно настроить распознавание по лицу, то есть отпечатки не требуются. У Honor 7A очень удачное расположение слотов для симкарт-их 2+слот под микроSD- мне этого очень не хватает(. Зарядка на 1 Ампер, то есть очень не быстрая, но у меня есть старая зарядка от нокиа, ей я заряжаю и свой асус очень быстро и Honor 7A. Первая настройка телефона проходит очень быстро, нужно со всем соглашаться, если андроид уже не первый. Если, как у меня настройка происходит для нового пользователя придется уже с новой симкартой создать всяческие учетные записи для того, что бы умные тети и дяди нас всех отслеживали! В настройке телефона ничего сложного нет - все интуитивно понятно. После установки удалили все ненужные программы. И отдали на растерзание ребенку.)) Кстати в отличие от моего - в этом было предустановлено несколько игр детских- то есть понятно, что такие телефоны в основном покупают детям). Телефон выполнен из пластика- опять же это бюджетнее. Экранчик IPS, безрамочный довольно таки яркий, краски не искажает как Samsung Galaxy J2 , пикселей особо не заметно, все четко, красочно. Разрешение HD+, андроид 8.1, память 2ГБ- оперативка, 16 ГБ- встроенная ПЗУ. Уже маловато, но вспомним про цену и тихо промолчим. Не смотря на цену, это брендовый телефон, оболочка emotion ui, что позволяет пользоваться телефоном для людей, которые ничего в них не понимают)), в том числе и дети. А также благодаря постоянным обновлениям, разработчики исправляют свои баги и присылают нам новые обновления, что поддерживает не всегда быструю, в случае с нашим хонором, но при этом стабильную работу телефонов. Процессор MediaTek, который стоит в Honor 7A, позволил снизить стоимость гаджета, но все таки работа иногда притормаживает, но слава богу ребенок не жалуется. Да и грех жаловаться, у меня были намного хуже телефоны)) при той же стоимости. Думаю подрастет у друзей появятся мощные аппараты и ему захочется. Камера основная 13 МП (4208*3120), фронталка - 5 МП, видео - можно снимать на FullHD, стабилизация слабенькая, фокусировка работает с нажатия пальца. Кстати емкости аккумулятора хватает ребенку на сутки, думаю уже через год активной работы заряда будет едва хватать до вечера. В принципе телефон у меня оставил приятные впечатления, не смотря на ""тормознутость"". Honor 7A за 5990 рублей: + стильный дизайн; + яркий без искажения цветов экран, красивой вытянутой формы, с диагональю 5,7 + камера нормальная +++ слот симкарт и память- отдельно + цена + обновления идут часто - тормозит В общем за такую стоимость для первоклассника я более чем довольна!",otzovik.com,otzovik.com,4.0,2019-09-09,https://otzovik.com/review_8727930.html,positive
"Достоинства: Цена, качество, батарейка, камера.
Недостатки: Мало встроенной памяти, скользкий)
Доброго времени суток читатели Отзовика! Смартфон Honor 7А, произведённый компанией Huawei. Производительный смартфон за небольшие деньги. Пользуюсь им уже 3 месяца и пока не подводил! Хороший процессор и оперативы 2 Гб способствует производительности аппарата. Жаль мало встроенной памяти(16Гб), но всегда можно поставить дополнительно флэш-карту. Так же имеется обновлённый андроид 8.1. Служит исправно и нареканий к нему никаких нет. Звук динамика достаточно громкий( по мне так громче и не надо). Не тормозит и не тупит, если конечно обслуживать должным образом( Ccleaner и всё такое). Отдельно хочется поговорить о камерах. Передняя камера 5Мпкс. так себе( для скайпа и вайбера достаточно). Тыловая камера совсем не дурна. Вот примеры фотографий... Аккумулятор тоже заслуживает похвалы. 3000 Микроампер хватает на два дня при средней эксплуатации. Заряжается очень быстро. Вообщем Хонор 7а качественный агрегат за разумные деньги. Спасибо нашим лукавым азиатам! Всем удачных покупок и до встречи!",otzovik.com,otzovik.com,5.0,2018-09-27,https://otzovik.com/review_7017941.html,positive
"Достоинства: Красивый,современный,удобный
Недостатки: Пока не нашла
Здравствуйте, читатели отзыва! Поделюсь с Вами впечатлениями от купленного ребенку телефона Honor 7A. Сын давно хотел новый телефон, тем более старый сломался, а тут как раз и повод-день рождение, 10лет) Стала я изучать характеристики смартфонов, т. к. нужен был телефон, который хорошо держит зарядку, где можно поиграть в игры без подвисаний, также сын хотел так называемый ""безрамочный"" экран, ну и цена конечно чтобы была не заоблачной) Все это плюс хорошие отзывы нашла я в этом телефончике Honor 7A. Средняя цена в магазине 7400руб. Я заказала на сайте Озон, с учётом бонусов за 7000руб. В целом приемлемо! Телефон пришел в обычной коробочке, комплектация минимальная - зарядное устройство, ну и инструкция) А, еще есть скрепочка, которая открывает отделение для сим карт(их может быть две) и для карты памяти. Сам телефон сделан, конечно, в Китае. Неплохие камеры, 13Мп и 5Мп, диагональ 5.45', процессор 4 ядра, емкость батареи 3020мАм, сим-карты НАНО-сим, у меня получилось вырезать из обычной симки. Более подробные характеристики кому интересно, можно без проблем найти в интернете. Телефон тоненький, довольно таки симпатичный, задняя крышка синяя, но есть и другие цвета. В целом работает хорошо, уже есть много приложений, поддерживает игры, которые не тянули другие мобильные устройства(есть еще планшет Асус), со слов ребенка). Зарядку держит хорошо, есть индикатор, зеленая лампочка говорит о том, что телефон полностью заряжен! Динамики громкие) В целом рекомендую, телефончик хороший! Спасибо за внимание!",otzovik.com,otzovik.com,4.0,2018-12-16,https://otzovik.com/review_7408159.html,positive
"Достоинства: ✔ Цена, ✔ Удобство, ✔ Камера, ✔ Батарея
Недостатки: ✔ Внешний вид, ✔ Дисплей, ✔ Немного медлительный
Всем привет! Учитывая современные реалии и возможности, я регулярно приобретаю новые гаджеты и девайсы по акциям и скидкам. Во-первых, можно купить хорошую новую технику за небольшие деньги, а во-вторых, перепродать в случае необходимости со всеми документами и чеками. Смартфон Honor 7A мне рекомендовали как хороший и недорогой, вполне оправдывающий свои деньги. В магазинах его цена колеблется от 6000 до 7500 рублей в зависимости от цвета корпуса и встроенной памяти (и самого магазина). Мне он достался еще дешевле. Смартфон находится в стандартной синей коробочке с одной единственной надписью. На боковой стороне имеется наклейка со всеми необходимыми данными. Модель смартфона - ""DUA-L22"", собран он, конечно же, в Китае. С момента сборки до попадания ко мне в руки прошло примерно 2 - 3 месяца, телефон ""свежий"". На обороте также имеется информация. Основные моменты телефона, это: - 18:9 Безрамочный экран. Проще говоря, внизу вместо места для кнопочек идет продолжение экрана. За счет этого смотреть фильмы и сериалы, а также читать книги стало немного удобнее. Однако многим отсутствие рамок только мешает. - Камера 13 Мп и 5 Мп. Смартфон имеет довольно неплохие камеры, лично я не особо придирчивый человек и ""отзовист"", поэтому для меня важно, чтобы фото было не смазанным и мелкий текст на этикетках хорошо читался. С этими задачами он справляется, хотя и не на ""отлично"". - Двойная сим карта и слот для SD карты. В смартфон можно вставить две микро-сим карты и флешку. Сейчас это практикуется повсеместно, особо сказать тут нечего. - Четырех ядерный процессор ""MediaTek MT6739"" с частотой 1500 МГц. Несмотря на неплохие цифры, процессор довольно слабенький. Регулярно происходят подвисания, а процесс обновления программ может затянуться надолго. Смартфон не такой шустрый, как хотелось бы. - Оперативная память 2 Гб. Это средний показатель, какие-то красивые 3D игры с кучей анимации он вряд ли потянет, либо потянет с долгими зависаниями. Но для обычных мессенджеров и просматривания фильмов и сериалов пойдет вполне нормально. - Встроенная память 16 Гб. Не знаю, кому как, но лично мне 16 Гб кажутся довольно большим объемом памяти для телефона. Если грамотно ""почистить"" смартфон от ненужного софта и навязываемых программ, то места будет еще больше. К тому же можно хранить часть информации на SD-карте. Я, например, храню все фото и видео только на карте, так безопаснее и проще. Для тех, кому интересно, габариты смартфона: 70.9 х 146.5 х 8.3 мм. Вернемся к упаковке. Внутри находится смартфон, ключик для извлечения слота под сим карты, зарядное устройство и вся необходимая документация. Кстати, извлекается слот для сим-карт очень туго. Приходится сильно нажимать на ключик, имейте это ввиду. Потому что я долго с ним просидел, прежде чем рискнул надавить посильнее. Выглядит смартфон вполне обычно, как самый обычный смартфон. Снизу имеется надпись ""honor"". Но меня не покидает чувство, что глядя на него, так и хочется сказать: ""недорогой"". В комплекте идет гарантийный талон от производителя на нескольких языках. Сразу становится понятно, где продается и куда распространяется данная модель. Несмотря на синий цвет задней панель, в комплекте шло белое зарядное устройство. Заряжается смартфон достаточно бодро и быстро, но это потому что я использую родную зарядку и потому что смартфон совсем новый, и, соответственно, батарея еще пока тоже. Сразу хотелось бы отметить, что в этом смартфоне нет привычного нам меню. Все иконки хранятся прямо на рабочем столе. Их можно складывать в папки или размещать на других экранах. Для тех, кто не знает, можно прокрутить рабочий стол влево или вправо и поместить иконки на свободные места. Виджеты тут все стандартные, каких-то крайне полезных я не нашел. Что касается цветопередачи и самого восприятия качества картинки, мне не очень нравится. Все цвета какие-то тусклые даже после тщательной настройки дисплея. Каждый пиксель немного отдает белым светом, из-за чего складывается небольшое впечатление, словно смотришь старый круглый советский телевизор (тут я, конечно, перегнул). Работает телефон неплохо, во время разговора никаких помех замечено не было. Правда произошла не совсем приятная история. Почему-то смартфон перестал воспроизводить музыку, которую я установил на звонок. В настройках рингтон спокойно выбирается и даже проигрывается, а во время звонка никакого звука просто нет, только небольшая вибрация. Наличие таких незначительных, но неприятных мелочей, сильно раздражает. Набирать текст можно, но какого-то удобства или качества от прикосновения я не почувствовал. Приходится немного надавливать на экран, чтобы он зафиксировал касание. Мне это показалось не очень удобным. Во всем остальном, это самая обычная клавиатура с набором текста. В настройках все пункты разбиты на основные разделы. Чтобы найти необходимый раздел, не приходится прикладывать особых усилий, к тому же есть поиск. И это радует. В горизонтальном режиме все сайты и программы переходят в ""альбомный"" режим, поэтому просматривать сайты становится немного удобнее. Однако даже на фото чувствуется какая-то бюджетность. Смартфон не дотягивает до статуса ""отличного"" даже за свои деньги. Экран довольно сильно отражает свет. Даже у моих более старых и дешевых смартфонах такого эффекта не было. Вроде бы все неплохо, но не могу сказать, что я остался доволен им. Основная камера обладает 13 Мп. Как я уже говорил ранее, мне этого вполне достаточно. Огромное количество своих первых отзывов я разбавлял фотографиями, сделанными на старенькую Sony с камерой в 5 Мп, мне и того вполне хватало. Ниже оставлю фото, которое я сделал по дороге в магазин. Передняя камера имеет 5 Мп, она также неплоха. Для общения с друзьями по скайпу вполне нормально, но вот сделать хорошее селфи не получится. Все равно будут видны размытости и замыленность на фото. Лучше перевернуть и по-старинке сделать фото на заднюю камеру. В общем и целом, я остался смартфоном не очень доволен. Конечно, он бюджетный и ожидать от него чуда не стоит. Однако смартфон ""Honor 7A"", к сожалению, выглядит как бюджетный, работает со скоростью бюджетного и полностью является бюджетным смартфоном. Это факт. Подведем итоги: Плюсы: + невысокая стоимость, в среднем 6500 рублей + удобный смартфон + неплохая камера + неплохая батарея и быстрая зарядка + количество встроенной памяти Минусы: - бюджетный внешний вид - не очень хороший дисплей по всем параметрам - иногда тормозит и немного глючит - случаются мелкие косяки и недочеты Я не совсем доволен эти смартфоном, но если отбросить личное мнение и смотреть фактам в глаза, то мы имеем средний смартфон за низкую стоимость. Ожидать от него чуда не стоит. Советую ознакомиться с телефоном, который мне показался очень удобным и классным - Samsung Galaxy J4+ . Спасибо за внимание! Совсем скоро я надеюсь приобрести себе другой смартфон, а этот забыть и продать. Всем мира и добра!",otzovik.com,otzovik.com,4.0,2019-11-05,https://otzovik.com/review_8972934.html,positive
"Достоинства: Лучший телефон, который у меня был.
Недостатки: Нет.
Фото смотрите в фотогалерее. Купил по совету знакомых. Не пожалел ни разу. Мне нужен был смартфон с хорошим качеством фото. И ХОНОР мне это обеспечил. Телефон не боится падений) Ронял не однократно. Как бильярдный шар. Подскакивает. И как ни в чем не бывало. Минус для этой модели- не могу найти чехол. Для ХОНОР 7А ПРО- есть) Для 7А- нет)... Вот так. Печалька . Но корпус достаточно крепкий. Не остается царапин. Так же и стекло. Батарея держит долго. Есть режим экстремального энергосбережения. Пользовался пару раз, когда ломалась зарядное устройство в машине. Корпус телефона- тяжелый) Приятная тяжесть. Тонкий. Кнопка громкости и включения- выключения находится на одной стороне. Симка вставляется в корпус с боку. Место для симки открывается с помощью специального щупа. Симка- микро. Сам корпус разобрать без навыка- проблематично, но можно. Лучше- не разбирать. Чтоб не повредить корпус. Пользуюсь без карты памяти. Места хватает. Информацию лишнюю не держу, периодически провожу оптимизацию и обновляю. Редко смотрю видео и почти не снимаю его сам. Чаще- фото. Огромное количество функций - мне без надобности. Скорость инета, качество фото, и крепкость самого смартфона- вот собственно и все. В телефоне- не работаю. Только как средство связи и навигация. Ну и фото. У меня уже пол года. Претензий ни к качеству, ни к работе самого телефона- нет. Купил по скидке. Всем доволен)",otzovik.com,otzovik.com,5.0,2019-12-17,https://otzovik.com/review_9184417.html,positive
"Достоинства: Удобно лежит в руке.
Недостатки: Аккумулятор, камера, меню.
Купил этот тел 29.08.2018. За день до этого купили такой для супруги. Пока его настраивал он мне вроде понравился, решил взять такой для себя. И вот попользовавшись буквально два дня понял, что погорячился. До этого пользовался HUAWEI Y3 2017. Это ""небо и земля' ребята! Аккумулятор хоть и 3000 махов дотягивает до вечера с трудом при средней нагрузке (несколько звонков, переписка в ватсапе, несколько смс, несколько фото. Никаких игр или музыки) тогда как Y3 при аккуме в 2200 махов тянул 1,5 суток, т. е. день-ночь и до вечера следующего дня спокойно доживал. Камера тоже стремная хоть и заявлено 13мр. Изображение вытягивает к углам. И что меня совсем добило - нельзя установить предустановленные обои на рабочий стол и экран блокировки. Фото пожалуйста, скачанные изображения запросто, а из телефона нет. Только те что в теме оформления. В общем не советую.",otzovik.com,otzovik.com,3.0,2018-09-03,https://otzovik.com/review_6921072.html,neutral
"Достоинства: Цена, отличная камера, яркость экрана, громкость, наличие многих встроенных приложений, оперативная память, дизайн
Недостатки: Средней мощности батарея, не очень удобные кнопки на дисплее выхода, сворачивания приложений
Я купила этот телефон в подарок маме на день рождение. До этого у мамы все время был простой кнопочный телефон . Плюсы этой модели, конечно же, в цене. Для такой ценовой категории телефон с камерой 13 и 5 МП, с такой яркостью дисплея, громкостью, батареей, мощностью я считаю отличным. Очень много встроенных полезных приложений, которых не надо скачивать самой: Яндекс, в коктакте, Ютуб, сбербанк онлайн и т. п. Для начинающего пользователя этот телефон в самый раз. Но для продвинутых пользователей данный телефон подойдёт, но не по всем параметрам. Например, батарея. Можно найти много других моделей с более мощной батареей. Также не совсем убодные кнопки выхода, назад, свернуть на самом экране. Мне лично удобнее, когда эти кнопки не на экране, а вынесены на панель телефона. Для тех, кто часто сидит в интернете, играет и т. п покажется данный телефон не очень мощным. Отмечу также плюс данного телефона- не виснет, быстро реагирует, не выкидывает из программ. Красивый дизайн. Телефон довольно тонкий, лёгкий по весу, красивый, разные оттенки- белый, золотой, черный. Я бы посоветовала данную модель тем, кто любит простоту и удобство, ведь это очень неплохая модель. Бюджетный вариант. Также у телефона очень большой плюс - оперативная память. Можно даже не покупать флешку, так как в телефоне итак много своей встроенной памяти.",otzovik.com,otzovik.com,4.0,2019-01-08,https://otzovik.com/review_7515109.html,positive
"Достоинства: Хорошо работает
Недостатки: Не нашла
Доброго времени суток, уважаемые читатели сайта Отзовик! Ребёнок подрастает, в школу пошёл, и для меня было необходимо, чтоб он всегда оставался на связи, ведь родители на работе, а ребёнка надо контролировать. На вопрос ребёнку, какой бы он хотел телефон, он всегда отвечал Хонор. Ну Хонор понятие растяжимое, и мы решили купить недорогую модель, ребёнок все так ещё мал и мало ли что... Хонор 7А мы приобрели в одном из магазинов нашего города всего за 6300. Радости ребёнка просто не передать. Ведь в нем есть все необходимые функции. Самое главное выход в интернет))) Современным детям в основном только это и нужно. В целом телефон не плохой. Ребёнок доволен и это главное.",otzovik.com,otzovik.com,5.0,2019-11-12,https://otzovik.com/review_9004585.html,positive
"Достоинства: Недорогой, многофункциональный.
Недостатки: Для этой ценовой категории их нет.
Уважаемые читатели отзыва, здравствуйте! После муторного использования в течении двух с половиной месяцев Али-экспрессного смартфона Leagoo power2 я решила таки от него избавиться, надоел, не моё. Думаю, либо продам за бесценок на Авито (благо, недорого достался), либо просто подарю кому-нибудь, всё-таки рабочий аппарат. На моё счастье в нашем городе проходила акция в Связном: трейд-ин на некоторые виды смартфонов. Honor 7 А как раз оказался в списке участников. Предварительно я прочитала отзывы о нём на различных ресурсах и решила, что это именно то, что мне нужно. Цена телефона без акции была 6990, по акции на 1000 рублей меньше. Я без малейшего сожаления абгрейдила свой Leagoo power2 до заводских настроек и ""продала"" Связному. Новым Honor 7 А пользуюсь уже больше двух недель, нареканий нет вообще, что хотела, то и получила. Прежде всего мне надо было, чтоб оперативная память была не меньше 2 Гб, здесь 2. Две симки тоже важно для меня, в Honor 7 А каждая сим-карта занимает отдельный слот, а карта памяти отдельный, ничего вынимать не надо. Звук в норме, не скажу, что он слишком громкий, но переспрашивать не приходится, как это было с Leagoo. Картинка экрана яркая, цвета насыщенные. Ни глюков, ни сбоев, никаких неприятных сюрпризов. Разве что с непривычки немного раздражает разница в интерфейсе с предыдущим аппаратом, но это дело времени, привыкну. В комплекте нет наушников, только зарядка, но в последнее время гарнитура в комплекте с телефоном идёт редко, тем более с бюджетником. Производитель закачал в аппарат кучу приложений, которые мне не интересны, всё удалила без проблем, закачала свои. В общем, за эти деньги телефоном довольна на все 100! Остальные характеристики описывать не буду, они есть в открытом доступе. Для иллюстрации предлагаю глянуть на фото рабочего стола. А вот так фотографирует камера: Все три снимка сделаны в дождливую погоду. По-моему, весьма неплохо. К покупке смартфон Honor 7 А с удовольствием рекомендую. Кстати, если у кого-то в городе акция по телефонному трейд-ину продолжается, защитное стекло и футляр в Связном покупать не советую, их полно кругом гораздо дешевле, я, например, приобрела, в своём любимом Wildberries.ru в два раза дешевле.",otzovik.com,otzovik.com,4.0,2019-07-26,https://otzovik.com/review_8528036.html,positive
"Достоинства: Удобно лежит в руке
Недостатки: Плохой телефон
Недостатки: тормозной, наустановлено много всякого, замучаешься удалять, многое удалить невозможно, тачскрин ужасен, текст исправляешь постоянно, нижние кнопки навигации не достучишься. Мода на узкоформатность экранов дает плюсы только производителям, продают большие диагонали, маленьких экранов за немалые деньги. Заряд аккума тает на глазах. Родная клавиатура... просто нет слов... Гугловскую не включить, ее или нет или заблокирована, только голосовой ввод гугл. Поотключал все что можно, чтобы не исправляло текст и не предлагало ничего. Все равно предлагает... Все это конечно лечится установкой сторонних приложений и тп, но за 7,5 тр покупать такое и колбасится с ним, чтоб более-менее заставить адекватно работать... После этого начинаешь понимать тех, кто покупает смарты за 30 тр и больше. Но это не наш метод. Рабочее устройство, которое используется по максимуму и на производстве и роняется и в грязи не должно стоить больше 10 тр. И не должно быть тормозом, раздражителей и так хватает. Пацану покупал летом мейзу 5 нот, потом еще жене мейзу 5s оба за 6,5 тр. На порядок лучше оба!!! И еще дешевле! Хотел и себе мезюк, но только на заказ и ждать не было возможности, стырый смарт с али за 2,8 совсем замучал... ну и купил такое же, только за 7.5. Не рекомендую эту поделку.",otzovik.com,otzovik.com,2.0,2018-12-28,https://otzovik.com/review_7467795.html,negative
"Достоинства: дизайн, камера, батарея
Недостатки: нет
Приветствую. Покупал данный телефон в Крыму, а точнее в Ялте. Придя в один из торговых центров, зашел в Эльдорадо. Бюджет был 10 тысяч рублей. Смотрю хоноры. Белый лежит за 7500, а черный за 10500. Ну думаю за цвет переплачивать не хочу, а белый тоже не хорошо. Спускаюсь в ДНС на первый этаж и нахожу там черный хонор за 7500. Вот на чем делают деньги боги маркетинга. Теперь по телефону. Широкий дисплей 5 с половиной, все функции современного смартфона присутствуют, андроид 8.1, своей памяти 16 гб, камеры на удивление обе отличные 13 и 5 мп, батарейка на 3000 махов, которой хватает на сутки, а если только звонить или телефон лежит в режиме ожидания на неделю и больше. С включенным интернетом и играми на 5 часов, при бесприрывном использовании. Телефон шустрый, не лагает .",otzovik.com,otzovik.com,5.0,2018-09-20,https://otzovik.com/review_6990442.html,positive
"Достоинства: Недорогой, быстродействие, хорошо держит заряд аккумулятора
Недостатки: Нет отпечатка пальца, кнопки громкости находятся возле кнопки включения на одной стороне
Телефон прекрасный! Стоит недорого, а по рейтингу может сравниться с дорогими топовыми телефонами, хоть и китайский. Очень шустрый, не лагает, нет вылетов из приложений, сам не выключается. Конечно, у кого руки маленькие, то он для них будет большим и не удобным, так как пальцы не будут доставать верх экрана, но мне всё отлично! Не знаю как он будет реагировать на холод, но в жару отлично работает. Минус, что нету отпечатка пальца и кнопки громкости находятся возле кнопки включения, но привыкнуть можно. Также у телефона нет рамки на экране, что делает больше экран, удобно фильмы и видео смотреть. Игры тянет все, включая самые мощные, которые весят больше гигабайта.",otzovik.com,otzovik.com,5.0,2018-06-29,https://otzovik.com/review_6646937.html,positive
"Достоинства: Они наверняка есть. Но писать о них не хочется
Недостатки: Скорость работы не соответствует заявленным характеристикам
Довел меня телефон до того состояния, что решил написать отзыв. Телефон с последними обновлениями. Не используется для игр и не имеет ничего такого установленного, что могло бы вызывать столь медленную работу аппарата. Телефон пустой, стандартный набор приложений андроида +банковские приложения и навигатор Ужасно низкая скорость отклика и скорость работы приложений, это очень раздражает. Мне не верится, что он на самом деле обладает заявленными вычислительными ресурсами, потому как по факту работает медленно. Часть из множества раздражающих примеров: 1) Запускаешь навигатор. Интернет LTE, сигнал хороший, качество соединения сомнений не вызывает. Поиск адреса ставишь курсор и ждешь пока всплывет клавиатура... 2) Заходишь на гугл диск, чтобы скачать фотографии в телефон (есть такая необходимость). В 95% случаев на второй фотографии он подвиснет, а затем скажет ""Невозможно сохранить"". Повторно - скачает. Не знаю почему, но виснет именно на втором файле загрузки. Разные файлы, разные папки, но виснет именно на втором файле, прям мистика. 3) В письме есть номер который хочешь сохранить, нажимаешь - всплывает меню набора и ждешь. пока появиться ""+"" чтобы добавить в контакты. 4) Самое ужасное - история вызовов, нажимаешь на информацию о номере, чтобы затем его сохранить, он начинает набирать этот номер... С третьего-четвертого раза получаешь информацию о номере и возможность его сохранить...",otzovik.com,otzovik.com,2.0,2019-04-24,https://otzovik.com/review_8101065.html,negative
"Достоинства: внешний вид и удобство, а также батарею держит норм
Недостатки: если забудете акк от Гугла, то пиши пропало или приготовьтесь раскошелиться на мастера
Ох и озадачил же меня сегодня хозяин данного телефона. Короче, договорились встретиться примерно в 17:00, а проблема была вроде очень даже стандартной. Чувак просто потерял доступ к Google-аккаунту. Ну, ок! Согласился сделать разблокировку за 500 рублей, но мне так и не удалось это сделать за «пару секунд». Не поврите, но работу закончил только в три часа ночи! Просто надежда умерла последней! Ведь почти 9 ч пытался пройти блок более примитивными методами типа установки пин-кода и играми с вай-фай прокси (сломанная связь), а прошивка весит почти 4 Gb. Ну а скорости моего интернета хватает максимум только на отзывы )) Но! В результате всё равно пришлось скачать архив, распаковать, вытащить нужный файл, закинуть в SD-карту, а ведь у меня на ноуте стоит OS Linux )) Да, ребята, на пингвине просто так не возьмешь и форматнешь на FAT32. И... После пары часов геморроя наконец-то додумался использовать OTG-переходник и подготовить диск непосредственно на рабочем андроиде. После всего этого надо было еще немного поколдовать над смартфоном, но про это рассказывать не буду. Просто лень! Итог: Блин, почему люди берут такие Г трубки? Друзья, Хонор А7 ДУА-Л22 — это одноразовый гаджет! Таким образом, если ВЫ случайно забудете свой gmail или потеряете доступ к номеру, то смело можете выкидывать )) Короче, во второй раз точно не буду этим заниматься. Всем спасибо за внимание.",otzovik.com,otzovik.com,2.0,2020-11-15,https://otzovik.com/review_10946650.html,negative
"Достоинства: Удобство, качество компонентов, цена.
Недостатки: Спонтанные ""артефакты"", материал корпуса, труднодоступность аксессуаров.
Доброго времени суток, сегодня я хотел бы рассказать о телефоне от Huawei, модель Honor 7A. Владею этим телефоном около 4 месяцев, покупался он приблизительно за 110$, Использую его как второе устройство. К большому сожалению, возникли проблемы с подбором аксессуаров, оббегав порядочное количество магазинов, я не нашел ни чехла под эту модель, ни защитного стекла. Во всех магазинах пожимали плечами или предлагали универсальные аксессуары, от которых толку : ""Как от козла молока!"". Смирившись с этой бедой, заказал это все у ""друзей китайцев"", у них там этого добра валом, и цены приятные. Теперь я расскажу о самом телефоне, и начну пожалуй с его корпуса. Он сделан из приятного, глянцевого пластика, который просто идеально собирает отпечатки пальцев и царапины!) Сзади расположена камера, объединенная со вспышкой/фонариком. О камере много гласить не буду, обладает множеством полезных функций, неплохо снимает в темноте, а также имеет хороший авто-фокус и зум. Фронтальная неплохая, но хотелось бы лучше!) Вот Вам для сравнения: Теперь ""пройдемся"" по кнопочкам, я был не очень доволен их исполнением, так как у них есть слабый, но очень неприятный ""люфт"". В целом кнопки имеют хороший ""вылет"" из корпуса, удобно нажимаются, не создавая неудобств. Экран у устройства яркий, но лично мне, он кажется слегка размытым. Обладает приятным режимом от усталости глаз, в первое время трудно было привыкнуть к этому желтоватому ""свечению"", а потом ""глаза не смог свести"" так привык к нему. Сам экран большой, с тонкими боковыми рамками. Сверху расположен динамик, качество звука скажу я вам, отличное. Он очень громкий, всегда уменьшаю звук при разговоре. А также фронтальная камера. Из приятных фишек этого телефона, мне очень понравилось раздвоение рабочего пространства, это очень удобно, когда, допустим, нужно работать с документами, либо со сверкой информации. Сам смартфон удобно лежит в руке, не приходится ""напрягаться"" при взаимодействии с ним. Есть у него конечно же и ""артефакты"", то сам кому-то наберет, то экран потухнет, а потом не отвечает, но это мелкие проблемы, которые встречаются очень редко. В целом телефон подходит для людей, которые любят ""посидеть"" в соц. сетях, почитать книги, или просто поговорить!) Батарея этому хорошо способствует. Хватает ее при постоянном использовании смартфона на 10-12 часов.",otzovik.com,otzovik.com,4.0,2018-10-27,https://otzovik.com/review_7153242.html,positive
"Достоинства: ЦЕНА ,хорошие камеры
Недостатки: Слабая батарея
Всем привет! Купили сыну смартфон HONOR 7A от компании Huawei в сентябре 2018 года в Эльдорадо за 7499 рублей. За покупку получили 200 бонусов на клубную карту + дали эльдочек на 1500 на следующую покупку и сбербанк прислал 74 спасибо. Перед этим обошли магазинов 5-6 цена у всех была одна цена 7499. Аппарат понравился : неплохой дизайн, лёгкий, диагональ 5,45 дюйма с расширением HD+(720*1440 пикселей), хороший процессор, 2Гб оперативы, камеры 13 и 5 мп. ( неплохие фото), 2 слота под nano sim и слот под sd card. Хорошая яркость + функция работа в темноте, нет вылетов из приложений, не лагает. Главный минус - это слабая батарея, если играть и пользоваться интернетом, то часа 3 - 4 может проживёт. За такие деньги думаю конкурентов нет.",otzovik.com,otzovik.com,4.0,2018-10-14,https://otzovik.com/review_7097153.html,positive
"Достоинства: -цена -не самая худшая камера
Недостатки: -всё остальное
Телефон был приобретен мной в конце июня 2018 года. БЕЗРАМОЧНЫЙ FULLVIEW ЭКРАН 5,45 ДЮЙМА ОСНОВНАЯ КАМЕРА 13 МП С ФАЗОВЫМ АВТОФОКУСОМ ФРОНТАЛЬНАЯ LED-ВСПЫШКА, ФРОНТАЛЬНАЯ КАМЕРА 5МП НОВАЯ ОС ANDROID 8.0 Нужен был хороший бюджетник с более менее нормальной камерой и с памятью побольше, чем у моего старенького Samsung Galaxy Grand Prime. Выбор был между Honor 6A и вот этой злосчастной семёркой. Симпатию я испытывала к Honor 7A, так как его дизайн мне по душе. Насмотревшись прекрасных обзоров на YOUTUBE я решила взять именно его. После покупки выяснилось, что существует еще магическая китайская версия, на которую все видеоблогеры снимали обзоры. Моему разочарованию не было предела. Ладно, хорошо нет fase-id, двойной камеры, но то, что телефон начал тупить со второго дня после покупки- вот это настоящее веселье. Про игры я вообще промолчу, производительность - плохой пример для компаний, которые производят смартфоны. Глюки периодически проскакивают, всё зависает, аж сердце разрывается. Мой вам совет : закажите такой же телефон, только дешевле с любимейшего ""Айлика"".",otzovik.com,otzovik.com,2.0,2018-10-03,https://otzovik.com/review_7046860.html,negative
"Достоинства: Дизайн
Недостатки: Глючит, батарея слабая, виснет.
Купили полгода назад дочке телефон хонор 7А. Продавец уверял, что этот телефон хороший, заряд батареи хватает на долго, в итоге батарея держится очень мало хватает буквально на три часа это если ты даже в нем не играешь, а просто позвонить или написать сообщение (разве так должен работать телефон!? Я просто в ужасе!!!), глючит конкретно, виснет. Иногда даже не могу дозвониться до ребенка, телефон включён а говорят абонент. За такие деньги на тот момент можно было и что то по лучше купить, но нас уверяли что эта модель самая лучшая, ОН не стоит таких денег. И да кстати, в последнее время я от многих слышала что есть такие же проблемы как и у нас. Не покупайте его, лучше добавить и купить другой.",otzovik.com,otzovik.com,2.0,2019-12-23,https://otzovik.com/review_9209942.html,negative
"Достоинства: Камера и экран
Недостатки: память телефона
Телефон достойный своих денег! Телефон пришёл в течении 20 дней! Отправили в воздушном матраце! В упаковку положили сам телефон белого цвета, скрепку, чехол, зарядное устройство и плёнку. Качество этого смартфона отличное, качество фотографий и видео тоже на высоком уровне, очень довольна. Восьмиядерный процессор тоже работает шустро. У телефона есть возможность поставить две сим-карты и сд-карту. Экран телефона яркий и довольно большой! Телефон стоит где-то 7 540 рублей, хочу сказать, что телефон стоит своих денег, хотя есть и минусы. Батарейки хватает тоже надолго. К минусам могу отнести память телефона, так как скачать и играть в игры с большим объёмом не возможно.",otzovik.com,otzovik.com,5.0,2019-02-22,https://otzovik.com/review_7775819.html,positive
"Достоинства: Цена. Качество фотографий. Бюджетный вариант.
Недостатки: В комплекте только одно зарядное устройство. Нет гарнитуры и хотя бы чехла.
Добрый день! Мы решили данный телефон подарить на день рождение. И не долго думая остановились на этой модели Honor. Для нас было главное сначала конечно же это цена, походив долго по магазинам, посмотрев разные варианты остановились на этом бюджетном, свиду красивом варианте. В комплекте находится только зарядное устройство, никаких наушников и прочих аксессуары мы не обнаружили. Протестировав телефон, хочу написать что для его цены (7490 рублей) это достойный вариант, Камера хорошо фотографирует, конечно же никак последний айфон, но все же не плохо, приложения не тормозят, скачивается все быстро. Сам телефон не лагает. Телефон покупался ещё раз повторю в подарок на день рождение папе. И вообще мне нравится Honor, у самой айфон 5S и следущий телефон планирую купить Honor только подороже. Всем спасибо.",otzovik.com,otzovik.com,5.0,2019-02-20,https://otzovik.com/review_7763192.html,positive
"Достоинства: Цена, дизайн, качество сборки, раздельные слоты 2-х SIM и SD card.
Недостатки: Автономность могла бы быть и побольше с такой АКБ, недостаточная оптимизация оболочки под производительность процессора.
Здравствуйте, сегодня расскажу про смартфон Huawei Honor 7A. По началу расстроился после пары дней автономии. Не было понятно, почему батарея была на 6-7% за ночь. SD SD Maid (без рут прав) очистил мусор, оптимизировал базу данных. Поэтому я посмотрел настройки запуска и отключил ненужные процессы. Стало намного лучше) экран на максимальной яркости ниже, чем у смартфонов? Ну, я не знаю, мой ползунок яркости находится в области на 67-72% больше, и он даже не нужен мне в яркую погоду, ну, это мое субъективное мнение - может быть, у кого-то хуже вид и склонен к дальтонизму. Не открывать файлы по почте? Непонятно, по какой электронной почте (на самом деле есть люди, которые все еще используют mail.ru и даже через браузер?)) Если мы говорим о встроенном почтовом приложении, это нормально, а Exchange и IMAP работают хорошо. Динамик вполне мнимый, нормальный без остановок в четкости и громкости. Согласно программе, я могу сказать, что я вижу только тормоза на вибрации при открытии самого приложения и полученные сообщения, или watsapp или телеграмма. Браузеры также работают без задержек как в Chrome, так и в Opera. О проблемах или, как говорится, задержках при 60 кадрах в секунду также удивляет, я просто активировал несколько видео с YouTube со скоростью 60 кадров в секунду / 4K - нет задержек или зависаний. В Интернете все хорошо - в WiFi или LTE ничего не пропадает (я не пользуюсь Skype, потому что в современном компьютерном веке это извращение). Приложения незаметно устанавливаются на SD-карту - вам просто нужно проверить соответствующие настройки в настройках памяти. Итак, это вполне жизнеспособный смартфон с комментариями по автономности и оптимизации мощной оболочки с не очень мощным процессором))) Ждем обновления. Достоинства: Яркий, шустрый, удобный, современный. Много интересных фишек, которые, в принципе, могли бы и отсутствовать в телефоне такого ценового сегмента, но они ЕСТЬ, что не может не радовать... (например, ночной режим, защита зрения, FaceID, и т. п.). Недостатки: хочу добавить в эту модель функцию быстрой зарядки и устойчивое к царапинам стекло - но это все, мелкая придирка ... :) В общем, нареканий нет - все заявленные функции работают без ошибок, сбоев и тормозов.",otzovik.com,otzovik.com,4.0,2020-01-11,https://otzovik.com/review_10003046.html,positive
"Достоинства: Хороший смартфон
Недостатки: Попадается заводской брак с экраном
Доброго времени суток! Хочу поделится впечатлениями о смартфоне Honor 7a. И так, начну с того что компания Honor - это тот же Huawei, и качество в принципе то же только чуть дешевле из-за невысокого имени бренда (Honor). Купил себе год назад (в 2018) и первые пол года ни разу не пожалел, удобный интерфейс, неплохая камера (13 и 8 мп) качество сьёмки конечно не дотягивает до 13 мп, но изображение хорошее, экран большое (5.45), батарея держит хорошо с музыкой, фильмами и играми на день хватало. И как я писал выше ""первые пол года"". А потом началась проблема с экраном, в правом углу стало появляться некое пятно (рыжее), как я потом узнал - потекли кристаллы, и как раз вспомнил что ронял его немного, ну думал всё нужно менять, а в гарантии это не предусмотрено, но тут опять повезло и знакомый мастер сказал, что это заводской брак и можно поменять по гарантии. Но как я его потом уронил и разбил экран полностью писать не буду.))) Вообщем с гарантией я пролетел. Короче, телефон на свою сумму хороший! И если у вас появляются рыжие пятна то это скорее всего заводской брак, несите в сервисный центр!",otzovik.com,otzovik.com,4.0,2019-01-01,https://otzovik.com/review_8134738.html,positive
"Достоинства: Надёжность, быстродействие, хорошая камера.
Недостатки: Лично для меня, это моноблок. Не привык ещё, что нельзя снять крышку и акб.
С фирмой Хайвей дружу с одиннадцатого года, когда приобрёл самый первый Хонор, который кстати работает до сегодняшнего дня. Но речь не о нем. Данная модель порадовала в первую очередь ценой. За 7500р вполне достойная начинка. Экран, диагональю 5.45"", шестнадцать гигов внутренней памяти, два гигобайта оперативной. Андроид восьмёрка. Две снимки и микро sd. Камера тринадцать мегапикселей снимает вполне достойно. Аккумулятора, при среднем использовании, хватает на полтора суток. Если только для позвонить, то трое суток держится. Конечно, если играть в серьёзные игры или сидеть весь день в социальных сетях, то и на день может не хватить. В общем впечатление положительное, и за три месяца использования, ещё ни разу не заглючил, не выключился. Уверен, что так и в дальнейшем будет. Из всех производителей, доверяю только Хайвею, и друзьям советую.",otzovik.com,otzovik.com,5.0,2019-01-30,https://otzovik.com/review_7638742.html,positive
"Достоинства: Современный стильный недорогой
Недостатки: пока не нашли
Купила мужу на Новый год. Цель- второй телефон для работы в такси. Тянет 2 приложения одновременно, никаких нареканий. Муж-""танкист"" со стажем, танки тоже тянет без проблем. Вобщем он доволен, про технические характеристики говорить не буду-есть в инэте, оперативка 2Гб, встроенная-16 Гб, камеры : фотокамера 13 Мп, фронтальная камера 5 Мп, снимки получаются качественные. Очень бюджетно получается за такие параметры, мы довольны и всем рекомендуем. На вид очень стильный, тонкий, прикольный. Благодаря бонусам от сбербанка обошелся около 7 тыс. рублей. Подойдет и для подростков, которые любят поиграть, в интернете посидеть. Рекомендую",otzovik.com,otzovik.com,4.0,2019-01-18,https://otzovik.com/review_7569599.html,positive
"Достоинства: Хотя бы пользоваться можно, картинка приятная. Единственное, что меня устраивает, так это цена:) Полностью совпадает с качеством смартфона!
Недостатки: Память, камера, батарея, телефон в целом. Приложения открываются очень медленно (в том числе и заводские: музыка, сообщения, контакты и тд.), как и клавиатура.
Отзывы мои будут честны, а этот не исключение. Больше 2-х лет назад приобрела смартфон Honor 7A на 16Gb. Сначала думала, что «Вот и всё, наконец-то у меня нормальный телефон с хорошей памятью, наконец-то я буду снимать видео и загружать кучу приложений, чтобы поиграть»... Этот телефон не оправдал моих ожиданий и надежд. О камере: может быть, с самого начала камера будет прекрасной, не будет глючить и заедать, но после недельного использования она обязана даст о себе знать. Задняя камера (фотокамера) 13Мп, а фронтальная 8Мп. Поняла, что особо селфи не поделаешь (особенно в плохо освещенном помещении), да и фотографии в целом, потому что именно они будут занимать огромное место в памяти телефона. О памяти: здесь уже решать вам, покупать на 16Gb или нет. Была бы я умнее 2 года назад, взяла бы совершенно другой телефон! Память настолько быстро забивается, что я даже понять не могу, чем именно. Ни дня не проходит без того, чтобы практически на весь экран вылезало окошко с надписью «Память почти переполнена». На смартфон скачано от силы 4 приложения, но этого хватило с головой, чтобы телефон начал знатно подлагивать и тормозить. Ребята, которые хотят на этом гаджете поиграть в World of Tanks, PUBG или Standoff... Бога ради, не покупайте этот телефон, потому что поиграть не получится. Во-первых, будет ужасно лагать и тормозить, а во-вторых, память забьётся и вы не сможете её очистить вообще. Ах да, карта памяти вам тоже не поможет, ибо она в первые 3-4 дня будет забита чем-то непонятным (у меня стоит карта памяти на 64Gb). О батарее: да тут и говорить нечего. Если вы с 8 утра до 12 дня (а это всего лишь 4 часа) будете безвылазно лазить в Интернете, или смотреть тот же YouTube, то могу гарантировать вам, что заряд не продержится, и будет близок к 5%. В общем, не держатся ваши Амперы... О телефоне в целом: экран неплохой, качество картинки более-менее, но вот насчёт клавиатуры есть много нюансов. Во-первых, если вам нужно срочно что-то напечатать, она как назло будет открываться минуты 2, иногда набор букв будет идти с задержкой, то есть если ваши пальцы уже написали на клавиатуре «Привет. Как дела?», то сама клавиатура будет сначала думать, а потом уже лениво выводить «Прив...». Динамики оставляют желать лучшего, т. к. звук не такой уж и громкий. Про батарею писала выше... У меня иногда складывается такое впечатление, будто этот смартфон создан только лишь для связи (звонки, смс и тд.), ну потому что невозможно уже им пользоваться. Я надеюсь, что вы не совершите такой же ошибки как я и не купите данное создание.",otzovik.com,otzovik.com,2.0,2022-03-30,https://otzovik.com/review_13231139.html,negative
"Достоинства: Нет
Недостатки: Виснет, мало памяти, плохие камерв
Хочется написать отзыв о данном телефоне Honor 7A prime. В 2020 году решила сделать подарок маме, и купила данный смартфон. Приехав домой, включив телефон, был запрос на обновление телефона. Что я и сделала. После обновления, он начал виснуть, долго открывать сообщения, интернет, контакты. Решила, что надо ехать в магазин и показать им телефон, но в салоне сказали, что я его уронила по дороге и что мне продали хороший телефон, а я виновата сама. Ну ок... Приехав домой, я скинула к заводским настройкам, заново обновила систему и обновила приложения телефона. Но от так и не перестал виснуть. Немного о телефоне Экран 1440720 пикс. Оперативная память 2гб Встроеная память 32гб Основная камера 13мпикс Фронтальная камера 5мпикс Камера мне не нравится, фотографии не четкие, есть расплывчивость. Фронтальная ещё ничего. Это главный экран и меню В общем, какие выводы я сделала по данному телефону: Если и покупать этот смартфон, то ребенку, которому не нужны социальные сети, а пользоваться телефоном только с целью позвонить ну и посмотреть мультфильмы. Для взрослого человека, который пользуется социальными сетями, ютубом, и многими приложениями, этот телефон не рекомендую. Он будет ужасно виснуть, и не давать нормально пользоваться приложениями, которые вам нужны. Крайне расстроилась, что купила этот смартфон Honor 7A prime маме. Очень об этом пожалела.",otzovik.com,otzovik.com,1.0,2021-01-29,https://otzovik.com/review_11987254.html,negative
"Достоинства: Дешёвый, удобный интерфейс, много различных плюшек помимо простых функций.
Недостатки: Максимально ограниченная память,фронтальная камера.
Где-то 2 года назад я заприметила этот смартфон на витринах магазина электроники. Затем, подробно рассмотрев упомянутый ранее телефон, я всё же взяла его. И так, спустя два года ""тестирования"" я могу написать максимально конкретный отзыв. При первом использовании я была в восторге, так как ранее мной использовались самые простые телефоны (кнопочный мобильный телефон от Nokia и Fly). По стилю и дизайну данный смартфон очень похож на Apple Iphone. Зарядка держится довольно долго (даже при достаточно большой яркости и непрерывном использовании). Телефон включает в себя много различных функций в ""Настройках"":озвучивание при нажатии, синтез речи, инверсия цветов, коррекция цвета и т. д. То, что меня не порадовало-это память. В данном телефоне-16GB. Ну а что можно было ожидать от максимально бюджетного мобильного устройства? Но, как мы все знаем, память можно расширить путём вставления в слот телефона sd-карты. Также, если вы захотите записать историю в Инстаграме с маской, то записанное видео будет непременно лагать. Мало того, что соц. сеть Инстаграм никак не решает проблему с лагающими историями, так ещё и качество смартфона подводит. Меня очень удивило то, что в упомянутом ранее мобильном устройстве всего один динамик. Он выполняет все функции двух динамиков:разговор по телефону, просмотр фильмов, прослушивание музыки и т. д. В заключении могу сказать, что в целом, телефон выполняет все необходимые функции. Если ваш бюджет ограничен, то такого смартфона вам будет вполне достаточно. Я могу порекомендовать данное устройство в подарок детям. Скачать разные игры будет запросто, также, если ему понадобится что-то по учёбе, то ребёнок сможет выйти в Интернет и посмотреть необходимую ему информацию.",otzovik.com,otzovik.com,4.0,2020-06-29,https://otzovik.com/review_10272511.html,positive
"Достоинства: Цена, регулярные обновления, неплохой дизайн, батарея ничего и на 4- фронт. камера.
Недостатки: Основная камера (её качество и кол-во), процессор, Micro USB, пластиковая крышка и нет скан. отпечатков пальца!
Отдали телефон в Евросети, из-за того, что у другого телефона был брак микрофона, по советам консул. предложили его, цветом синим. В первую неделю потёрся корпус (хотя носил оч. аккуратно)! Также динамик забился пылью. Первые 5 мес. было всё хорошо, потом начались лаги и с обновлением ухудшились камеры (не знаю каким способом), наверное, потому что вышла новая модель - Honor 8A. Позже было невозможно им пользоваться сильно просела батарея, процессор не тянул даже - Subway Surfer, а камерой вообще перестал пользоваться, т. к. текст плохо даже фоткала! Короче купил новый Samsung Galaxy A50, кстати отзыв пишу с него. А Huawei, Honor больше не куплю, потому что: получился плохой опыт использования и у них больше нет Google сервисов. Смартфон рекомедую на 6/10. Стоит он сейчас 5 тыс. руб., а раньше 7490 тыс. Берите лучше за эту цену - Samsung Galaxy A01!",otzovik.com,otzovik.com,3.0,2020-01-11,https://otzovik.com/review_10003101.html,neutral
"Достоинства: Вспышка на фронтальной камере.
Недостатки: Память, качество камеры ночью.
Прошло 9 месяцев с покупки телефона. Сначала все было хорошо, но позже начались проблемы. Покупала этот телефон на тот момент в районе 7 тысяч, сейчас наверное он стоит тысяч 5. Не хватает памяти, пишет, что нет памяти и может выключить интернет и пока вы не очистите память, он не включит интернет. Не очень удобно когда выключает интернет в неподходящий момент. Качество камеры на телефоне не такое уж и плохое, но ночью качество ужас. Плюс большой в том, то что на фронтальной камере есть вспышка. В инстаграм истории невозможно снять, все очень глючит и четкости вообще нет. Бывает видео на телефон снимаю, а там заедают слова и видео только удалить и можно, ибо все заглючило. Телефон подойдёт для детей, самое то, тк не так жалко и не дорогой.",otzovik.com,otzovik.com,3.0,2020-04-24,https://otzovik.com/review_9888066.html,neutral
"Достоинства: Одни плюсы.
Недостатки: Не нашла.
Летом 2019 года искала себе новый телефон. Лишние навороты так скажем не нужны. Выбирала только для определенных целей, это звонки, соц сети ну и конечно камера, дизайн. Для девушки это важно. Пришла в салон связи, там очень много разных моделей, можно взять на любой кошелек. Но как только я увидела этот телефон, сразу загорелось его посмотреть ближе. Что могу сказать... Телефон очень хороший, дизайн спокойный, камера меня устраивает. Качество полностью удовлетворило. Пользуюсь 7 месяцев и довольна. Купила в белом варианте, не забывайте в качестве защиты приобретать защитное стекло и чехол, от падений помощь огромная. Соц сети все работает. Приложения, игры так же и система выдерживает их с легкостью. Сам ни разу не выключался. На морозе проблем нет. Общее впечатление хорошее. За цену брала 7990 если мне не изменяет память.",otzovik.com,otzovik.com,5.0,2020-01-17,https://otzovik.com/review_9327174.html,positive
"Достоинства: Более менее хороший экран.
Недостатки: Не стоит своих денег.
Телефон хороший, пользуюсь уже 6 месяцев. Немного глючит, но пользуюсь. Если будет много падать сломается динамик. От того как упал он экраном вниз на асфальт с высоты примерно 1 метр у него появилась маленькая царапина. Не стоит своих денег, предпочитаю брать Huawei y6 2019 Снимает видео в 2 mp 30 fps что меня не устраивает за его деньги. Таким телефоном как моё мнение: можно пользоваться максимум года 2 ибо появляются зависания, становится мало памяти т. к для 2019 года 16 gb уже неактуально. Камера снимает фотографии хорошо, 13 mp, но фотографии получаются для любителей. Для профессиональных фотографов не подойдёт, для instagram подойдёт идеально. Для селфи фотографий ещё актуально 5 mp.",otzovik.com,otzovik.com,4.0,2019-12-11,https://otzovik.com/review_9155287.html,positive
"Достоинства: Качество радует и прост в использовании
Недостатки: Для себя не нашла
Honor 7a для кого-то покажется устаревшей версией, ведь сейчас все бегут за новым, в основном, чтобы повысить рейтинг и репутацию, а для меня это наиболее подходящий и удобный телефон из тех, какие у меня были. Очень удобно помещается в ладони(не надо разгинать пальцы до невозможного), звук достаточно громкий, что очень удобно, если находишься в другой комнате или положила телефон в карман, оперативная память достаточная для меня, про размер добавлю ещё, ведь я и искала телефон для себя-чтобы удобно держать, не тяжёлый, легко помещается в карман, ну и качество камеры, конечно радует-фото получаются классные, а я до сих пор их распечатываю и собираю альбом, как раньше, ведь сейчас у всех всё на компас, так что моё мнение-я удачно с ним попала))))) да, кстати и подруга моя тоже себе приобрела такой и всем довольна, а теперь и парень её планирует себе приобрести такой-же.",otzovik.com,otzovik.com,5.0,2019-10-08,https://otzovik.com/review_8847954.html,positive
"Достоинства: камера, встроенные приложения, четкая картинка
Недостатки: быстро разрежется, тихий динамик, мало памяти
Это удобный телефон, не слишком громоздкий, с хорошей камерой и послушным сенсором. Правда лично для меня мало памяти. Ещё быстро тратится заряд из-за подключения к Bluetooth. Динамик немного тише чем хотелось бы. Картинка, яркая четкая и красивая. 4G ловит нормально. Очень удобно - телефоне сразу встроено несколько игр и приложений. За пол года что телефон был а защитном стекле на этом самом защитном стекле появились 3 скола 3 трещины и пара царапин из-за пары инцидентов связанных с мелкой неаккуратностью. Так что в целом телефон показал себя с хорошей стороны.",otzovik.com,otzovik.com,4.0,2019-03-13,https://otzovik.com/review_7878522.html,positive
"Достоинства: Большой экран, хорошая камера, удобный интерфейс, приемлемая цена, известный бренд производитель
Недостатки: Нет
Недавно возникла необходимость в покупке нового смартфона. Мой предыдущий смартфон к сожалению устарел по самим техническим характеристикам. Этот телефон я выбирал по соотношению технических характеристик и стоимости товара. Нужна была довольно качественная камера, большой экран, сделан в 3018 году, надежный крупный производитель и приемлемая цена. Просмотрев предложения нескольких интернет-магазинов остановил свой выбор на модели Honor 7A. Стоимость смартфона составила 8,5 тысяч рублей, покупал в магазине Эльдорадо с гарантией в 12 месяцев. Телефон продается в стильный однотонный голубой коробочке, сбоку название модели и представлены основные характеристики. В комплекте к телефону зарядное устройство, инструкция и гарантийный талон. Внешне выглядит очень красиво, во многом благодаря тому что довольно тонкий корпус и диагональ экрана 5,5 дюйма. В руке лежит очень удобно, сенсором пользоваться очень удобно. Ресурса аккумулятора хватает на полтора дня активной работы. Карта памяти и симкарты находятся в одном отсеке, достаточно легко вытаскивается. Отдельного внимания заслуживает камера на телефоне, она 13 мегапикселей, это более чем достаточно чтобы делать качественные снимки. Передняя камера тоже довольно неплохая, пять мегапикселей, для селфи вполне достаточно, кстати селфипалка довольно легко подключается к устройству. Телефон обладает двумя гигабайтами встроенной памяти, для приложений этого вполне достаточно. Также в телефоне 16 Гигабайт своей памяти, в принципе тоже в принципе этого хватает, а если даже и мало то можно ещё и карту памяти дополнительно в телефон установить, как я и сделал кстати. В общем телефон по всем параметрам отличный, мне он очень нравится. Я ему от себя могу поставить исключительно пять баллов и рекомендовать к покупке однозначно.",otzovik.com,otzovik.com,5.0,2018-12-29,https://otzovik.com/review_7471269.html,positive
"Достоинства: Камера,производительность,эргономика,качество сборки.
Недостатки: Иногда может греться
Добрый день! Данный девайс купил летом 2018. Очень доволен покупкой. Заряд батареи держит уверенно сутки. Камеры хватает даже в темном помещении. В режиме серфинга Интернета ведёт себя уверено. Но было замечено, что в некоторых приложениях по типу TIK TOK и подобным ему приложения слегка нагревается в верхней части экрана. Несколько раз ронял телефон из-за своей криворукости, но Honor выдержал даже падение на бетонный пол с высоты моего роста (184 см). Не пострадал ни экран, ни платы. Телефон удобен и компактен. Подойдет для любителей средних по размерам телефонов. Экран просто прекрасен одни положительные эмоции от него. Поддержка 4G присутствует. Сеть ловит очень хорошо. Особенно заметно когда у друзей не ловит совсем либо ловит плохо Honor выдает половину делений либо полное заполнение делений. Под водя итог, скажу одно очень классный бюджетный смартфонов подходящий для ежедневного пользования и отвечающий всем современным требованиям.",otzovik.com,otzovik.com,5.0,2018-11-02,https://otzovik.com/review_7183398.html,positive
"Достоинства: Стильный, лёгкий, удобный, быстрый.
Недостатки: Пока не обнаружил
Доброго времени суток уважаемые посетители сайта. Сегодня мы с вами поговорим о смартфоне ""Huawei honor 7a"". Как и другие свои собратья- этот телефон очень элегантно оформлен. Стильный дизайн. Ничего лишнего. Клавиши звука и блокировки расположенный так, что до них возможности дотянуться пальцем не прилагаю ни каких усилий даже если телефон находится в одной руке. Если работаешь на нем, когда гаджет находится на зарядке. Провод не мешает в каком бы положении не был бы расположен телефон. Устройство работает так же как и в первый день даже спустя 4-6 месяцев его эксплуатации. Не тупит. Интернет работает отлично. Я работаю на нем постоянно так что я его выключаю только когда ложусь спать. Слот под сим карты рассчитан на 2 сим карты и флешкарту (я пробовал ставить на 64гб тянет хорошо). Экран яркий камера отличная. Ну в принципе и все что я могу сказать о хоноре. Всего доброго...",otzovik.com,otzovik.com,5.0,2018-10-30,https://otzovik.com/review_7167890.html,positive
"Достоинства: Выполняет основные функции.
Недостатки: Мало памяти, Деформируется, ломается аккумулятор, тупит спустя 1.5 года использования
в целом телефон не плохой, первые года полтора работает почти отлично, иногда подвисает, после полугода начинает тупить. Внутренняя память составляет 16гб, которые достаточно быстро заканчиваются из-за скачивания необходимых приложений. Из-за недостаточного места на устройстве, постоянно вплывает окно с просьбой очистить память, которое нельзя закрыть, только перейти и очистить. Очистка особо ничем не помогает, но пару минут вы сможете пользоваться смартфоном до появления нового окошка. За 3 года использования телефон деформировался в плане формы, он постепенно приобретает форму полукруга (такое же явление заметила у своих знакомых с этой же моделью телефона). Эта деформация особо ничем не мешает, но настораживает. Лично меня в этом смартфоне ещё не устраивает, что среди приложений встроенных нет заметок, писать свои планы на день можно в календаре, но оставлять заметки увы негде. Также начинает страдать аккумулятор. Иногда телефон стоит на зарядке но не заряжается, просто висит на 1%. Хотя про качество зарядника могу сказать, что он пережил многое и оставался в рабочем состоянии долгое время.",otzovik.com,otzovik.com,3.0,2021-11-12,https://otzovik.com/review_12664987.html,neutral
"Достоинства: Стильный дизайн, приятная стоимость, 2 SIM, качественный фронтальный фото модуль со вспышкой
Недостатки: После 3 лет службы заряжаем каждый день
28 апреля 2019 года я себе купила первый смартфон. Долго выбирала и мое сердце выбрало Huawei Honor 7A. Он в первую очередь покорил меня своим дизайном и маленьким габаритом. Аппарат удобно лежит в любой руке благодаря удачной форме и высококачественным материалам. Выбрала синий цвет. Габариты: высота — 146,5 мм, ширина — 70,9 мм, толщина — 8,3 мм, вес — 142 г. Сразу приобрела для него черный чехол и стекло защиту. Очень прост в использовании. Устройство поддерживает работу двух SIM-карт в режиме ожидания. Это значит, что Вы не сможете одновременно использовать две SIM-карты для вызовов или передачи данных. Эта функция позволяет снизить энергопотребление устройства и увеличить время его работы в режиме ожидания. Работа этой функции не зависит от настроек сети оператора. Это меня устаивает. В смартфоне установлена основная камера с фазовой автофокусировкой. Она получила 13-мегапиксельный сенсор, и функцию быстрой фокусировки. Есть хорошая вспышка и HD-разрешение, позволяющее делать четкие и яркие фотографии. У пользователя также имеется возможность создавать снимки с эффектом размытия заднего плана. На лицевой части смартфона расположилась фронтальная 5-мегапиксельная камера со светодиодной вспышкой. Это позволяет делать автопортреты в любое время суток. По началу аккумулятор хватал на 3 дня. Это мне казалось очень хорошо. Дочка пошла в школу. Нужен телефон. Так как смартфон Huawei Honor 7А ни разу за это время не ломался и проблем с ней не было, телефон перешел по наследству дочке. Но сейчас дочка заряжает ее каждый день, а так все нормально. Если хотите бюджетный вариант с минимум функций, то это самое то.",otzovik.com,otzovik.com,5.0,2021-10-06,https://otzovik.com/review_12506077.html,positive
"Достоинства: Цена
Недостатки: Мало памяти, отсутсвие плеймаркета, производительность
Приобрести данный смартфон довелось 2 года назад, ввиду утопления предыдущего. Выбор телефонов в салоне был огромен, но у меня были четкие критерии: - компактность - отсутствие nfc - низкая цена Под первые два пункта подходило много моделей разных брендов, но вот по цене по только Honor 7a. На тот момент еще был предустановлен плэй маркет, поэтому проблем с приложениями не возникло. Однако по своим характеристикам, за 2 года использования, он попросту превратился в ""звонилку"", т. к. ни памяти, ни быстродействия не хватает для реалий современности. Отдав его маленькой дочери, купил себе новый. Кстати дочке вполне хватает, поэтому, кому нужен телефон для звонков и с небольшим количеством приложений, вполне хороший бюджетный вариант. Но вот актуально ли брать новый, в виду отсутствия плэй маркета, вопрос дискуссионный.",otzovik.com,otzovik.com,4.0,2021-08-13,https://otzovik.com/review_12295442.html,positive
"Достоинства: Зарядка, качество фото, процессор, цена, функции
Недостатки: Память
Этот смартфон я купила 2,5 года назад за 7450 рублей. Памяти в нем 16 ГБ, это очень мало, через 2 месяца использования вам будет мешать пользоваться телефоном надоедающая фраза ""недостаточно памяти"". А в остальном телефон очень хорош. Присутствует 2 слота для сим-карт и ещё один для карты памяти. Разрешение 1440*720. Соотношение сторон 18 9. Батарея довольно-таки мощная 3020 мА*ч. С хорошей зарядкой телефон можно зарядить за 1 час 30 мин-2 часа. Основная камера 13 МП, а фронтальная 5 МП, это очень неплохо, даже очень чётко. В камере есть панорама, видеосъемка, украшение, HDR. С помощью опечатка пальца разблокировать экран не получится, но можно с паролем, PIN-кодом, графическим ключем, распознаванием лица. NFC, или без контактной оплаты нет. Живых обоев в телефоне нет, но можно скачать специальные приложения, чтобы установить их. Смартфон выпускался в 3-х цветах:синий, чёрный и золотой, а лично у меня синий. Вот и все! Можете задать вопрос в комментариях, с удовольствием отвечу.",otzovik.com,otzovik.com,5.0,2021-01-19,https://otzovik.com/review_11945917.html,positive
"Достоинства: Прочный
Недостатки: Мало памяти
Здравствуйте Всем. Рассказ мой сегодня будет о самом лучшем телефоне Смартфон Huawei Honor 7A для мамочек)) Сколько раз он у меня падал, сколько раз летел - вы бы видели это но при этом он выполнял свои функции - и мультики мы смотрели и сериалы я смотрела. При этом нужно еще сказать, что не смотря на то что он летал много раз - ни одной поломки у него не было, ни трещин, ну вообще ничего, кроме как царапин он ключей - носила я его без чехла - в кармане поцарапался. Летом попала вода в отсек наушников - через пару часов сама ""поломка"" прошла, все работала в том же режиме как и было. Тел мне очень, очень нравится. А теперь немного про минусы Маленькая память нет NFC",otzovik.com,otzovik.com,5.0,2021-02-17,https://otzovik.com/review_11486269.html,positive
"Достоинства: Достаточно прочный. Удобный по размерам.
Недостатки: Нет приложения ""калькулятор
Пользуюсь на протяжении 2 лет и не могу сказать, что он сильно испортился в процессе работы. Несмотря на то, что эта модель не очень популярна среди всех смартфонов, для меня он достаточно хорош. Я не так часто пользуюсь телефоном, а использую для того, чтобы позвонить или кому-то написать о чём-то важном. Несколько раз падал, появились пару царапин с учётом того, что присутствует защитное стекло. Но есть одно НО. В приложениях телефона я не нашёл приложения ""калькулятор"". Пришлось скачивать. Также я доволен камерой. Несмотря на то, что я не так часто пользуюсь телефоном, камеру я иногда всё же использую. Очень удобная фронтальная камера. Во время съёмки на фронтальную камеру, можно приблизить объект съёмки.",otzovik.com,otzovik.com,4.0,2020-10-10,https://otzovik.com/review_10756453.html,positive
"Достоинства: Низкая стоимость. Хорошее качество смартфона.
Недостатки: Мало встроенной памяти. Слабая батарея.
Я очень часто работаю на строительных объектах и как у любого нормального человека, телефон постоянно у меня с собой. Ведь каждый человек в наше время всегда должен оставаться на связи. Но как я сказал, работаю я на стройках, и это чревато для телефона. Всегда есть риск его уронить, обо что-то ударить, зажать чем-то, ну и в конце концов никто не отменял того что пыль тоже не очень хорошо повлияет на ваш супер дорогой смартфон. Поэтому у меня возникла необходимость приобрести телефон попроще, для работы так сказать. Этим телефоном стал Honor 7A. И надо сказать он показал себя очень недурно. Во первых, несомненым плюсом данной модели телефона является его цена. Я купил его меньше чем за 6000 рублей (мне вдовесок к нему подарили ещё и колонку Honor, очень неплохого качества, которая отдельно продавалась за 1500 рублей). Во вторых, телефон довольно удобен в использовании. Он не тормозит (чего можно было ожидать за такие деньги) и не боится мороза (я купил его зимой, так что это проверено). В третьих, у него небольшие габариты. Иногда это прямо, очень необходимо. Из минусов, пожалуй то что в Honor 7A небольшой размер встроенной памяти. И пожалуй ёмкость батареи тоже не айс - все 3000мА/ч. Так что если вы любите много сёрфить в интернете, придётся носить зарядку с собой.",otzovik.com,otzovik.com,4.0,2020-06-07,https://otzovik.com/review_10165999.html,positive
"Достоинства: Прост в применении , удобен в использовании.
Недостатки: Не найдены.
Добрый день, хочу рассказать о своей любимой фирме смартфона Huawei Honor 7A Отличный телефон, которым пользуюсь сама на протяжении уже года. Достаточно широкий дисплей, удобный не только для рабочих целей, но даже и для просмотра фильмов и игр. Претензий не имею. Очень компактный и удобный в использовании телефон. Качественная фирма телефона, которой действительно можно доверять. Современный дизайн и разнообразие цветов задней панели вводит в восторг. С удовольствие советую ее своим знакомым. Так же при покупки можно приобрести защитное стекло и чехол. Так же чехол к телефону найти достаточно легко в различном дизайне.",otzovik.com,otzovik.com,5.0,2020-01-26,https://otzovik.com/review_10095458.html,positive
"Достоинства: Лёгкий и тонкий
Недостатки: Слабая батарея
Телефон оснащён безрамочным дисплеем и имеет высокое качество звука и изображения. Позволяет выходить в интернет как с сим карты так и через вайфай. Камера 16 мегапиксилей, что позволяет снимать видео и фото в очень высоком качестве. 16 гигабайт общей памяти, это достаточно чтобы хранить много файлов и приложений, ещё имеет 2 гига оперативной памяти что тоже на много привышает его работоспособность. Может работать с флэш картой объёмом до 64гигобайт. Очень удобный интерфейс и понятный в обращений. Поддерживает слоты для двух сим карт, интернет может работать с любой из них. Имеет достаточно хорошие системные приложения",otzovik.com,otzovik.com,4.0,2020-02-15,https://otzovik.com/review_9488759.html,positive
"Достоинства: Хорошо качество съёмки Много памяти Долго держит заряд Качественный звук Красивый дизайн Доступная цена
Недостатки: Тяжело найти акксесуары
На днях сестре купили новенький смартфон чик, honor 7A. Всё его особенности и недостатки мы сейчас рассмотрим КАЧЕСТВО СЪЁМКИ |За качество съёмки производителей можно похвалить. Снимает телефон хорошо. Кок раз мы с сестрой смогли запечетлить закат, получилось классно, но цвета не такие насыщенные как в жизни ЗАРЯД АККАМУЛЯТОРА |ЗАРЯД АККАУМУЛЯТОРА у телефона так же пока что хорош, но сколько это будет длится не понятно. Сестра ходит в школу, на тренеровку и постоянно в телефоне. На удивление заряд держится и очень хорошо. Почему на удивление? Потому что сестра сидит в телефоне минимум 10 часов в день. Поэтому за заряд аккамулятора производителям тоже можно сказать спасибо ДИЗАЙН ТЕЛЕФОНА |Дизайн тоже не плох, экран вполне большой, не такой конечно как например у honor 10i, но всё равно очень не плохо. В наличии было 3 цвета:белый, чёрный и синий. Мы выбрали синий, так как белый сестра быстро испачкает даже с чехлом, а синий как то странно выглядит. Очень удобно то что нет кнопок, кнопки появляются на самом экране. ПОИСК АККСЕСУАРОВ |А вот эта задача была не лёгкая. Так как телефон уже не новый на него почти нет чехлов и защитного стекла, всё только в интернет магазинах. К счастью в одном китайском магазинчеке нашего города нам удалось найти чехол, ито он был немного не детский и очень дорогой. С защитным стеклом такая же история ПАМЯТЬ |Памяти у телефона 16гб. Этого вполне хватит людям которым не нужно куча приложений, считая что 8гб занимают приложения для работы телефона ЦЕНА |Цена нас порадовала. За такое качество телефона она вполне не плохая. Конечно спустя год цена телефона упала на 5000р потому что это уже старая модель. ИТОГИ |Телефон нам вполне понравился. Им легко пользоваться и он удобен в использовании. Советую покупать этот смартфон ведь он очень даже не плохой. На этом мой отзыв заканчивается, желаю всем счастья и здоровья(о, и хорошего Нового Года) Пока)",otzovik.com,otzovik.com,5.0,2019-12-30,https://otzovik.com/review_9240847.html,positive
"Достоинства: Все плюсы описаны в отзыве. Их много
Недостатки: Иногда тормозит при малом заряде или малом обьеме памяти
Довольно хороший телефон за свои деньги, батарея получше многих яблочников. Начнем с недостатков: 1. Невозможность включить вспышку или фонарь при заряде <15 2. При отсутствии памяти телефон моментами тупит. Теперь о хорошем: 1. Броня не пробита. Телефон крепкий, ронял каждый день, сломал дома унитаз. 2. Заряжаем час, держим 10 3. Цена-качество 100% 4. Не выключается на 50% при холоде. 5. Красивый вид 6. Неплохая камера для своей цены. Плюсов ещё достаточно нормально, но ограничусь главными, а ещё - экран не заляпывается, сенсор отличный. Пользуюсь телефоном больше года, радует по прежнему, не собираюсь переходить на яблоки.",otzovik.com,otzovik.com,5.0,2019-12-25,https://otzovik.com/review_9218474.html,positive
"Достоинства: Батарея, простота меню и главное цена.
Недостатки: Как и сказал выше это камера.
Отличный, недорогой смартфон с памятью 2/16гб... Поддержка 4G, LTE. Тянет основные игры- World of tanks blitz, Clash royal, Mobile legends. Камера оставляет желать лучшего, но при дневном освещении неплохо. Фронтальная камера (только при дневном свете снимок получается нормальным)достаточно приличная для бюджетного смартфон. Батарея очень хорошая, при непрерывной игре в 8 часов. От 100% остаётся 20%. На других бюджетных смартфонах, такого себе не позволишь. Ёмкость кстати 3020ма/ч... Сравнить могу с XIOMI Redmi 7a. По характеристикам эдентичны. В общем советую. Если ребёнок и потеряет, то не так жалко будет. Так как цена огонь. P. S. Хотелось ещё добавить то что заряжается он от 30 процентов быстрее(в процентном соотношении)чем при полной разрядке. Так что не советую его полностью разряжать. Могут возникнуть проблемы с перегревом процессора. Если телефон во время игры греется в верхней части. Советую не играть в эту игру. Он её просто не тянет. Спасибо всем! Удачной покупки.",otzovik.com,otzovik.com,5.0,2019-11-29,https://otzovik.com/review_9090166.html,positive
"Достоинства: Шустрый, отличные динамики и микрофон, бюджетный
Недостатки: Камера и ее расположение
Телефон был куплен на смену старому, не сказать что телефон отличный, но вполне хорош. Характеристики: поддержка сетей 4G (LTE) есть; версия ОС Android 8.1 Oreo; количество ядер 4; частота работы процессора 1.5 ГГц; объем оперативной памяти 2 ГБ; количество мегапикселей основной камеры 13 Мп; количество мегапикселей фронтальной камеры 5 Мп; формат видеосъемки Full HD; емкость аккумулятора 3020 мАч. Действительно телефон шустрый, не зависает и не подтормаживает - количество оперативки ощутимо. Динамик и микрофон работают хорошо. А вот с основной камерой не всё так безоблачно, начиная от того, где она расположена, заканчивая сложностью снятия хорошего кадра в помещении при искусственном освещении. Из всех режимов я выбрал HDR - снимки получаются более менее, но очень тяжёлые. Видео-ролики почти на всех режимах получаются хорошие. Что касается 16 Гб памяти, больше 5 Гб занимает система, ещё куча Гб занимают установленные приложения производителем. Хочется сказать ещё пару слов о возможности работы в нескольких приложениях одновременно, для меня это ново. Размер приложения можно регулировать. Батареи вполне хватает на сутки при средней активности. Яркости экрана на улице в солнечную погоду хватает, если поставить на максимум.",otzovik.com,otzovik.com,4.0,2019-06-12,https://otzovik.com/review_8319959.html,positive
"Достоинства: Цена,дизайн,размер,вес
Недостатки: Слабый экран
Добрый день. Хочу поделиться с Вами своим впечатлением о телефоне Huawei Honor 7a, который я приобрел в магазине DNS за 7500 руб. В целом привлекло меня следующее: - Цена. Для смартфонов с таким экраном и объемом собственной памяти это была одна из низких цен - Качество. Сам бренд и то, что сейчас повсюду только и слышно об этих смартфонах говорят за себя - Гарантия. Стандартная гарантия на год - Память. 16Гб более чем - Оперативная память. 2Гб, если ты не геймер то более чем Общее впечатление: Пользуюсь около года. Никаких нареканий не нашел. Запускал сразу несколько приложений ( для работы в такси ), так же параллельно навигатор и антри радар, всё работало превосходно. Экран слабоват, но защитное стекло компенсирует это. Памяти много. Фотки хранятся с первого дня, все картинки с мессенджеров каждый день подгружаются, история браузеров и тд, а память не заканчивается. В целом очень хороший смарт. Рекомендую",otzovik.com,otzovik.com,5.0,2019-01-16,https://otzovik.com/review_8201102.html,positive
"Достоинства: Сенсор мягкий
Недостатки: Нет минусов
сегодня хотел бы рассказать про смартфон Honor 7A. Стоит телефон в районе 7-8 тысяч рублей. За эти деньги вполне неплохой гаджет с рядом полезных функций. Лично мне нравится, так как в последнее время даже люди, которые не слишком разбираются в гаджетах стали переходить на смартфоны, и можно им подарить смартфоны, такие как этот. У телефона хорошая задняя камера в 13 МП. Передняя всего 5 МП. Видео снимает в формате FullHD, но по личным впечатлениям не очень хорошо, но напомню, что телефон стоит меньше 10 тысяч рублей. Да и тем, кому я выбрал в качестве подарка данный гаджет не особо и нужна фронталка, а вот задняя камера будет очень даже ничего. Версия Андроид стоит 8.0 - для телефона за такие деньги очень даже неплохо. Материал корпуса - пластик. Мне это не очень нравится, я предпочитаю, чтобы был из металла. Телефон выглядит неплохо, но надпись внизу мне не нравится. У телефона большой экран, при этом рамки можно было бы сделать и поменьше. Плюс еще и в том, что для людей в возрасте чем больше экран, тем виднее что написано. Качество телефона покажет время, по автономности же телефон не уступает конкурентам. С учетом различных бонусов и скидок можно купить телефон тысяч за 5, тогда это будет хорошее приобретение, например, в качестве подарка.",otzovik.com,otzovik.com,5.0,2019-01-03,https://otzovik.com/review_8139609.html,positive
"Достоинства: Хороший стиль Удобно держать в руке
Недостатки: Слабая батарея Слабый процессор Камера мыльная
Первое впечатление смартфон создаёт не плохое, стильно проработан дизайн, он всем своим видом просит взять его в руки, но делать этого не стоит. Смартфон часто долго прогружает, казалось бы на взгляд простые задачи, в пример возьмём запуск контактов на холодную работу, придётся посмотреть на экран гипнотизирующим взглядом. В плане камеры, можно сказать одно за такую цену в 8т. рублей, можно купить бюджетник и поудачнее. Процессор этого железа сделан точно не для людей любящих поиграть во что либо. Современные игры будут виснуть и греть смарт, что привидёт к быстрой его кончине. Батарея этого девайса также подводит, заряда хватает максимум на половину дня. Хотя в описании описывают более длительную работу. В итоге выходит просто, если вам нужен обычный будильник-звонила то вполне можите его приобрести, но если вы хотите от него большего, то посмотрите другие девайсы.",otzovik.com,otzovik.com,2.0,2019-02-25,https://otzovik.com/review_7787851.html,negative
"Достоинства: Компактный, не дорогой
Недостатки: Минусов пока не замечено
Доброго времени суток! Хотел рассказать о приобретении и эксплуатации телефона марки Huawei Honor 7a. Телефон приобрёл не так давно, ориентировочно 3-4 месяца назад! Зашёл в салон сотовой связи и все вот он) даже выбирать не пришлось, попросил продовца консультанта показать аппарат, посмотрел все нужные мне функции, расплатился (цену говорить не буду, но она очень радует) и вот я счастливый обладатель телефона Honor 7a! По сравнению с другими телефонами например марки LG, Samsung, Nokia которыми я пользовался до покупки Honora этот мне нравится больше всех. За время пользования телефоном замечаний ни каких у меня не возникло, напоминаю, ориентировочно это 3-4 месяца! Все комплектующие которые понадобятся находятся в свободном доступе, а это защитное стекло и разные, на любой вкус чехлы и бампера! В общем я телефоном доволен, люди покупают айфоны за бешеные деньги, а здесь очень хороший аппарат за символическую сумму! Батарея не съёмная, 2 сим карты, флеш карта! Интернет работает очень хорошо, как через Wi-Fi, так и через мобильные данные. Ну вроде все больше сказать нечего! Всем удачи",otzovik.com,otzovik.com,5.0,2019-02-21,https://otzovik.com/review_7765793.html,positive
"Достоинства: Отличное качество съёмки и большой Обьем аккумулятора
Недостатки: Не нашел
День добрый! Под новый год решили подарить ребёнку, девочке 8 лет телефон. Что выбрать??? Всякие модели рассматривали, нужно было подобрать телефон, что бы не очень дорогой и втоже время функциональный. Да что детям надо, фотографии да видео. Советовали нам всякие телефоны и самсунг и нокиа, и асус. Но остановились мы с супругой на Оноре 7а. Стоит он в районе 7500 рублей. В век технологий это не так уж и дорого по сравнению с другими моделями. За эти деньги неплохой телефон, в нем 2 гига оперативной памяти, 16 гигабайт встроенной памяти и есть возможность всавить сд карту для расширения памяти. 13 мегапикселей камера и фронтальная 5 мегапикселей.4 ядра. И качество видеосъёмки, фотографий отличное. Очень удобный, относительно большой экран, а сам он тонкий. Ребёнок в восторге. Теперь осваивает и развивается, потому что это все равно неизбежно. Если кто то захочет приобрести ребёнку такой телефон, берите не ошибетесь. Да и не только ребёнку, если вы не прихотливы в технике подобного рода, то и взрослому отлично подейдет. Всем приятного дня!!!",otzovik.com,otzovik.com,5.0,2019-02-01,https://otzovik.com/review_7651572.html,positive
"Достоинства: Камера, интерфейс, дизайн, экран, не тормозит.
Недостатки: Только звук немного плохой
Отличный бюджетный смартфон за свои деньги! Интерфейс более функциональный по сравнению с конкурентами. Качество на высшем уровне. Все работает, не тормозит, в руке сидит приятно. Очень доволен эти смартфоном. Камера меня удивило. Камера снимает все фото как реалистичные. Интернет не тормозит, всё быстро грузит. Заряд если не очень сильно сидеть в телефоне, то хватит на весь день, а если играть активно без перерыва, то хватит где-то три-четыре часа. В руке удобно лежит и не скользит. Экран гладкий. Зарядник быстро заряжается. Если с нуля до ста, то где-то 3 часа будет процентов. Но у этого смартфона звук немножко плохой.",otzovik.com,otzovik.com,5.0,2019-01-04,https://otzovik.com/review_7494851.html,positive
"Достоинства: Батарея, дизайн
Недостатки: Прошивка
Добрый вечер, сегодня хотел бы рассказать про смартфон Honor 7A. Стоит телефон в районе 7-8 тысяч рублей. За эти деньги вполне неплохой гаджет с рядом полезных функций. Лично мне нравится, так как в последнее время даже люди, которые не слишком разбираются в гаджетах стали переходить на смартфоны, и можно им подарить смартфоны, такие как этот. У телефона хорошая задняя камера в 13 МП. Передняя всего 5 МП. Видео снимает в формате FullHD, но по личным впечатлениям не очень хорошо, но напомню, что телефон стоит меньше 10 тысяч рублей. Да и тем, кому я выбрал в качестве подарка данный гаджет не особо и нужна фронталка, а вот задняя камера будет очень даже ничего. Версия Андроид стоит 8.1 - для телефона за такие деньги очень даже неплохо. Материал корпуса - пластик. Мне это не очень нравится, я предпочитаю, чтобы был из металла. Телефон выглядит неплохо, но надпись внизу мне не нравится. У телефона большой экран, при этом рамки можно было бы сделать и поменьше. Плюс еще и в том, что для людей в возрасте чем больше экран, тем виднее что написано. Качество телефона покажет время, по автономности же телефон не уступает конкурентам. С учетом различных бонусов и скидок можно купить телефон тысяч за 5, тогда это будет хорошее приобретение, например, в качестве подарка.",otzovik.com,otzovik.com,3.0,2018-11-13,https://otzovik.com/review_7239057.html,neutral
"Достоинства: отлично держит батарею,камера,большой экран,
Недостатки: корпус пластиковый,фронтальная камера,нагревается,
Приобрели этой весной смартфон Смартфон Huawei Honor 7A в черном цвете, есть еще в золотом, голубом и бывает в белом. Сразу порадовала задняя камера(13 МП) и множество фильтров в редакторе. Фронтальная камера(5МП) хорошо работает только при достаточном освещении, а без такового кажется, что рябит и фото темноваты. Большой экран очень удобен, на первой панели вмещается достаточное количество нужных иконок. Простой в управление, не требует дополнительных навыков работы с гаджетами. Система стоит Андроид 8.0, люблю Андроид, для меня-это самая удобная система для работы. За полных 5 месяцев работы нашлось только 2 проблемы: при даже получасовой игре например в банальный Морской бой, начинает тухнуть экран, хотя вес игры 136 Мб. Достаточно сильно нагревается, но на работу пока это не влияло. Не смотря на обильное посещение за день социальных сетей и всяких ссылок для просмотра видео и т. д., зарядка держится хорошо, под вечер остается минимум 56%. Страшновато, что корпус пластиковый, приходится следить, чтобы маленькая дочка не добралась до телефона, хотя уже роняла его и вставала на него, но телефон выдержал!! В общем нормальный смартфон для своей цены и для работы, можно приобрести и в подарок, ведь стоимость радует, в среднем 7500т. р.",otzovik.com,otzovik.com,4.0,2018-10-05,https://otzovik.com/review_7052684.html,positive
"Достоинства: батарея, цена
Недостатки: камера, тормозит
Выбирал себе не дорогой смартфон и глаз упал на данную модель. Решил всё таки взять. Первое время казалось что всё хорошо. По началу работал вполне корректно и не вызывал вопросов, но через некоторое время использования начались проблемы. Если кто-то берёт данную модель для игр или качественных фото, то это точно не наш вариант. Из игр тянет нормально только небольшие и не требовательные таймкиллеры. По камере тоже имеются большие вопросы. Производителем заявлено 13 мегапикселей, а фотографирует не лучше чем старый кнопочный телефон. Фото выходят очень размытыми. Где-то через год использования начал жутко тормозить интерфейс и даже самые простые задания занимали много времени. Приложения стали загружаться долго. В самих приложениях пункты меня тоже очень начали тормозить. Единственное на что он сейчас годится так это только для звонков, ну или в крайнем случае музыку послушать. Социальными сетями пользоваться так же очень проблематично. Из плюсов могу выделить только цену, но если есть возможность немного накопить и взять модель лучше, то лучшим вариантом будет поступить так. Батарею держит нормально, на пару дней стабильно хватает при умеренной нагрузке. Друзьям я такой телефон однозначно не посоветую. Лучше потратить больше денег, но взамен получить качество.",otzovik.com,otzovik.com,3.0,2022-03-24,https://otzovik.com/review_13212516.html,neutral
"Достоинства: Цена, тонкий, хорошо батарея.
Недостатки: Мало проработал
Это мой первый смартфон. Подарок. В тёмно-синего цвете. Вс меня в нём усраивало. Операционная система понятна, звонить можно, приложения какие надо легко установить. Сим карта нано размера ( старая не подошла, в салоне связи просто новую сделала со старым номером). Чтобы приложения и соц. сети прям ""летали"" оперативной памяти, наверное маловато. Через 1 год и 9 месяцев экран потух. Никакими нажатиями кнопок ничего я не смогла сделать. Пошла в сервис, а там вынесли приговор, что там что-то сгорело и ничего восстановить нельзя. Так что контакты, которые были в телефоне утеряны и жаль некоторые фото и видео. Смартфон достаточно хороший, вс дело в том сколько он проработает (а это как повзет).",otzovik.com,otzovik.com,4.0,2021-01-19,https://otzovik.com/review_11318458.html,positive
"Достоинства: Дисплей, тачскрин на 5 касаний, аккумулятор, Фотокамера (но не видео)
Недостатки: Видео пишет ужасно, звук хрипит со временем, проц достаточно слабый, но зайти в соц сети либо мессенждеры хватает.
В 2018 году, когда мой старенький iphone 4s окончательно скончался, пошел в магазин выбирать новый девайс, бюджет был как раз 7500р, на тот момент телефон так и стоил, хожу и смотрю витрину, и мой взгляд сразу упал на черный вариант хонора 7а, сперва я подумал что корпус у него металлический, ну и не сразу на ощупь это понял, вообщем повертел его в руках, и пришел к выводу что надо брать. Уже дома при втором осмотре я понял - корпус у него пластиковый, что после стеклянно-алюминевого айфона было не очень. Ну ладно, с этим можно смириться, 2 что мне не понравилось, это стекло без олеофобного покрытия, вот для кого то это не проблема, а для меня это беда, и пользоваться без постоянной протирки экрана я не мог. Позже купил средство антидождь, для лобового стекла автомобиля, и нанес этот слой на дисплей. Вообщем потом случилась 1 вещь, которую я вот совсем не понимаю, я решил посмотреть сведения о записаном видео на камеру данного смартфона, и увидел что запись ведется в формате 3gp... (У меня в таком формате писал видео мой sony ericsson k770i, 2007 года). В добавок ко всему, на видео даже при маленько плохом свете, уже падала частота кадров, и были просто нереальные цветные шумы. Просто фотографии телефон делает кстати хорошие для 13мп, макросъемка вообще порадовала. Спустя какое то время, я обнаружил, что телефон то гнутый при том, что я относился к нему бережно, и не садился на него. Нести обратно в магазин не стал, т. к гнутый он был не сильно. Но, со временем он согнулся еще сильнее, что треснула задняя крышка в районе сим-лотка. Это тоже не особо влияло на его работу, поэтому я и дальше его использовал. Само собой телефон стал тормозить со временем, и вылезли 2 болячки. Именно болячки, а не поломки именно моего телефона, т. к у знакомого был такой же смартфон, и все проблемы были идентичны. 1) динамик стал хрипеть 2) слева сверху на дисплее пошла желтая полоса как от перегрева. Аккумулятор 3020 махов держит заряд отлично, емкость скорее всего такая и есть. На полтора для смешанного пользования хватает. Дисплей сам по себе хороший, мультитач на 5 касаний.",otzovik.com,otzovik.com,3.0,2020-08-16,https://otzovik.com/review_10505103.html,neutral
"Достоинства: качество
Недостатки: батарея
Мы с мужем пользовались этим смартфоном на протяжении 2 лет. В целом смартфон мне послужил хорошую службу. К плюсам я могу отнести его бюждетность, мне обошелся примерно в 6500 рублей. Можно вставить 2 сим-карты, ну и в качестве бонуса карту памяти. Также у смартфона, на удивления, очень неплохая камера в 13 мп, а фронтальная, к слову, 5мп. Что же по минусам? Безусловно они у него есть, но в связи с его бюджетностью, я их простила. Довольно простая упаковка, отсутствуют наушники, часто подвисает в самых простых ситуациях и поэтому, к сожалению, в какие-то сложные игры на нем не поиграешь, но в простенькие запросто. Также не скажу, что он мне нравился внешне (у меня он был золотистый. А еще есть синий и черный) но опять же все это детали. Я ""обула"" его в хорошую кабуру и все. Смартфон имеет 16 Гб памяти, не могу отнести это ни к плюсам, ни к минусам, ибо у меня было не так много приложений (так как, больше мне и не надо, ибо я вообще ничего не понимаю во всех этих функциях), но многим нужно больше. Как я уже сказала, я пользовалась ими примерно 2 года, а решила поменять, ибо меня не устраивала его батарея. Это единственный минус, который я не смогла простить. Также должна сказать, что он у меня довольно много падал, и на мое удивление не ломался. Если подводить итог, то я скажу, что в целом неплохой смартфон за такую цену, есть, понятное дело минусы, но также не мало плюсов. Если вы ищете что-то бюджетное, то он, как мне кажется то, что вам надо. Как по мне, он больше всего подходит или взрослым людям старше 40 ( мне, если что, 48 и мне все нравится) или детям примерно до 13-14 лет. А подросткам, молодым людям и людям среднего возраста я такое покупать (или дарить им) все же не советую.",otzovik.com,otzovik.com,4.0,2020-01-15,https://otzovik.com/review_10030806.html,positive
"Достоинства: Неплохая камера, хорошая цена
Недостатки: Батарея, некоторые глюки
В 2019 году купил себе и своей девушке телефон honor 7A. Как и у всех телефонов у этого есть недостатки: ботарея не соответствует своим указанным характеристикам (садится быстрее положенного ), если вы любите сидеть в интернете, смотреть фильмы или играть и игры, то на этом телефоне долго не получится, в моё случае примерно 3 часа игры в телефоне. Есть ещё некоторые странности ; у моей девушке не прогружается фото, не сохроняется музыка и видео, через месяц, после покупки, стал хрипеть динамик. В прицепе, за такую цену 7590 всё идеально и не должно быть. Мне кажется, что лучше довать немного и купить себе телефон по лучше, но выбор за вами",otzovik.com,otzovik.com,3.0,2020-03-11,https://otzovik.com/review_9614807.html,neutral
"Достоинства: Хорошая цветовая гамма,хорошая батарея
Недостатки: Постоянное переполнение памяти,иногда перестаёт видеть SD карту (флеш карту)
Пользуюсь я данным смартфоном уже полтора года, покупать я его не сильно хотел, но при прочих равных характеристиках со смартфонами Huawei, Xiaomi и Samsung данная модель оказалась дешевле и я поэтому решил купить эту модель. В данной модели смартфона (Huawei Honor 7A) сразу выявилось два постоянных лага: первое-это постоянное переполнение памяти, хотя из 16 Гб 15 Гб свободно. Вроде не мешает, но всё равно раздражает. Второе-это то что он иногда перестаёт видеть SD карту (флеш карту), а это уже более существенный косяк, т. к. становится не видно фото и музыку и приходится постоянно перезагружать телефон, а это уже вызывает существенные неудобства. В остальном он нормально работает (за полтора года использования почти не глючит всё так же работает). Понравилась в данном смартфоне качество просмотра изображений (хорошая цветовая гамма) и хорошее качество батареи (всё так же хорошо держит заряд), больше ничего особенного выделить нечего, камера на нём тоже средненькая. Так что мне данный смартфон не очень понравился из-за его лагов которые я описал в начале.",otzovik.com,otzovik.com,3.0,2019-12-18,https://otzovik.com/review_9185740.html,neutral
"Достоинства: ✔ Цена, ✔ Батарея .
Недостатки: ✔ Притормаживает,✔ Внешний вид.
Доброго времени суток, уважаемые читатели. Прежде буду не многословен, постараюсь описать представленный аппарат как можно понятнее. Познакомился с данным смартфонам случайно пришлось купить на замену старому, так как телефоны у меня долго не живут по этому предпочитаю бюджетники. В этот раз при походе в связной недорогой модели не оказалось, но тут как раз на увиденный мной экземпляр была акция и стоимость была 4400 или больше, но не факт цена была при том что приобретешь смартфон при полном комплекте (чехол, стекло, страховка) и вышел он ценою 8500 р. Пользуюсь уже 5 месяцев и вроде работает за исключение одно или двух, может и более. У смартфона слабый процессор и малый встроенной памяти - в последствие можно наблюдать как затрудняется работа системы. Батарея хорошая, в случае поломки её замена будет затруднительна так как телефон моноблочный(не снимается задняя крышка). В целом в смартфоне уверен и доволен.",otzovik.com,otzovik.com,4.0,2019-12-07,https://otzovik.com/review_9133656.html,positive
"Достоинства: приятная цена
Недостатки: нет сканера
Замечательный телефон, купил его в самом знаменитом магазине Пятерочка. Купил я его за 7490 рублей, цена подходит по сравнению к телефону. Я был так рад когда купил себе этот телефон. Общие характеристики(honor 7a):В Huawei Honor 7A встроена камера с фазой фокусирования, и еще она получила 13-мегапиксельный сенсор и функцию быстрой фокусировки. Так и на этом мы начнем считать плюсы и минусы этого бюджетного телефона. ПЛЮС-1. Стильный безрамочный дизайн. 2. Также присутствует слот для карты памяти. 3. Вытянутый и яркий FullView экран. 3. Очень приятная цена для этого телефона. И так приступим к минусам. МИНУСЫ: 1. Отсутствует чип NFC 2. Нету USB Type-C 3. Нет сканера отпечатков пальцев.(ЕСТЬ ТОЛЬКО НА HONOR 7C PRO). Доступные ЦВЕТА:Синий, черный, золотой. Поддерживает совместимость с операторами: 1. МТС, Билайн, Мегафон, Tele-2, Yota. Операционная система: Android 8.1(Oreo)+EMUI 8.1 Вес:142гр. Память и Процессор: Внутренняя память-16GB Оперативная память-2GB - Четырехъядерный MediaTek MT6739. - Ах, да чуть не забыл и Батарея у него 3020 mAh. - Итак, спасибо тебе за просмотр этого отзыва(статьи), желаю тебе здоровья, счастья и много денег.",otzovik.com,otzovik.com,5.0,2019-10-16,https://otzovik.com/review_8883553.html,positive
"Достоинства: дизайн
Недостатки: производительность
Доброго времени суток! Honor 7a я купила второпях своей маме. Так как мама пользуется только ватсапом и камерой, у меня не было особых требований к аппарату, смотрела только: приемлемая цена, нормальная камера. а еще продавца попросила подобрать телефон, который не будет лагать, чтобы нажал и все сразу включалось. После недолгих обзоров была выбрана данная модель - honor a7. Дома установили ватсап и инстаграм. И все. Но!!! телефон не думал работать, как положено! зависает ужасно((( Ладно, думаю, инстаграм не тянет и удалила его... но увы и ах, долго думающий аппарат так и остался долго думающим, зависает, надо ждать, еще и вылетает( покупка нас разочаровала! Впервые видела, как совсем новенький телефон так себя ведет. Лучше бы доплатили и купили другую модель.",otzovik.com,otzovik.com,2.0,2019-08-06,https://otzovik.com/review_8574967.html,negative
"Достоинства: Очень бюджетный вариант, лёгкий, оптимальные размеры
Недостатки: Не слишком быстро открываются приложения и страницы в инете.
Три месяца назад решила поменять свой смартфон на новый. Прежний уже старенький был, глючил очень. Поскольку у меня есть компьютер, ноутбук и планшет, решила не особо тратиться, типа ""лишь бы на связи быть"". Взяла Honor 7A. Он почти самый дешёвый из моделей этой марки. А я ж пенсионер, для меня цена очень много значит. И, в общем-то не пожалела. Все функции выполняет так же, как мой прежний очень навороченный смартфон. Небольшой, в отличие, от него по размерам, в карман помещается. Тот только в сумочке можно было носить. Две фотокамеры 15 МП и 5 МП. Отличного качества снимаю видео и фото. Жаль только внутренняя память всего 32 ГБ. Два-три видео и она переполняется. Но, собственно, это не страшно: ведь есть Гугл диск. Думала, не буду с него пользоваться инетом и соцсетями, а пользуюсь. Мелковато, правда, но вне дома, или в дороге выручает. Приложения все, которыми я пользуюсь, уже установлены. Аккумулятор 3000 мАч держит заряд почти 12 часов. Если не играть в игры. В общем, практически никакой разницы с тем, что у меня был до этого ( марку не скажу, но по цене он был в три раза дороже), не чувствую.",otzovik.com,otzovik.com,4.0,2019-07-14,https://otzovik.com/review_8466350.html,positive
"Достоинства: Процессор, Экран, Звук, цена
Недостатки: батарея, память,
Приобрела смартфон год назад, часто памяти не хватает, начинает глючить, телефон греется на зарядке, когда не хватает памяти медленно работает, чтобы входить в телефон через компьютер нужно специальное приложение, яркий, удобны, присутствует функция защита зрения, же есть faceid, очень медленно заряжается, по цене хорошей, хорошая камера, 2 раздела sim карт и 1 для cd карты, быстро садится батарея, симпатичный дизайн удобно лежит в руке. Срок гарантии составляет 6 месяцев, оригинальная зарядка быстро ломается, становится неисправной, удобные настройки, половина памяти занято системой и встроенными приложениями.",otzovik.com,otzovik.com,3.0,2019-07-05,https://otzovik.com/review_8427853.html,neutral
"Достоинства: Удобный, хорошая камера
Недостатки: При перегреве начинает залипать экран
В использовании телефон уже пол года. Проблем с ним особо нет, а вот плюсов целая куча. Я давно мечтала о средненькой мыльнице, но как-то купить не получалось, а тут еще и телефон разбила. В итоге приобрела этот любопытный смарт Huawei Honor 7A. Основная камера у него просто отличная. 13 МП вполне хватает для того, чтобы делать фото на природе. Фото на нем делать одно только удовольствие, жаль правда, что в движении у него фото не получаются картинка размазывается), но это не страшно. Сам по себе телефон очень удобный и привлекательный. Мне с моей миниатюрной рукой держать его очень даже удобно. В руке не скользит, не смотря на довольно-таки гладкую поверхность корпуса. Батарею держит даже при очень активном использовании. В течении использования обнаружила пока только один минус - это его реакция на температуру. Стоит ему хоть немного нагреться или замерзнуть и начинаются танцы с бубном над телефоном. Камера начинает делать рандомные фото (я нажимаю на кнопку, а реакция на нее появляется только через несколько секунд, человек успевает дернуться и фото расплывается); а сенсор с трудом реагирует на нажатия. А в целом телефон меня очень приятно радует.",otzovik.com,otzovik.com,5.0,2019-07-01,https://otzovik.com/review_8405659.html,positive
"Достоинства: Камеры, корпус, шустрый
Недостатки: аккамулятор, мало памяти
Приобрела данный телефон в январе 2019 года. В приницпе телефон не плохой, довольно-таки шустрый. Камера на 4+ (фронталка на 3). Не всегда все телефоны быстро ловят фокус- тут проблем с этим не увидела. Корпус. Точнее его прочность на 5. Из-за моих криворуких рук, телефон постоянно летает, за пол года ни единой царапины, хотя с бампером я хожу редко. Не рекомендую людям, которые используют много мессенджеров, так как они в дальнейшем занимают много места, в дальнейшем придется с чем то расстаться. Еще минус в аккамуляторе. При постоянном использовании хватает часов на 7. Съедает очень быстро видео (хватает на пару 2х часовых фильма)",otzovik.com,otzovik.com,3.0,2019-06-13,https://otzovik.com/review_8328240.html,neutral
"Достоинства: Да хз. Цена и всё.
Недостатки: В моем комментарии написаны
Первые 3 месяца работает нормально. Я понимаю что он бюджетный, но... Камера на улице работает отвратительное - вечно фокусит при движении рядом с объектом который нужно запечатлеть, такая же фигня при ветрянной погоде. Приложение и браузер сбрасывается, если оно было свернуто в трей. Работает сам по себе, то есть, если ни чего не нажимал телефон может это сделать сам. Заряд после полу года держит слабо, при активном использовании миним 3 раза заряжать в день. Для любителей поиграть или смотреть видео в HD - увы, тормозит. Ещё телефон очень греется. Так же долгий отклик на команду. Мой вердикт - помойное ведро.",otzovik.com,otzovik.com,1.0,2019-01-10,https://otzovik.com/review_8172487.html,negative
"Достоинства: Недорогой и стильный, лёгок в пользовании и отличный телефон для работы.
Недостатки: Минусов нет
Здравствуйте друзья. Сегодня расскажу вам о смартфоне от известной фирмы Honor. Точное название модели Honor 7A DUA-L22. Цвет синий. Покупали мы его в ноябре прошлого года. Цена на тот момент была 7899руб. Недорогой и в подарок папе самое-то. До этого ходил с кнопочным. Но к новинке привык быстро. Телефон прост в управлении. Все, что требуется, это просто настроить, создать аккаунт и почту и можно пользоваться. Камера телефона максимальная 13Мп. Можно установить меньше, на 10,9,8 Мп. Внутренняя память телефона всего 16ГБ, кому не хватит можно купить дополнительно флешку. Фото делает чёткие, съемка на видео тоже хорошая. Разрешение экрана 1440 720. Постоянно приходят обновления системы. В целом стандартный телефон, ничем лишним не напичкан, просто для работы и звонков вполне подойдёт. Глюков не наблюдаем. Заряд батареи держит хорошо. К данному телефону мы заказали на aliexpress чехол. Отличный, мужской, стильный. Телефон с ним даже солиднее выглядит. В заключение могу сказать, что телефон для старшего поколения очень удобный, практичный и в нем легко разобраться. Для молодёжи, конечно, будет скучноват. А так кому как. За свою недорогую цену обладает всеми нужными функциями. Думаю это самое главное.",otzovik.com,otzovik.com,5.0,2019-03-29,https://otzovik.com/review_7970727.html,positive
"Достоинства: Устойчивый экран и корпус, чёткое изображение, высокая производительность девайса
Недостатки: В некоторых моментах могут возникать трудности в связи с тем, что девайс устает и его нужно перезагрузить.
Хотелось бы подробнее рассказать об этом смартфоне. Учитывая его стоимость ( что приблизительно около 8 тысяч рублей, ведь во всех субъектах РФ она может колебаться). В данном случае нельзя сказать, что работает соотношение цена-качество, ведь цена довольно-таки низкая, а качество его разработчика не подводит. В целом, если отталкиваться от внешних характеристик, то можно сказать, что всё соответствует описанию (на сайте производителя). Корпус сделан качественно и может пережить достаточно много падений. Экран, созданный по LED-технологии, выдаёт достаточно качественное изображение; большая цветовая гамма. Учитывая опыт пользования данным прибором можно сказать, что внутренние характеристики также колебаются в пределах нормы. Высокая производительность, в силу 4-х ядерного процессора. Могу сказать, что рекомендую товар к использованию.",otzovik.com,otzovik.com,4.0,2019-01-24,https://otzovik.com/review_7606159.html,positive
"Достоинства: Отлично держит заряд, прост в обращении
Недостатки: Не понравился набор мелодий. Серьёзных проблем пока не обнаружила
Смартфончик неплохой, стоимость для этой модели если честно - завышена (брала за 7500). После Lenovo немного непривычно, но уже практически разобралась со всеми его примочками. На самом деле очень прост в обращении. Сразу убрала ненужные мне приложения, игры удалила, не моё. Очень огорчил набор своих мелодий, особенно будильник))), скажем так- на любителя. Камера хорошая, фото получаются в любое время суток, автонастроечки знают свое дело. Заряд держит отлично, если за ненадобностью отключить инет, можно вообще не беспокоится и оставаться на связи ещё очень долго. Хотя, как и во всех других смартфонах, есть режим энергосбережения. Такую модель можно приобрести для ребёнка и не пожалеть о покупке ни разу.",otzovik.com,otzovik.com,4.0,2019-01-01,https://otzovik.com/review_7482109.html,positive
"Достоинства: Не перегревается, работает быстро
Недостатки: Нет
Всем здравствуйте! В августе этого года приобрела себе смартфон Huawei Honor 7A Pro. Стоимость его составила вместе с чехлом книжкой 10'100 рублей. Сам он золотистого цвета, поддерживает 4G, слот на 2 сим карты и Micro usd, присутствует блютуз, есть поддержка Wi-Fi, 8 - ядерный процессор, 2 камеры (задняя на 13 мг, а передняя на 5 мг.) Смартфон 2018 года выпуска. Я ничуть не пожалела, что купила этот телефон! Плюсы: 1. Не перегревается 2. Заряд батареи держит долго 3. Связь ловит хорошо 4. При падании не разбивается (уже 2 раза падал) 5. Очень часто происходят обновления в ПО 6. Имеет функцию распознавания лица и отпечатка пальца 7. Задняя камера просто шик! По сравнению со смартфонами, которыми я ранее пользовалась, этот самый лучший!",otzovik.com,otzovik.com,5.0,2018-12-25,https://otzovik.com/review_7450141.html,positive
"Достоинства: Не дорогой и с большим дисплеем
Недостатки: Слоты под SIM-карты и карту памяти располагаются в одном месте
На днях, к сожалению, мой старенький телефон, который верой и правдой прослужил мне около 5 лет поломался. Поэтому надо было идти в магазин и сделать себе новогодний подарок. Большим бюджетом не обладал, а хотелось взять что-нибудь посолидней. Рядом с домом располагается магазин Эльдорадо и имея карточку и всякие бонусы, решил заглянуть. Перед огромным выбором телефонов, мне на глаза попался смартфон Honor 7A. На ценнике было указано 9499 рублей, но имея скидку и бонусы, итоговая цена получилась 7500 рублей. Думаю для смартфона это приемлемая цена. Единственное, что меня удивило, это вопрос продавца о услуге бесплатной замене телефона в случае его поломки в течении 2 лет. На мой вопрос стоит ли брать такую услугу (конечно она не бесплатная), он ответил, конечно стоит-это же Android и он обязательно будет ""глючить"". Может это было навязывание дополнительных услуг, может нет, но я взял и со скидкой продавца мне обошлось в 40 рублей, почему бы и не воспользоваться. Первое впечатление о телефоне положительное. Телефон имеет большой экран диагональю 5,45 дюймов, разрешение 1440х720 пикселей, TFT дисплей. Корпус бывает разных цветов. Мне попался синенький. При первом включении очень долго загружался. Хотя параметры у телефона не плохие. Процессор 4 ядровый с частотой 1500 Мгц и оперативной памятью 2 Гб. Имеет слот на 2 SIM-карты, работают в попеременном режиме. Не понравилось, что слоты под SIM-карты и под карту памяти находятся в одном месте. И если хочешь вставить или достать карту памяти, то достаются и SIM-карты и ты не на связи. Фотокамера 13 Мп и фронтальная 5 Мп. Качество фотографий приемлемое. Это не фотоаппарат, поэтому не требую очень качественных фотографий, а для такого телефона, получаемые фотографии, меня вполне устраивают. При первом включении скопировал все контакты с SIM-карты в телефон. Теперь в телефонной книге все контакты отображаются по 2 раза. Это чуть огорчило и пока не разобрался как это убрать. Ещё одним минусом оказалась, что когда мне звонят, телефон не определяет номер, хотя в телефонной книжке этот контакт есть. Глюк это или я что-то не настроил в настройках пока не знаю. А так в общем, за такую цену очень хороший телефон.",otzovik.com,otzovik.com,5.0,2018-12-23,https://otzovik.com/review_7444538.html,positive
"Достоинства: Хорошее качество.
Недостатки: Пока не обнаружено.
Я купила смартфон Honor 7 A DUA-L 22 синий 16 GB 1 июля 2018 года. Изготовитель: Хуавэй Технолоджисп Компани, Лтд. Про данную марку я слышала давно и решила испробовать. И не ошиблась. Цена такого аппарата обошлась мне в 7500 руб, без защитного стекла и чехла. В комплект входит зарядное устройство и инструмент для извлечения СИМ. Наушники в комплект не входят. За время пользования телефон меня пока не подводил: не зависает, фотографии не плохие, камера 13 МП + 5 МП. Двойная сим-карта. Имеется слот для SD карты, но лично мне достаточно внутренней памяти. Экран безрамочный. Надеюсь, что со смартфоном Honor 7A я прохожу длительное время. И рекомендую его всем моим знакомым. Этот телефон работает до сих пор (09.04.2022 г.). Но им никто не пользуется. Память перезагружена и экран немного треснут. Если его довести до ума, то вполне прослужит ещё некоторое время. Просто в ноябре 2020 года мне на день рождения подарили новый. Редко 9а. Вернее, я сама купила на подаренные деньги.",otzovik.com,otzovik.com,5.0,2018-08-15,https://otzovik.com/review_6843660.html,positive
"Достоинства: Радио ,живучая батарейка
Недостатки: Долгая зарядка
Знаете, бывает такое: денег мало, а телефон нужен прямо сейчас. И тут ты видишь красивый аппарат с известным именем Honor (дочка Huawei, все дела), ценник приятный, в магазине продавец нахваливает. Ну я и купился. Взял Honor 7A за 7500 рублей и думал: ""Ну, сейчас заживём!"" Спойлер: не зажили. Это был худший год моей жизни в плане телефона. Сейчас расскажу по порядку, что это за зверь и почему я НЕ рекомендую его даже врагу. Дизайн и сборка: обманчивая внешность Внешне телефон выглядит неплохо. Пластик, приятно закругленные края, лежит в руке нормально. Экран 5.45 дюйма с модным соотношением сторон 18:9 — вроде современно. Но это всё, что можно сказать хорошего. Корпус царапается просто от взгляда. Я аккуратно носил в кармане отдельно от ключей — через месяц микропотертости уже были. Экран без олеофобного покрытия (это который отпечатки не собирает), так что он вечно в разводах. Пришлось сразу покупать защитное стекло и чехол. А то, что датчика отпечатков пальцев нет — вообще бесит. В 2018 году телефон без сканера? Серьёзно? Слот для карт порадовал: отдельный, не комбинированный. Можно вставить две симки и флешку одновременно — это плюс. Но на этом плюсы заканчиваются. Экран: смотреть можно, но лучше не надо Дисплей IPS на 5.45 дюйма, разрешение 720x1440. В характеристиках пишут ярко, а по факту: На солнце экран слепнет полностью. Чтобы прочитать сообщение, надо искать тень или накрываться курткой. Яркости не хватает, хотя производитель обещал до 350 кд/м. Цвета вроде нормальные, но если посмотреть под углом — всё плывет, становится серым. Пиксели в глаза не бросаются, но чёткости не хватает . Автояркость работает криво: в темноте экран выжигает глаза, на свету становится тёмным. Приходится постоянно лезть в настройки и крутить ручками. Производительность: тормоза на ровном месте И вот тут начинается самое весёлое. Процессор Mediatek MT6739 (4 ядра) и 2 ГБ оперативки. По документам вроде терпимо, по факту — катастрофа. Телефон тормозит вообще везде. Открыть контакты — подожди 2-3 секунды. Зайти в смс — ещё подожди. Набрать номер — телефон думает, а ты стоишь и ждёшь. Клавиатура лагает, слова печатаются с задержкой . Я пробовал играть. PUBG, Standoff 2, Minecraft — можно даже не мечтать. В майнкрафт выдаёт 10 FPS. В Brawl Stars фпс скачет от 15 до 25, играть невозможно. Даже простенькие карточные игры иногда подвисают. Разработчики честно пишут: ""о требовательных играх нужно забыть"" . YouTube — отдельная песня. 720p идёт с трудом, 720p60 или 1080p даже не пытайтесь включать — будет слайд-шоу. Качество 420 еле тянет . Интерфейс EMUI перегружен, предустановлено куча мусора, который нельзя удалить. Я чистил телефон, сбрасывал до заводских, отключал всё лишнее — не помогает. Тормоза остаются. Памяти 16 ГБ, пользователю доступно от силы 10-12. Фоткаешь пару дней — привет, место кончилось. Спасает только карта памяти . Камера: мыльница из прошлого Основная камера 13 МП + 2 МП для размытия фона. Звучит круто? А на деле: При хорошем освещении фотки более-менее. Цвета естественные, детализация приемлемая. Но чуть падает свет — начинается ад. Камера не фокусируется, снимки смазанные, шумы лезут со всех сторон . Режим HDR есть, но толку от него мало. Двойная камера для боке работает криво: размытие выглядит искусственно, края ""замыливаются"". Фронталка 5 МП или 8 МП (в разных версиях) — просто ужас. Селфи получаются мыльными, даже при хорошем свете. Для видеозвонков по WhatsApp ещё сойдёт, но не более . Видео снимает в 1080p при 30 fps, но стабилизации нет. Малейшее движение — картинка плывёт, детали теряются . Одна девушка написала в отзыве: ""Фокус у камеры не работает по пусту"". И это правда. Сфоткать что-то быстро — невозможно. Пока наведешь резкость, момент упущен. Батарея: плюс один, но жирный Аккумулятор на 3020 мАч — пожалуй, единственное, что реально радует. Если не играть, не сидеть в ютубе часами, а просто звонить, писать в мессенджерах, изредка лазить в интернете — телефона хватает на полтора-два дня. В режиме ожидания вообще до 2 суток работает . Но! Если включить навигатор или поиграть — батарея тает на глазах. Часа за 3-4 садится в ноль. И заряжается долго: быстрой зарядки нет, комплектное зарядное устройство слабое. От 0 до 100% — часа 3 . И ещё момент: после года использования батарея заметно просела. Если раньше спокойно день держала, то теперь к вечеру уже просится на зарядку . Звук: один динамик — это боль Динамик один, снизу. Звук плоский, тихий, басов нет. На максимальной громкости начинает хрипеть. В наушниках (разъём 3.5 мм есть, это плюс) звук терпимый, но ничего выдающегося. Разговорный динамик тоже не фонтан: собеседника слышно плохо, и тебя тоже . Софт и обновления: бросили умирать Телефон вышел на Android 8.1 с EMUI. Крупных обновлений так и не дождался. Патчи безопасности старые. В 2022 году это просто опасно. Предустановленных программ — вагон. Всё, что можно, рекламирует. Отключается с трудом. Пользователи советуют: ""Удалить все приложения по умолчанию, кроме клавиатуры. Запретить любой программе использовать WiFi и мобильный интернет в фоне"". Это нормально вообще? Надёжность: ломается от всего Корпус трескается. Уронила на землю — появилась трещина. Упал с дивана (с дивана, Карл!) — скол на углу. Сервисы запчасти на эту модель не возят. Если разбить экран, ремонт будет стоить как полтелефона . Самопроизвольные перезагрузки — обычное дело. Датчик поворота экрана сломался через год. Карту памяти то видит, то не видит. Интернет ловит хуже, чем другие телефоны в той же точке . Итог: кому это вообще нужно? Если честно, я не знаю, кому можно посоветовать Honor 7A в 2026 году. Может быть: Пенсионеру, который только учится пользоваться смартфоном. Звонить, принимать звонки, изредка смотреть фото внуков — с этим телефон справится . Ребёнку лет 8-9, если вы хотите его немного помучить . Как запасной ""звонилка"", если основной телефон сломался. Но для нормального ежедневного использования — нет. Категорически нет. Минусы, которые меня добили: 1. Тормоза везде и всегда. Телеон думает дольше, чем я живу . 2. Камера ужасная. Особенно в помещении и вечером. 3. Мало памяти. 16 ГБ — это смех . 4. Ломается от любого падения . 5. Нет сканера отпечатков . 6. Предустановленный мусор и реклама . 7. Долгая зарядка . Плюсы, которые есть (но их мало): 1. Батарея реально живучая, если не нагружать . 2. Отдельный слот для карты памяти и двух симок . 3. Есть FM-радио . 4. Недорого (но сейчас за эти деньги можно найти гораздо лучше). Моя оценка: 3/10. Баллы только за батарею, радио и то, что звонить всё-таки можно.",otzovik.com,otzovik.com,1.0,2026-02-26,https://otzovik.com/review_18152295.html,negative
"Достоинства: Нет
Недостатки: Сильно лагает, мало памяти, дорогой для своего качества
Телефон просто отвратительный. Постоянно лагает, мало памяти, ничего не получается скачивать, а если вставляешь карту памяти - нормально ее не поддерживает, удаляет фото и видео из галереи, удаляет данные. Хрупкий, меняли гнездо зарядки, все равно не заряжался как нужно. Выключался сам по себе. От ношения чехла на задней панели появлялись следы которые невозможно стереть (причем чехол оригинальный, лежал прям в коробке с телефоном). При покупке стоил 7500, но как по мне, этот телефон вообще не заслуживает этих денег. Позже сломался и сам экран, вот тогда то и сказали, что телефон больше не включится. Даже в подарок такое стыдно дарить. Всего лишь 16 гигабайтов памяти. Если есть возможность, то берите другой телефон, на этот лучше даже не смотреть!",otzovik.com,otzovik.com,1.0,2025-07-10,https://otzovik.com/review_17507520.html,negative
"Достоинства: Маленькая цена
Недостатки: Очень слабый процессор, низкая скорость зарядки и маленький аккумулятор, так себе камера
Я пользовался им больше трёх лет и могу выделить как достоинства, так и недостатки. Плюсы: смартфон стоит мало, ремонт стоит дёшево. Минусы: слабый процессор, камера дааавно не топ, виснет. Именно эту модель и хуже брать не советую, лучше присмотритесь к более лучшим моделям этой марки.",otzovik.com,otzovik.com,4.0,2025-06-14,https://otzovik.com/review_17429916.html,positive
"Достоинства: Хороший дисплей и неплохой процессор
Недостатки: Аккумулятор, порт зарядки уже устарел, но как рабочий телефон можно рассмотреть.
Сам телефон довольно неплохой, вполне мощный для своего бюджета и с хорошим экраном, аккумулятор конечно довольно посредственный и для этой модели слишком маленький. В требовательные игры на нём играть можно, но на минимальных настройках графики и небольшими зависаниями. 16 гб для такого телефона очень мало, хотелось бы 64. Телефон лучше рассматривать для работы, потому что для себя его будет не хватать, если вы любите играть в игры то стоит рассмотреть более мощный вариант и большим объёмом памяти. У телефона хороший блок зарядки и отличный кабель. Телефон довольно быстро заряжается от оригинальных комплектующих.",otzovik.com,otzovik.com,4.0,2023-11-19,https://otzovik.com/review_15450309.html,positive
"Достоинства: качество фотографий, аккумулятор
Недостатки: бесконтактные платежи
Камера смартфона меня удивила. Хотя он не является флагманским устройством, качество фотографий, действительно хорошее. Даже в условиях недостаточной освещенности камера справляется с объективами порой даже лучше, чем я ожидал. Что касается производительности, смартфон довольно хорошо справляется с повседневными задачами. Он отзывчив и быстро переключается между приложениями. Конечно, если вы планируете запускать на нем тяжелые игры или выполнять сложные задачи, то, возможно, стоит посмотреть в сторону более мощных моделей. Аккумулятор также заслуживает внимания. Емкости хватает на целый день активного использования. Смартфон работает на EMUI, и я был приятно удивлен её функциональностью. Множество настроек позволяют кастомизировать интерфейс под свои предпочтения. Однако стоит отметить, что периодически бывают небольшие задержки при открытии некоторых приложений, но для меня это не является серьезной проблемой. Из минусов, здесь отсутствует возможность бесконтактных платежей или обмена данными с другими устройствами через NFC.",otzovik.com,otzovik.com,4.0,2023-08-22,https://otzovik.com/review_15105879.html,positive
"Достоинства: -Идеальный для пользования экран - Быстро работает - Лёгкий
Недостатки: - Только один динамик - Мало памяти - Игры не тянет - Тихий
Для своих денег достаточно хороший телефон. Пропользовалась 3 года. После 2 лет стал подлагивать. Камера после 2 лет тоже состарилась, особенно передняя. Батарея со временем стала быстро разряжаться. Но первый год всё было вообще супер. Экран самый идеальный, хорошо помещается в руках. Память всего 32 Гб, л ично мне всегда не хватало. Некоторое время всегда носила с собой Power Bank. Для игр от 1 ГБ не годится. Только один динамик для разговоров и из него же играет музыка. Четыре звезды потому что первые полтора года работал шикарно. Такой телефон хорошо подойдёт для школьника. Телефон оправдывает свою цену",otzovik.com,otzovik.com,4.0,2023-04-19,https://otzovik.com/review_14627374.html,positive
"Достоинства: Хорошая батарея
Недостатки: Почти нет
На нём хороший заряд, камера для бюджета, вообще конфетка. Начинка сочная, игры не требовательный тянет на ура. Ну в общем так-то рекомендую этот телефон для пользования на первое время. Для просмотра видео и серфинга в интернете самое то, он справляется с этими задачами. По дизайну нареканий нет, мне лично понравилось.",otzovik.com,otzovik.com,3.0,2022-08-30,https://otzovik.com/review_13737776.html,neutral
"Достоинства: Бюджетный, небольшой, лёгкий.
Недостатки: Быстро нагревается, виснет, тихий динамик, мало служит.
Как только купила телефон, работал, не плохо, а потом начал зависать буквально через год. Думала, что если по дешевле, разница особо не видна, поняла, что ничего подобного. Коротко говоря не советую, лучше накопить на нормальный.",otzovik.com,otzovik.com,2.0,2022-08-06,https://otzovik.com/review_13656716.html,negative
"Достоинства: Удобный и простой Бюджетный
Недостатки: Нет
Хороший бюджетный вариант, очень удобный, симпатичный дизайн, удобный размер, динамик конечно ожидает лучшего (но в пределах нормы), 2 слота под сим карту и слот под флешку. Прочный, надежный телефон. Покупали мужу, работает почти три года без замечаний. Памяти правда нам маловато, но это не так важно. Камера хорошая, фронтальная вообще огонь Я бы посоветовала такой телефон в подарок детям, долговечный и удобный) Очень яркий фонарик, простое меню, есть плей маркет ( на новых моделях хонор он уже отсутствует) Единственное нету сканера отпечатка пальца (но для нас это не принципиально) а так, мне очень понравилась покупка.",otzovik.com,otzovik.com,5.0,2022-06-16,https://otzovik.com/review_13487746.html,positive
"Достоинства: Компактность, дизайн.
Недостатки: Память, камера, оптимизация
Угораздило ж меня приобрести этот ""флагман нового поколения""... Это я уже потом допёр, что телефон банально устарел(даже для того времени). После 2-х лет использования(мучения), не могу не оставить отзыв. Просто напросто накипело. Так вот, перейдем к функционалу, плюсам и минусам. Плюсы: *Функционал. Как я уже отметил, с функцией звонилки он справится на отлично, но не более. *Компактность. Довольно таки лёгкий и к компактный. Поместится в любой карман. Но эти незначительные плюсы ничтожны, по сравнению с минусами: *Память. После загрузки пару троек приложений - можете с ней попрощаться. Не советую покупать телефон тем, кто много фотографируется. Память расходуется мимолетно. *Камера. Опять же, пофотографировать на нём нормально не получится не только из-за маленькой памяти, но и из-за камеры. Конечный результат получается каким-то смазанным, тусклым и не четким. В общем, забудьте о камере раз и навсегда! *Оптимизация. Думаю, не надо говорить про то, что современные игры и приложения он не потянет. А если потянет, опять же, распрощайтесь с памятью. Приложения на нем будут всячески виснуть и тормозить. Как я заметил, более требовательные игры греют телефон. *Батарея. После нескольких часов использования, у телефона почти не остается заряда. Даже в выключенном состоянии он расходует заряд. И знаете, после этого, я перестал уважать Хуавей. Да-да, безусловно, есть много годных девайсов от этих производителей, но черт меня побери, делая это, они буквальнос сэкономили на всём что можно было. «Ну а что ты хотел за такую цену? Навороченный смартфон?, -скажите Вы, - А я Вам отвечу, что есть много достойных аналогов этому шлаку за такую же цену». Взять тот же Сяоми, к примеру. В общем, одна морока с ним. Не рекомендую!",otzovik.com,otzovik.com,1.0,2021-12-29,https://otzovik.com/review_12865328.html,negative
"Достоинства: Красивый, удобный интерфейс
Недостатки: Очень лагает, мало памяти
Ну что ж... Хонор. Мне он не понравился от слова совсем. Спросите почему? А я вам отвечу. Когда я его только купила, причём не с рук, а с магазина, включила его, и звонки уже начали лагать. Прям часто зависает. Батарея первый месяц держала хорошо, но потом стала быстро разряжаться. Ну а камера, не плохая скажу вам. Нету особых наворочек, типо, за медленное движение и так далее. Памяти в самом телефоне всего 16гб, больше половины занято системой. Будильник не всегда срабатывает, экран глючит. Может просто сам выключиться, но редко, проходила я с ним 1.5 года. Впринцепи, телефон не плохой, но желание, чтобы его усовершенствовали хоть немного что-ли",otzovik.com,otzovik.com,4.0,2021-06-22,https://otzovik.com/review_12085600.html,positive
"Достоинства: Низкая цена, неплохая производительность,
Недостатки: Малая мощность, мало встроенной памяти, плохая камера
_Купил ещё 2-3 года назад, проходил с ним всё это время, даже не думая о замене так как покупал не ради игрушек, хорошо показывал себя в повседневном использовании. _Брал я его в кредит за 8к, по большому счёту ради получения кредитной истории, думал телефон мусор, но он меня приятно удивил: несмотря на пластиковый корпус хорошо держит удар от падения с небольшой высоты(часто падал со стола или банально выскальзывал из рук), мощности более чем достаточно для серфинга в интернете и использования простых(или не очень) приложений, батарея на удивления хорошо держит заряд даже спустя несколько лет. _Из минусов конечно в первую очередь разочаровывает память на 16Гб, на первое время хватало, но даже с установленной флешкой проблема в том, что приложения всегда ставятся на сам телефон, и вот их чуть больше десятка и память уже вся занята... _В итоге за 3 года активного использования без чехла и защитки выглядит как новый, лишь с небольшими потёртостями задней крышки, всё таки советую купить чехол, тогда он может прослужить ещё дольше.",otzovik.com,otzovik.com,4.0,2021-04-02,https://otzovik.com/review_11726317.html,positive
"Достоинства: Стоит дёшево
Недостатки: Сильно нагревается, долго заряжается, виснет
Телефоном пользовалась очень долго, по началу все было хорошо и он мне очень нравился, потом начала замечать, что при использовании приложений или игр он начал сильно нагреваться, прям вся задняя крышка была горячая. Спустя пол года начал потихоньку виснуть. Камера при хорошем освещении нормальная, а вот когда уже темновато, то естественно видно помехи. Звук у телефона нормальный. Заряжается телефон 3 часа. Заряд держит не долго, может сутки, а может и меньше, смотря сколько ним пользоваться. Такой телефон больше подойдёт для того, чтобы просто посидеть в социальных сетях, или звонить. В общем этим телефоном я не довольна, расстроилась покупкой",otzovik.com,otzovik.com,3.0,2021-02-16,https://otzovik.com/review_11479891.html,neutral
"Достоинства: Хороший дизайн, низкая цена, неплохая камера
Недостатки: Низкая производительность, маловато памяти.
Брал этот телефон 2 года назад за 7500 рублей. Дизайн очень понравился, как и размер экрана. Он до сих пор нормально выполняет свои функции. Поломок никаких не было. Камера довольно неплохая. Фото получаются нормальные. Правда вот встроенной памяти немного не хватает (из 16 гб свободно только 8). Единственный существенный минус - это не высокая производительность. Не совместим со многими современными приложениями. Смартфон не расчитан на какую-либо требовательную игру или что-нибудь другое, что сильно загружает устройство. Но, учитывая недавний спад цен на данный смартфон, можно сказать, что соотношение цена/качество довольно неплохое.",otzovik.com,otzovik.com,4.0,2021-02-10,https://otzovik.com/review_11446826.html,positive
"Достоинства: Не тормозит, поддерживает все сайты и обновления(в пределах разумного).
Недостатки: Со временем телефон хуже держит заряд, камера средняя.
Покупала такой телефон дочери. При его цене приблизительно 7000 рублей, все полтора года отслужил верой и правдой. Из плюсов могу отметить что все сайты нужные для учёбы, да и просто он поддерживает. К кончу срока служба, то есть месяцев через 15 после покупки он хуже держать заряд, но не критично. Камера самая обычная, не очень хорошая и не очень плохая. Телефон совсем не тяжёлый, удобно лежит в руке. К его чести могу добавить, что он пережил 10-ти минутное купание и 2 падения со второго этажа. В целом, и дочь, и я остались довольны покупкой. Этот телефон один из лучших бюджетных вариантов для учёбы. но это при учёте того, что вам не нужна будет камера.",otzovik.com,otzovik.com,4.0,2021-01-03,https://otzovik.com/review_11216493.html,positive
"Достоинства: Недорогой
Недостатки: Плохо держит батарею
Телефон простенький, больше подойдет для тех кому просто быть на связи, тем кто пользуется не часто соц. сетями. Телефон не плохой 2/16 но заряд батареи держит не очень хорошо, приходится заряжать пару раз в день. А если садится играть, то лучше делать это на зарядном устройстве. Так как батарея тает на глазах. При использовании what'sApp и мало по малу соц. сети то хватит батарею смело на часов 7. Для тех кому нужен обычный смартфон для того, чтоб просто быть на связи, то это то самое. В руке телефон лежит уверенно и смотриться не как бюджетный смартфон, достаточно большой экран и хорошие цвета, достаточно громкий звук.",otzovik.com,otzovik.com,4.0,2020-11-08,https://otzovik.com/review_10906386.html,positive
"Достоинства: хорошо держит заряд, размер телефона очень удобный
Недостатки: не читается карта памяти
телефон брала в 2019 году хожу с ним уже 2 год, телефон очень хорошо держит батарею, мне хватает почти на весь день. У него небольшой экран, и соответственно сам телефон тоже небольшой я бы не сказала что он маленький, среднего размера. Многие сталкивались с такой проблемой как не читается карта памяти пожалуй это единственный минус. На телефон поступают обновления. Брала телефон не для того что бы играть, чисто для интернета посидеть в соц сетях и тд. На счет игр могу сказать что врятли на нем можно поиграть в какие то игрухи, телефон начинает лагать, игры начинают вылетать. Если вам нужен телефон для работы(интернета) то смело приобретайте его)",otzovik.com,otzovik.com,5.0,2020-11-02,https://otzovik.com/review_10871797.html,positive
"Достоинства: Камера Зарядка Дисплей
Недостатки: Иногда тормозит
Всем добрый вечер. Приобрела я данный смартфон ещё два года назад. И я скажу он даже до сих целый. Ни единой царапинки, сколько бы не падал, а вы бы знали, сколько таких бедных телефонов я потеряла. памяти для меня конечно маловата, так как я человек который учиться, ещё и любит фотографии подредактировать ещё и карты сыграть между парами. Что на счет батареи. И снова, как ни странно чудесно. Ну если сидеть подряд часов пять шесть в приложениях как ютуб, вк и т д то да, зарядка быстро садится, ну а так мне в целом нравится. Камера для меня хорошая, так как я делаю фотографии. Было бы конечно ещё классно в видео добавить черно белые эффекты. дисплей классный, не тупит. Стоит своих денег. Я бы даже ещё взяла если их ещё выпускают. Бедные студенты не могут позволить себе айфон, но этот телефон помощник во всём.",otzovik.com,otzovik.com,5.0,2020-09-14,https://otzovik.com/review_10637454.html,positive
"Достоинства: Цена и практичность.
Недостатки: Маленькая внутренняя память
Сам по себе телефон достаточно хорош. До него у меня был Microsoft. Купили Honor год назад. По сей день работает. В ремонте не был. С момента покупки ни разу не пользовалась защитным стеклом. Падал, но не разу не разбился дисплей!!! Или телефон на дежный или мне везет! Цена телефона год назад была очеь приемлемой, он стоит этих денег. Отличный вариант для детей. Минус в том, что сейчас плохо держит батарея. Быстро садится при непрерывном использовании. Не достаточно внутренней памяти. А так сойдёт.",otzovik.com,otzovik.com,4.0,2020-06-23,https://otzovik.com/review_10247627.html,positive
"Достоинства: Основная камера 13 МП Разрешение экрана Громкий звук
Недостатки: Фронтальная камера 5 мп Как по мне быстро разряжается
Пользуюсь уже год, подарили на день рождение. За год использования могу отметить плюсы: у телефона громкий звук, хорошее разрешение экрана 1440*720, качественная картинка, передняя камера 13 МП. Телефон на протяжении года работает без сбоев, не глючит. Встроенная память 16 Гб что по мне прилично для его цены. Из минусов могу отметить что фронтальная камера у телефона 5 МП (маловато), имеет один динамик рядом с фронтальной камерой, если ставить звук на полную громкость, то звук начинает хрипеть, также в комплекте не было наушников. Также телефон как по мне быстро разряжается, постоянно хочу на энергосбережении и на маленькой яркости экрана. В режиме ожидания если заблокировать экран и слушать музыку к примеру, то держится хорошо. В целом телефон мне понравился",otzovik.com,otzovik.com,4.0,2020-01-21,https://otzovik.com/review_10067155.html,positive
"Достоинства: Стоит совсем не дорого, за эти деньги идеальный вариант, качество камеры, объем аккумулятора,.
Недостатки: Связь ловит слабовато, иногда подглючивает, объем памяти маловат, если на 16
За такие деньги хороший вариант. Можно купить для детей и не будет жалко. Пользуюсь уже год, в начале держал зарядку очень хорошо, но через 3 месяца стало намного хуже, хватает на 3 часа в интернете, динамик слабоват, уведомления приходят долго, связь ловит слабо, но с вайфаем нет проблем. Память быстро заполняется, если собираетесь купить, купите с объёмом памяти не меньше 32 гб. Камера меня устраивает, при хорошем освещении, неплохо снимает. В ватсапе когда приходят 2 сообщения подряд включается блокировка экрана, что и меня очень бесит. В интернете лазиет неплохо, особенно через вайфай. Ставлю только три звезды так, как минусов не мало.",otzovik.com,otzovik.com,3.0,2020-01-06,https://otzovik.com/review_9971905.html,neutral
"Достоинства: Удобный размер Хороший функционал
Недостатки: Пока не выявлены
Поскольку у мамы с на носу был День рождения, то вставал вопрос о выборе подарка. Так как у нее был уже старый телефон, то мы решили купить новый. Этот телефон привлек наше внимание:за такую цену в гаджете был были в принципе те же функции, что и в аналогах более известных фирм. Пока нареканий в работе не было: при использовании он ни разу не зависал. Батарею он держит неплохо, быстро не разряжается. Этот телефон удобно лежит в руке благодаря небольшому размеру экрана. Правда, некоторым может показаться, что камера не очень хороша (но стоит вспомнить цену телефона). Если в общем, телефон хороший- он будет хорошим подарком.",otzovik.com,otzovik.com,4.0,2020-04-20,https://otzovik.com/review_9861125.html,positive
"Достоинства: Приемлемая цена, что подойдет многим.
Недостатки: Плохая производительность телефона. Очень слабый.
Смартфон Honor 7A также предназначен для людей, у которых работа связанна с тем, что они постоянно сидят на телефоне. Я имею в виду, что через этот телефон можно только куда-то или кому-то позвонить. Если же на нём появится какая-то скачанная игра или другое любое приложение, он начинает жестко глючить. Даже если ничего не скачивать, а допустим постоянно обновлять приложения, он опять же будет трепать вам нервы. К тому же там, как я уже говорил маленькая оперативная память. Но могу сказать, что если кто-то и не нуждается во всех этих играх и дополнительных приложений, то он может приобрести его себе, опять же и не за большие деньги. Но повторюсь, что этот телефон предназначен исключительно для работы, а именно позвонить. И как-то так он выглядит.",otzovik.com,otzovik.com,3.0,2020-04-17,https://otzovik.com/review_9846980.html,neutral
"Достоинства: Дешевый, удобный, не глючит
Недостатки: Нет
Хонор 7 мне подарил мой муж, точнее купил нам обоим. Мне золотой, себе черный. Сюрпиз так скажем мне сделал. До этого мне брали более дорогой телефон, но сломался через неделю( не по мой вине). Вернули обратно, конечно. Но хонор мне понравился. Чем? Да, всем, наверное. Камера хорошая, даже 2 камеры. Память 32 гига, для меня достаточно. Компактный, красивый, удобный, не дорогой. Сколько дети не роняли, работает хорошо. Не глючит, как многие телефоны( не дорогие). В последнее время у многих вижу хонор. Отзывы только положительные! Вот думаем ребенку телефон нужен. Конечно же хонор. Мне новый, а ему мой! Какой только хонор брать?! Чехол думали потом выберим, полтора года уже ""руки не доходят"".",otzovik.com,otzovik.com,5.0,2020-04-09,https://otzovik.com/review_9793222.html,positive
"Достоинства: Камера хорошая, экран комфортный!
Недостатки: Маловато памяти!
Свое описание хотел бы начать с плюсов! У меня он уже полтора года, и нареканий практически ни каких! Сенсорика отличная, лёгкое прикосновение и все включается! Экран, яркий, достаточно комфортный! Батарейка отличного качества, хватает на 3 дня, если сильно не находиться в интернете! Если в интернете, то более чем на сутки! Особенно понравилась камера, снимки яркие, цвета реалистичные, чёткие! Видео тоже хорошего качества, хотя хотелось бы, что бы было и 8 мп! Есть постоянные обновления интерфейса! Но есть ещё один минус, это внутренней памяти маловато, 16 гб! Общее впечатление от телефона, классный телефон! Мне понравился!",otzovik.com,otzovik.com,5.0,2020-03-01,https://otzovik.com/review_9566589.html,positive
"Достоинства: Дизайн, цвета, экран, цена
Недостатки: Не нашла
Телефон купила год назад в магазине техники DNS в Перми (ТЦ Айсберг). Был телефон который уже начинал устаревать и пришло время сменить его на новый. Студентка - финансы ограничены. Пошла в вышеуказанный магазин и продавец помог выбрать эту модельку. Были конечно предложены еще парочка, но этот зацепил дизайном. Цвет выбрала золотой - девчачий) Цена не высокая, камера хорошая, память нормальная - среднестатистическая по сегодняшним меркам, дизайн супер. Аксессуары найти конечно сложновато, но тут приходит на помощь Алик - там есть для него абсолютно все. Стекло защитное поставили сразу в магазине, а вот чехлы и т д заказывала. Пришло все тоже быстро. Поэтому в целом я довольна. Работает без сбоев. Я довольна!",otzovik.com,otzovik.com,5.0,2020-01-13,https://otzovik.com/review_9308674.html,positive
"Достоинства: не зависает, дешевый, удобный
Недостатки: толстоват
В наше время смарфон стал необходимостью, это не только звонки, но всякие нужные приложение, которые постоянно носишь при себе и регулярно пользуешься. Фотоаппарат, камера - тоже часто нужны. Но платить дорого совсем не хочется, поэтому выбирала более-менее дешевый вариант. Остановилась на Honor 7A 16Gb и абсолютно довольна. Купила буквально за маленькие деньги, 5490 руб., была скидка + дали бонусные баллы. В результате телефон перегружен всякими приложениями, но никогда не зависает, работает безотказно. Постоянно что-то фотографирую, снимаю видео. Качество хорошее, камера 13 мегапиксельная, есть автофокус, памяти достаточно, так как к встроенной добавила хорошую флешку. И немаловажно - телефон долго держит заряд. Разговариваю по Viber и WhatsApp, обмениваюсь фото и видео, все четко, без проблем. Две симкарты в телефоне, удобно, одна для интернета, вторая для звонков. Звук хороший. А еще могу сказать, что телефон держит удар. Несколько раз роняла, но все в порядке, без последствий.",otzovik.com,otzovik.com,5.0,2019-08-28,https://otzovik.com/review_8679012.html,positive
"Достоинства: Цена, удобство, прочность
Недостатки: Оперативная и физическая память, но для этой цены ноом
Приобрел, так сказать, как резервный. На время ремонта предыдущего. Для ценника от 7 200р до 7 500р вполне себе не плохой аппарат. При эксплуатации каких дибо особых неудобств не заметил. Маловато оперативки конечно. Но для повседневного сёрфинга интернета, фотл и не затейлевых игр очень даже оно. Батарею держит при активнлм исподьзовании около 6-8 часов. В режиме ожидания и редких разговоров 1,5 суток. В режиме модема 8 часов. Да дастаточно крепкий, падал уже не однократно, все работает. Только появились небольшие царапины.",otzovik.com,otzovik.com,4.0,2019-08-27,https://otzovik.com/review_8671019.html,positive
"Достоинства: Цена, экран, камера.
Недостатки: при такой цене не могу их найти
Очень удивила цена, особенно сейчас по скидке. Если сразу зайти издалека, то можно смело сказать, что телефон определенно стоит своих денег и послужит в качестве "" телефона для работы"", либо подарок ребенку, либо тем, кто не гонится за характеристиками и хочет сэкономить. Хочется отметить то, что экран очень даже ничего, яркий и нет ощущения, что телефон очень устаревший. Очень легкий по весу, есть разъем для наушников и лоток для сим-карт тоже очень радует, посмотрите на фото и сами поймете почему За батарею переживать точно, не стоит, т. к. смартфон не обладает повышенными характеристиками, то даже при очень активном использовании заряда хватит как минимум на два дня. Основная камера делает довольно не плохие снимки. Телефон очень доступный и просто грех придираться за такую цену!",otzovik.com,otzovik.com,4.0,2019-08-20,https://otzovik.com/review_8638731.html,positive
"Достоинства: + качество камеры (и фронатлки, и основной) + ОЗУ 2 Гб (т.е. нехилая производительность) + батарея (возможности оптимизации, держит заряд день при автивном пользовании)
Недостатки: — отсутствие NFC — без доп.защиты (типа чехла) уязвим при ударах и падениях — недостаточная водостойкость
Я, придя в магазин со скромным бюджетом в 7-8 т. р., не ожидал что смогу приобрести устройство такого качества. Прежде всего, это фронтальнка на 8 Мп и основная камера на 13 Мп. Классные фотки на курорте обеспечены) Радует также то, что Хуавей и, в частности, Хонор - это известные и уважаемые бренды с уверенностью в том, что это надёжно. Терпеть не могу телефоны фирмы ""рога и копыта"", прикидывающиеся крутыми смартфонами за невероятно маленькие деньги, которые выйдут из строя или потеряют свои характеристики через 2 или 3 месяца. Ещё меня порадовала производительность и оптимизация батареи - не замечал за ним перегревов или разрядку устройства при подключённой зарядке в процессе просмотра HD фильмов и даже забористых 3d игрушках) Батареи хватает на день при активном, но разумном пользовании. В общем если мечтаете о хорошем смартфоне кредит на 10 айфон брать не надо))) здесь есть все что нужно обычному человеку и стоимость не превосходит 7,5 т. р.",otzovik.com,otzovik.com,4.0,2019-08-15,https://otzovik.com/review_8618836.html,positive
"Достоинства: Очень громкий динамик, хорошая камера, быстро заряжается и долго держит заряд.
Недостатки: Нет nfc, обильное кол - во системных приложений.
За свою цену этот телефон меня приятно удивил. Стоит он всего 7990 рублей. Покупался в салоне Мтс. Используется уже месяц. Телефон достаточно долго держит заряд. Так же хочу отметить скорость заряда. Менее чем за два часа на 100 процентов! Ещё меня поразило качество изображения и динамик, а так же супер быстрый 4g lte. Скорость работы самого телефона такая же как и интернет. К сожалению нет nfc платежей. Ещё мне не понравилось огромное количество ненужных приложений от Google. Их нельзя удалить, а так же они занимают очень много места. На телефоне есть расширение памяти до 16 gb. Если у вас проблемы со зрением, то можно увеличить размер клавиатуры и шрифт на экране, а так же иконки приложений. Прочность телефона я пока не проверяла, так как ещё ни разу не падал. Свои основные функции он выполняет отлично! Рекомендую тем, кто не хочет переплачивать за смартфон.",otzovik.com,otzovik.com,5.0,2019-08-04,https://otzovik.com/review_8566252.html,positive
"Достоинства: Большой экран, не тормозит, глюков нет.
Недостатки: Не хватает памяти, звук тихий из-за одного динамика.
Покупала в августе 18 года, так как старый полетел к чертям. Цена была около 8 тысяч. Как обычно, наушники не входили в комплект. Пользуюсь уже год, претензий нет, учитывая, что постоянно пользуюсь. Большой экран, тонкий, удобно сидит в руке, дизайн, конечно, не оригинальный, но за такие деньги пойдёт. Большой минус - 16 гб не хватает, постоянно нужно удалять, чтобы работал быстрее, покупайте мд-карту Ещё из минусов - звук воспроизводится из того же динамика, когда разговариваешь по телефону с кем-то, не очень громкий. На холоде не замерзает, не тупит, на жаре тоже хорошо работает. Что касательно камеры, фотки получаются и хорошо, можно приблизить и рассмотреть что-то. Я довольна телефоном.",otzovik.com,otzovik.com,5.0,2019-07-30,https://otzovik.com/review_8545081.html,positive
"Достоинства: Хорошо держит зарядку
Недостатки: Не выявил
Хочу рассказать о своём преобретении бюджетного смартфона Huawei Honor 7A. Очень привлекательная цена для устройства, в котором сочетаются и мощный процессор, и два гигабайта оперативной памяти, и хорошая камера, как фронтальная, так и наружная. Устройство работает идеально, не подвисает и не глючит. Фото и видео в отличном качестве, можно снимать видео для Вашего Instagram в HD качестве. Хорошая батарея, заряд держит долго! Нельзя не упомянуть красивый дизайн данного устройства, безрамочный экран 18:9. Смартфон хорошо сидит в руке. Отличный вариант бюджетного смартфона, данное устройство никого не оставит равнодушным!",otzovik.com,otzovik.com,5.0,2019-07-03,https://otzovik.com/review_8419317.html,positive
"Достоинства: Ни разу не подводил.
Недостатки: Не заметила.
Данную модель я получила в подарок на новый 2019 год. Радости не было предела! Долгожданный подарок. Давно уже хотела заиметь именно honor. Очень удобен в использовании. Не ""тормозит"", не зависает. Хорошо ""ложится"" в ладонь. Красив внешне. Можно установить множество разных полезных и нужных приложений. Заряжаю конечно каждый день, т. к в течение дня телефон используется часто. Если телефоном не пользоваться в течение дня, то заряд до вечера остаётся от 100 до 95%. Качество камеры очень радует. Когда буду менять телефонный аппарат, то скорее всего буду выбирать из honor. Главное не перезагрузить внутреннюю память.",otzovik.com,otzovik.com,5.0,2019-06-22,https://otzovik.com/review_8365680.html,positive
"Достоинства: Не дорогой,удобный.
Недостатки: Не нашла
Подарил мне муж телефон Хонор 7А. Меня телефон очень порадовал я им полностью довольна. До этого пользовалась телефоном Jinga в нем всегда мне не хватало памяти. В телефоне Хонор ее при достаточно. В нем 2 фронтальных камеры, обе очень хорошо снимают. Поддерживает 2 сим карты, производитель не напихал в телефон ни чего лишнего, а на оборот по заботился о потребителе есть ночной режим и режим защиты зрения. Так же у него хороший дизайн и цвет( У меня синенький) очень удобный экран. Зарядка при активном пользование может держатся до суток, Приобретали телефон в Мтс магазине за 7 тысяч плюс у мтс была какая то акция в подарок дарили 500р, телефончик обошолся всего за 6500. Пользуюсь этим телефоном уже около года, ни разу не подвисал и не тупал))) За свои деньги работает на Ура!!!",otzovik.com,otzovik.com,5.0,2019-06-18,https://otzovik.com/review_8350130.html,positive
"Достоинства: Удобный Компактный
Недостатки: Не переносит пар и кипяток
Пользуясь данным телефоном я до сих пор рад потому что данный телефон очень компактный не смотря на то что он имеет большой экран. При покупке данного телефона мне так же подарили защитное стекло и чехол то есть хоть телефон и дешёвый, но он того стоит. Телефоны от компании Honor на данный момент пользуются большим спросом. Я купив этот телефон остался доволен покупкой так как мне его давно рекомендовали мои друзья и близкие мне люди. В данном телефоне хорошая камера, достаточно памяти. Хочу дать совет тем кто только собирается его приобрести будьте с ним аккуратны на своё опыте я убедился что даже защитное стекло не переносит пар и что то горячее. Если пар попадёт на телефон то это значит что экрану пришёл конец и вам надо будет идти в сервис и делать новое стекло. Стоимость данного телефона в каждом регионе разная так что я не могу вам сказать стоимость данного телефона так как не знаю где вы проживаете и какие у вас цены. Но советую всем купить данный телефон и проверить его работоспособность. У многих телефонов компании Honor металлическое покрытие что кстати очень хорошо. Спасибо что уделили время моему отзыву и прочитали его!",otzovik.com,otzovik.com,4.0,2019-01-29,https://otzovik.com/review_8261534.html,positive
"Достоинства: 1.Высокое разрешение экрана. 2.4 Ядра. 3.Выгодная цена. 4.Хороший дизайн.
Недостатки: 1.Не очень хорошая камера.
Многие хорошо знают марку Huawei, как качественную марку с бюджетными телефонами. Телефон Honor 7A довольно хороший. Качественная сборка, хороший экран и удобное расположение разъёмов. Данный телефон представлен в нескольких цветах. Был куплен за 7990. Экран 5,45 дюйма. Хорошо держит заряд. Единственный минус данного телефона - не очень хорошая камера, нет хорошей четкости. А так, я считаю, что за такие деньги очень хороший телефон и можно его брать на долгое использование.",otzovik.com,otzovik.com,4.0,2019-01-03,https://otzovik.com/review_8142595.html,positive
"Достоинства: Много гигобайтов!
Недостатки: Нету
Этот телефон безупречен по всем характеристикам! Я пользуюсь этим телефоном уже 6 месяцев, хотя я им не пользуюсь так долго но этот телефон уделяет больше и больше. У этого телефона много памяти, хороший процессор, отличная камера. С задачами которыми я на него ставлю он с ними спровляется! У меня телефон в чёрном цвете! Он у меня на 4 гигабайта и ещё SD карта на 16 гигобайтов, мне этого хватает! Больше не чего об этом телефоне не могу сказать! Этот телефон мне очень нравится!",otzovik.com,otzovik.com,5.0,2019-04-23,https://otzovik.com/review_8094736.html,positive
"Достоинства: Низкая цена
Недостатки: Нет
Довольно прикольный телефон. Экран здесь 5.45 дюймов, картинка здесь просто офигеешь. По характеристикам здесь стоит четырех ядерный процессор и два гигабайта оперативной памяти можно играть в мощные игры на средней настройке графики. Внутренняя память на шестнадцать гигабайт что хватает игр скачать и музыку накачать. Камера здесь на тринадцать МП а фронтальная камера на пять МП что позволяет делать достойные фоточки. Также телефон поддерживает 2 нано сим карты есть поддержка четыре g. Качество сигнала при звонке нормальное, динамик так же работает нормально без лишних шумов. Акамулятор здесь на 3000мач мне хватало на несколько дней заряжается довольно быстро.",otzovik.com,otzovik.com,5.0,2019-03-31,https://otzovik.com/review_7978169.html,positive
"Достоинства: В этом телефоне приемлемо все
Недостатки: Для меня, немного великоват, а так все хорошо
Советую, хороший телефон. Приемлемая цена, если вы не гонитесь за понтами, это тот самый вариант. Имеет средние характеристики, красивый внешний вид. Хорошо держит заряд, мне с моим использованием хватает на целый рабочий день использования. Не тупит и не лагает. Нет отпечатка пальца, но мне он не нужен, к этому претензий нет. Вставляется флэш карта, что является плюсом. Также большой плюс - это две сим карты, я пользуюсь услугами двух операторов, очень удобно все держать в одном телефоне, а не ходить с двумя. Также стоит ОС Андроид, что для меня является более удобным и привычным вариантом. В целом не пожалел с выбором, советую!",otzovik.com,otzovik.com,5.0,2019-03-24,https://otzovik.com/review_7937344.html,positive
"Достоинства: Камера, сенсор, батарея
Недостатки: Сильный нагрев, играть почти нереально, годиться только для мессенджеров, при серфинге в браузере греется и зависает
Телефон разочаровал полностью, считаю за 8 тыс телефон должен хотя бы интернет серфить без лагов. Тех характиристи не более чем муляж по скорости работы он устпает на минуточку... кнопочному телефону, интернет страница в кнопочном телефоне грузиться в разы быстрее чем тут. Лично я не верю в какие то мифические 4 ядерные процессоры и 2 гб оперативной памяти, с такими характеристиками телефон должен летать. Про игры можно сразу забыть, особенно тем кто оденет чехол, так как нагревается он моментально после чего пользоваться им становиться невозможно. В принципе на максимальной яркости вообще лучше не запускать приложения. Единственное что может оправдать ""высокую"" стоимость это возможно камера, она тут на троечку и в общем то сгодиться но только для фото (видео телефон снимать не умеет) и батарейка, она хороша пока телефон новый но из за частого нагрева я думаю быстро вздуется. Будь у телефона цена за 5 тыс рублей можно было забыть про эти недостатки. Но он стоит дороже и на эту стоимость не вытягивает, аккумулятор не снять, встроенной памяти мало, при подключении к компьютеру не перебросить файлы как с флешки, нужно устанавливать спец софт.",otzovik.com,otzovik.com,2.0,2019-03-22,https://otzovik.com/review_7924255.html,negative
"Достоинства: +Большой экран +2ГБ оперативной памяти и 16 внутренней. +Хорошая камера.
Недостатки: -Невозможна самостоятельная замена аккамулятора -Устройство хрупкое
Данный смартфон довольно большой (5,5 дюймов). Если вы не собираетесь использовать свой смартфон в качестве КПК, то 2ГБ оперативной памяти вам должно хватить. Так же в вашем распоряжении 16ГБ внутренней памяти. Смартфон поддерживает раздвоение экрана (использование двух приложений одновременно). В него встроена удобная клавиатура, которую можно поменять. В данной модели имеется два слота для симкарт и один слот для SD-карты. Имеется вспышка на фронтальной камере. Основная камера на 13 мегапикселей, а фронтальная - на 5. Если вы не фотограф, то вам должно хватить. Телефон не поддерживает изъятие аккамулятора открытием задней крышки. Аккамулятор на 3020mah. На день активного использования хватает. Устройство прослужит вам порядка трёх-четырёх лет, после чего вы будите вынуждены пойти в сервис и заменить аккамулятор или же купить новый смартфон.",otzovik.com,otzovik.com,4.0,2019-02-12,https://otzovik.com/review_7719477.html,positive
"Достоинства: Соотношение цена-качество
Недостатки: Пропадает связь
Мой старый смартфон стал меня подводить, после того, как меня не услышал диспетчер скорой, я окончательно и бесповоротно решила его менять. 29 декабря, перед самым Новым годом, решила купить новый гаджет, покупала в Связном. Выбирала по характеристикам и цене между Самсунгом 7 и Хонором 7А. В итоге остановилась на Хоноре, после моего старого телефона он даже в чехле показался мне легче. Камера меня устраивает, задняя вообще чёткая. Памяти тоже мне хватает, по сравнению с бывшими 4 гигами 16 гигов просто чудесно, пока жду когда обновления забьют память, думаю, не скоро. Всё поддерживает, хорошо держит и вайфай и мобильный интернет. Но вот беда, уже три раза, причём в самые нужные моменты, просто пропадает связь, никто не дозванивается мне, хотя у звонившего идут гудки, а у меня телефон дпже не реагирует. Вот сейчас думаю, идти ли в салон с заявлением на неисправность.",otzovik.com,otzovik.com,4.0,2019-02-09,https://otzovik.com/review_7700730.html,positive
"Достоинства: Камера, экран, батарея
Недостатки: Нет
Батарея отличная, хватает на день спокойно, экран большой, удобный, камера отличная для такой цены, заряжается быстро что очень радует, на счёт игр тянет средние игрушки, тяжёлые он не потянет, ну а в целом хороший аппарат!",otzovik.com,otzovik.com,5.0,2019-01-31,https://otzovik.com/review_7645279.html,positive
"Достоинства: Первый огромный плюс в нем это его цена всего 7500 примерно второй плюс его камера имеется вспышка на селфи камере и нормально держит заряд.
Недостатки: Память не соответствует сказанному так как если полностью очистить то тогда будет только 16 гб но это не возможно
Смартфон по характеристикам памяти не очень так как в нем 16 гб встроенной памяти но как его запускаешь оказывается не 16 гб, а всего лишь около 6 гб, но учитывая его цену вполне себе нормальный телефон да и камера тоже нормальная фронталка со вспышкой.",otzovik.com,otzovik.com,5.0,2019-01-23,https://otzovik.com/review_7600158.html,positive
"Достоинства: Бюджетность, экран, динамики
Недостатки: Оперативная память
Купил телефон в сентябре этого года. Телефон покупался как для игр, так и для обычных посиделок в социальных сетях. В играх показывает себя неплохо, хотя бывает маленькая потеря кадров(FPS) в таких играх: PUBG Mobile, Garena Free Fire. Камера телефона меня вполне устроила, ожидал большего от такого телефона. Камера этого телефона хорошо работает только при близкой фотографии. Оперативной памяти, как заявляет производитель, 2 ГБ. Этой памяти хватит для обычных дел, не особо нагружающих телефон. Телефон покупался в чёрном цвете, он отлично подчёркивает солидность человека который его приобрёл. Памяти в телефоне 16 ГБ, этого вполне хватает для приложений, фотографий и видео. Телефон имеет безрамочный экран 5,45 дюйма, вполне компактный, не как многие телефоны ""лопаты"". Телефон отлично передаёт звук, он обеспечивает чистый звук в шумном месте. В целом, телефон неплох для своих денег, покупал я его за 7,800 рублей и за этот период с сентября, он меня ни разу не подводил!",otzovik.com,otzovik.com,5.0,2018-12-16,https://otzovik.com/review_7406339.html,positive
"Достоинства: Отличная камера Много памяти
Недостатки: Нет минусов
Добрый вечер. Сегодня я расскажу вам о своём новом телефоне. Honor 7a я купила месяц назад, в Эльдорадо за 7450 рублей. И это кстати очень бюджетно. Я не хотела огромные или же наоборот маленькие телефоны, мне кажется размер 5.45"" самое то для меня. Меня привлёк его внешний мир. Во первых, задняя крышка не открывается, поэтому сбоку есть отделение для двух нано-сим ок и карты памяти до 256 гб. Так же есть скрепка для открытия отделения. Производство этого телефона Китай. Я купила в чёрном цвете, там также был золотистый и синий. У меня телефон на 16 гб, и мне лично это хватает. Состав телефона-пластик. В общем то и не удивительно, ведь он бюджетный. На упаковке написан также срок службы, 3 года, маловато, но возможно у меня телефон проживёт дольше. Коробка телефона в моем любимом голубом цвете. Нет на ней ничего лишнего. -Huawei honor 7a-это безрамочный экран FullView(18:9) -основная камера 13 мп -фронтальная камера 5 мп Фотографии получаются прекрасные. Вот примеры фото: Фокус работает супер. В коробке лежал сам телефон, скрепка для слотов, зарядка, адаптер, чек, гарантийный талон, инструкция. Чтобы включить телефон, нажмите и удерживайте кнопку питания, пока не включитсч экран устройства. Имеется вспышка, эффект бабочки в селфи, разговорный динамик сверху, порт микро юсб, кнопка регулировки громкости, индикатор состояния, основная камера датчик освещения, основной микрофон снизу, кнопка питания, фронтальная камера, разъём для наушников сверху. Чтобы принудительно перезагрузить телефон, нажмите и удерживайте кнопку питания, пока телефон не за завибрирует. В общем телефон очень классный, я уже приобрела себе два чехла, ещё один заказала на joom, наклеила броньку. Всем спасибо за внимания Версия 8.1. орео Скрин идеальный",otzovik.com,otzovik.com,5.0,2018-10-28,https://otzovik.com/review_7159279.html,positive
"Достоинства: Дизайн, фото, цена
Недостатки: фронтальная камера
Хочу с вами поделиться мнение о смартфоне HONOR 7A. Пользуюсь им четыре месяца, за это время, определила достоинства и недостатки. Во-первых, в целом смартфон хороший, не плохие системные данные. За счет этого работает быстро. Во-вторых, первый критерий, который был для меня важен при выборе смартфона - эта камера. И в принципе она не плохая, чего нельзя сказать о фронтальной, снимки получаются просто ужасные. В-третьих, звук. Он достаточно четкий, хорошие четкое звучание, но на мой взгляд тиховат. В-четвертых, красивый дизайн, хорошая графика и самая главная отличная цена.",otzovik.com,otzovik.com,5.0,2018-10-13,https://otzovik.com/review_7089716.html,positive
"Достоинства: Камера, процессор, оперативная память, размер дисплея.
Недостатки: Видеоядро
Купил сей чудесный девайс в июле этого года, и он сразу же мне понравился. По своей ультрабюджетной цене 8000 рублей ему конкурентов практически нет. У него большой и удобный дисплей, для моей достаточно крупной руки 5.45 дюйма - лучшее решение. Хорошее разрешение 720р. Картинка сочная, так и манит. Камера очень хорошая, 13МП хватает чтобы делать отличные фотографии. 4 ядра вполне хватает для сложных приложений, а 2 гб оперативной памяти с головой покрывают потребности телефона в нескольких приложениях одновременно. В очень масштабных и сложных играх слабенькая видеосистема дает о себе знать. Например, в Mortal Kombat X игра подтормаживает в сложных сценах. В целом гаджет хороший, особенно за свои деньги.",otzovik.com,otzovik.com,5.0,2018-10-03,https://otzovik.com/review_7043871.html,positive
"Достоинства: Работа до 6 месяцев без провисаний
Недостатки: Нижняя рамка смартфона,камера
В период использования данного девайса я был доволен, но не долгое время. дело в том, что за время использования я особо не сталкивался с проблемами до тех пор, пока не решил использовать его для отдыха(игр). всё дело в его устаревшем, ,железе то есть его устаревшем оснашении. используя его в целях игр он плох для тех, которые требуют больших нагрузок на процессор(на само обеспечение)смартфона. Могу с уверенностью сказать, что данный девайс подойдёт для тех, кто ищет телефон для работы. Но и тут есть казус. И этот казус состоит в том, что смартфон не сильно безрамочный самая нижняя часть смартфона имеет миллиметров пять пространства для названия производителя, что не особо выглядит эстетично. камера данного смартфона не шипко впечатляет, так что тут заключение одно, что смартфон подходит для работы. тут тоже можно найти проблему при его работе в целях занятости. при длительном использовании он начинает зависать, что особо неприятно, если что-то нужно сделать срочно.",otzovik.com,otzovik.com,3.0,2025-01-06,https://otzovik.com/review_17310619.html,neutral
"Достоинства: Небольшие размеры, среднее качество фотографий, небольшая цена покупки, сервисы Google
Недостатки: Небольшое количество встроенной и оперативной памяти, плохие камеры, низкая производительность, хриплый динамик, плохой экран и аккумулятор
Телефон просто кошмарный. Мало встроенной памяти — после 4–5 скачанных приложений уже не хватает. Камера средняя, но видео снимает ужасно. Селфи тоже ужасные. Производительность никакая. В игры не поиграть — даже в Roblox, Brawl Stars или Minecraft не запустишь. Видео на ютюб в 1080p иногда лагает. Оперативной памяти мало — максимум одно тяжёлое приложение. Второе закрывается. Даже его предшественик Honor 6 был мощнее. Пользоваться VPN и смотреть YouTube тяжело, потому что из-за ограниченной оперативной памяти VPN часто отключается сам по себе. Иногда даже виртуальная клавиатура лагает. Динамик один, не очень громкий. При выставлении высокого уровня громкости динамик начинает хрипеть. Экран не яркий, иногда не хватает яркости. На солнце почти ничего не видно. Корпус пластиковый, тонкий, можно легко погнуть. Фонарик не яркий Телефон не очень большой, это может быть плюсом. Также из плюсов есть MiniJack, сервисы Google. Но разъем для зарядки Mini-USB просто ужасен, один из самых больших его минусов это частая поломка провода. О быстрой зарядки даже не может идти и речи. Написано, что телефон безрамочный, но снизу есть подбородок, а сверху шторка для камер. В общем, ужасный телефон. Аккумулятор плохой. При активном использовании разряжается через 2–3 часа. На холоде разряжается моментально. Телефон-дно.",otzovik.com,otzovik.com,1.0,2025-01-08,https://otzovik.com/review_16912592.html,negative
"Достоинства: Прочный
Недостатки: Очень слабый, не справляется не с чем!
Телефон внешне красивый, но внутри... Мало памяти, очень слабый процессор, сильно греется, аккамулятор не держит совсем. Он даже не справляется со своей главной задачей - звонки! Динамик маленький и всего один! Никого и нечего не слышно, микрофон тоже не из лучших. Камеры мыльные, звук тоже плохой.",otzovik.com,otzovik.com,1.0,2024-12-23,https://otzovik.com/review_16867541.html,negative
"Достоинства: Цена, качество и ""живучесть
Недостатки: Разъём для зарядки - micro usb, как и на многих других смартфонах (в принципе ненавижу его)
Я очень довольна смартфоном Honor 7a. Он оказался по настоящему ""неубиваемым"". Хотя с ним было уже немало несчастных случаев, связанных с его использованием, телефон все еще работает как новый. Думаю, что это отличное качество в данном ценовом сегменте. В первую очередь, я купила этот смартфон для своего ребенка. Знакомая посоветовала взять с поддерженного магазина комиссионщик. Да, он уже был б/у, использовался 2 года, как утверждал продавец и я тут решила рискнуть и купила его всего за 4,5 тыс руб. На тот моментон стоил около 9к, а в 2023 - 7к. Не прогадала! Не ожидала, что он будет иметь настолько хорошую производительность и долгий срок службы. Несмотря на отсутствие новейших технологий и функций, которые появились в смартфонах 2023 года, Honor 7a все еще выполняет свои функции на должном уровне. Этот смартфон подходит для игр, просмотра видеороликов и некоторых повседневных задач. Ребенок с интересом использует его для общения с друзьями и просмотра любимых мультфильмов. Конечно, нельзя сравнивать Honor 7a с новыми моделями. Однако, если вы ищете недорогой, надежный и производительный смартфон для ребенка, то Honor 7a - отличный вариант. Он уже многое у нас пережил, но все еще работает без проблем. В целом, я очень довольна покупкой смартфона Honor 7a. Это прекрасное сочетание качества и стоимости, идеальное для детей.",otzovik.com,otzovik.com,5.0,2023-08-11,https://otzovik.com/review_15064121.html,positive
"Достоинства: Один из плюсов - это огромная память
Недостатки: Минусов я у него не нашла, это замечательное устройство.
Здравствуйте хочу расказать своё впечатление о смартфоне. Работа этого телефона меня восхищает! Памяти на нём достаточно, потянет даже большие игры и приложения. Сама пользуюсь им 2 года и ещё не разу не ломался. Зарядка быстро набирает 100%. В моей семье два таких телефона. У меня и у мужа. Его мнение об этом смартфоне такое же замечательное. Его устраивает всё в этом телефоне. Не смотря на то что он любитель бесконечно закачивать игры, ему хватает памяти на нём. И даже остаётся пару десятков мегабайтов. Я советую каждому приобрести его. Он станет одной из самых полезных покупок для вас. При его покупке я была приятно шокированна ценой за приобретения. Можно бесконечно говорить о его достоинствах, но в принципе он лучшая моя покупка.",otzovik.com,otzovik.com,5.0,2022-12-07,https://otzovik.com/review_14075865.html,positive
"Достоинства: быстрая зарядка
Недостатки: плохая камера ужасное (фокусирование) тормозит не держит заряд батареи мало памяти (16 гб) плохой и тихий звук
Пользовался телефон почти год, и он уже начинает тупить. Камера не фокусируется, приложения сворачиваются и закрываются, телефон на морозе может выключится, звук тихий и шипит. С телефоном ничего не происходило, не знаю почему мне достался такой телефон, ко всем этому он очень медленно работает. Я конечно понимаю что устройство уже устарело, но своих денег оно не стоит",otzovik.com,otzovik.com,2.0,2022-03-07,https://otzovik.com/review_13154487.html,negative
"Достоинства: Удобный Практичный
Недостатки: Плохая камера Мало памяти
Покупала данный телефон в 2017 году. Он был очень удобен для того, чтобы пользоваться социальными сетями, слушать музыку, вести переписки и скачивать мессенджеры. Не подходит для игр, которые весят очень много: мало оперативной памяти. Плохое качество картинки и стабилизации видео, по сравнению с другими марками. Плюсом хочется отметить очень демократичную цену неброский дизайн и надёжный корпус, который который при ударе не разбивался и не трескался. Еще он устойчив к перепадам температуры, тоесть телефон можно было спокойно использовать на морозе и он не зависал, однако при перегрузках он мог перегреваться.",otzovik.com,otzovik.com,3.0,2021-12-30,https://otzovik.com/review_12869133.html,neutral
"Достоинства: Отличное качество камеры,
Недостатки: В основном нет
Перешёл буквально вчера на линию телефонов Honor, от Huawei. Очень жаль, что телефон, который лучше по начинке (процессор, память и т. д.) и качеству ""самсунг"" и ""эпл"" - предполагаю в дальнейшем, просто лишён прав на сервисы гугл. Я думаю: честная конкуренция - это когда не ставят ""подножки"", но на сервисах гугл завязана работа многих важных приложений. Данный же телефон надёжен, особенно радует качеством фотографий камера. Приложения доступны в приложении-аналоге плэймаркета. При работе на приложениях у меня трудностей не возникло. Что касается работы батареи, то есть широкие возможности: переход в режим энергосбережения, режим ""ультра"" и авто-выключение аппарата в тёмное время суток. Я пользуюсь чаще режимом ультра: так заряда батареи (при 20%) хватает до ближайшей зарядки.",otzovik.com,otzovik.com,5.0,2021-10-28,https://otzovik.com/review_12597440.html,positive
"Достоинства: Легкий, быстрый
Недостатки: Так и не нашла
Здравствуйте. Смартфон не плохой в своей бюджетной (можно и так сказать) линейке. Отвечает всем своим характеристикам. Довольно шустрый по воспроизводимости средних и тяжелых игр. Хорошие динамики, достаточно громкие. Весит он прям немного, легкий. Раньше у меня был другой смартфон. Тот весил как кирпич. При переходе на эот смартфон вес конечно сразу различим. первое время боялась его носить, так как толком его не чувствовала в кармане. По поводу фотографий могу сказать что основная и фронтальная камеры делаю не плохие фотографии. есть автофокус. Плюсом служит это еще то что он хорошо держит заряд батареи и его в принципе может хватить на полный день.",otzovik.com,otzovik.com,5.0,2021-10-05,https://otzovik.com/review_12502056.html,positive
"Достоинства: Выдерживает игры, хороший звук, удобный интерфейс, есть специальные возможности для людей с ограничениями.
Недостатки: Мало памяти, иногда появляются глюки.
Доброго вечера суток. Телефон Honor 7a, среднего качества, хорошо подойдет как подарок школьнику, но никак телефон для работы, так как бывают глюки. Памяти мало 16гб, для игрового гаджета так же не подходит из за памяти, но игры выдерживает. Экран прочный, сколько раз роняла, не одной трещины, хороший динамик, звук вполне качественный, но не идеальный. Есть специальные возможности для людей с ограничениями. Свою цену телефон оправдывает.",otzovik.com,otzovik.com,4.0,2021-10-02,https://otzovik.com/review_12492603.html,positive
"Достоинства: Хоть и глючит, но всё же норм
Недостатки: Места мало очень
Пишу через этот же телефон. Уже как 4 года пользуюсь им. Конечно места мало и не подходит для больших игр таких как pubg, free fair. Я бы поставил бы 5 звёзд, но место в памяти всего 16 гб. И для меня это мало. Так же редактироваь в alight motion просто не возможно. То чувство как будто с ним можно только звонить и youtube смотреть. Ещё проводника нет, если удалишь не знакомое приложение то никогда не вернёшь. Зарядка то норм, то не норм. Ещё всегда надо ходить с иголкой чтобы Sim карту поставить. А так если откроешь его как на других телефонах, то там какая то деталь отпадёт и всё телефону конец. У меня он с защитным стеклом все 4 года, даже не знаю что было бы если я бы убрал его... А так для ютуба и для небольших игры сойдёт.",otzovik.com,otzovik.com,3.0,2021-09-19,https://otzovik.com/review_12437271.html,neutral
"Достоинства: Версия андроид, камера, объём памяти
Недостатки: Мощность батареи
Всем привет. У брата есть такой телефон, но и я за одно им пользуюсь. И это мой самый любимый телефон у него сплошные плюсы но есть и минус. Первый плюс : версия андроид. Самая удобная и, быстроработающая восьмая версия простая в использовании . Второй плюс: доступная цена. Хороший и дешёвый телефон днём согнем не сыщешь, а этот телефон и бюджетный вариант и работает он прекрасно. Третий плюс: мощная камера. На камере чёткое, яркое изображение. Есть несколько режимов съёмки. Четвёртый плюс: объем памяти, он конечно не огромный, но шестнадцать гигабайт не так уж и мало для хранения музыки фоток и средних приложении. Минус: мощность батареи. Объём заряда не большой и разрешается быстовато.",otzovik.com,otzovik.com,5.0,2021-09-05,https://otzovik.com/review_12386195.html,positive
"Достоинства: Есть слот под 2 сим-карты, за свою цену нормальный.
Недостатки: Есть слот под SD карту, но нельзя поменять память в настройках, и после 3 лет работы начал сам перезагружаться.
Этим смартфоном я пользуюсь уже порядком 3 лет и могу рассказать о его плюсах и минусах. Памяти в нём мало, т. к. вы сможете найти смартфон максимум с 32 гб, и несмотря на такое маленькое количество памяти они умудряются загрузить ненужных приложений на 2 гб. Камера так себе, фокус иногда не срабатывает и при съёмке в темноте фонарь никакой роли не играет. Так же некоторые игры этот телефон не поддерживает, поэтому не расчитывайте на то, что на нём можно нормально поиграть.",otzovik.com,otzovik.com,3.0,2021-08-27,https://otzovik.com/review_12351683.html,neutral
"Достоинства: Удобный дизайн, не тяжёлый, слот для 2 симкарт
Недостатки: 16Гб памяти
Ну чтож, этот телефон меня полностью устраивает. У него, как по мне, милый дизайн и его очень удобно держать в руке. Пользуюсь я этим телефон уже 2 года и одно из того, что расстроило это то, что блок (который шёл в комплекте к телефону) после полугода использования просто перестал работать. Но это не испортило общего впечатления о самом телефоне. Второе, что расстроило, это 16Гб внутренней памяти. Но к счастью и эта проблема решилась самим телефоном. Он поддерживает SD карты до 256Гб. Я думаю это стоит знать заранее. Камеры. Тут она не самая лучшая. Но удачные кадры сделать можно, то есть качество, конечно, не как на проф. камерах. Основная камера - 13МР, фронтальная 5 МР. В целом, телефоном очень довольна, работает уже 2-й год и только сейчас может немного нагреваться при работе в 3-4 приложениях одновременно (переходя с одно на другое приложение без перерыва).",otzovik.com,otzovik.com,4.0,2021-07-11,https://otzovik.com/review_12157150.html,positive
"Достоинства: Камера, экран, аккумулятор.
Недостатки: Процессор слабый, крышка(царапается)
Телефоном пользуюсь второй год. Процессор очень слабый, современные игры не потянит. В pubg сыграть не получится. Подсветка у экрана очень яркая(удобная). Аккумулятор долго держится. Целый день можно спокойно пользоваться, но современем аккумулятор всё равно портится и проценты держутся уже не так долго. Ранять телефон не желательно: Подсветка исчезает, и экран можно разглядеть только фонариком. Ремонт подсветки стоит в среднем от 1500 до 2000, так что лучше купить новый телефон. Экран не царапается. Очень сильно царапается крышка, так что лучше купить чехол. Камера хорошая, снимки получаются чёткие.",otzovik.com,otzovik.com,4.0,2021-02-16,https://otzovik.com/review_11480978.html,positive
"Достоинства: Камера, звук, память
Недостатки: Нет.
Пользуюсь около 2 месяцев, до этого ходила с сони и самсунгами, очень боялась чтобы не подвела новая марка! Но хонор оказался действительно хорошим выбором. Во первых очень радует камера, так же как и встроенная память которой вполне хватает даже с учётом того что мне её необходимо очень много. Так же очень радует встроенная оперативная память, благодаря чему я смогла попробовать игры в которые раньше не могла поиграть из-за зависаний. Есть ещё большое множество преимуществ! Очень довольна преобретением.",otzovik.com,otzovik.com,5.0,2021-01-19,https://otzovik.com/review_11318339.html,positive
"Достоинства: Хорошая камера Отличный звук и качественная запись голоса в микрофоне. Быстрая зарядка
Недостатки: Нет NFS-оплаты,не встроена изначально,не поддерживается данный модуль,то бишь нельзя расплачиваться картой с экрана телефона... Заряда аккумулятора на хватает на 24 часа,лишь максимум на часов 8 Не очень чёткое качество фото при тусклом свете в помещении
Приобретался мною данный смартфон почти три года назад, в 2018-м, тогда мне был нужен телефон с хорошей задней камерой, я учился в колледже, мне было нужно фотографировать конспекты и материал с доски. Бюджет на покупку телефона у меня был на то время, мягко говоря, ограничен - 8 тысяч рублей. И в апреле 2018 Хуавей презентировал релиз Хонора 7А. Я посмотрел характеристики телефона, и о чудо! это было то, что мне нужно! Приобрёл смартфон в чёрном цвете, телефон сразу начал показывать себя с лучшей стороны: Хороший звук динамика, отличное качество снимков и с фронтальной, и с задней камеры. Телефон довольно таки шустро работал, заряда батареи хватало на часов 7-8 непрерывного использования, даже при просмотре фильмов и развлечений, играя в игры. Ещё хочу отметить, что телефон довольно прочный, как экран, так и задняя часть телефона - несомненно крепкие, я ронял его из кармана на асфальт, и экраном и крышкой, никаких трещин на экране не было, даже микротрещин не наблюдалось, а на задней крышке были еле заметные царапинки, и то под определённым углом, например при отсвечивании люстры или солнца Оценка 7/10 - за свои деньги.",otzovik.com,otzovik.com,4.0,2021-01-14,https://otzovik.com/review_11283049.html,positive
"Достоинства: Хорошая цена .
Недостатки: Обновления могут ухудшить работу телефона.
Всем привет, хочу поделиться своим мнением о телефоне honor 7a. В целом телефон не плохой, хорошо снимает, хорошие динамики, приятный дисплей и вид в целом хороший. Но есть один минус - это то, что через какое-то время телефон начинает тупить, не выполнять какие-либо функции, которые он раньше выполнял. Все это связанно с постоянными обновлением телефона. Так мне сказал мастер и - это оказалось так, потому что у меня было 3 honor 7a 7a pro b 8a и у всех через какое-то время появлялись неполадки из за обновлений. Хорошо, что эти проблемы можно самому убрать, если умеешь или сходить к мастеру. А так, телефон оправдывает свои деньги .",otzovik.com,otzovik.com,3.0,2020-11-05,https://otzovik.com/review_10890210.html,neutral
"Достоинства: Удобно держать в руке; понятен и прост в использовании
Недостатки: Небольшой объём памяти, при заполнении которой телефон зависает; среднее качество фотографий; короткое время работы батареи
Покупали Honor 7A сестре 1,5 года назад. До сих пор всё работает и функционирует, но, к сожалению, со временем заряд батареи стал садиться куда быстрее. В смартфоне встроены 2 камеры на 13 Мп и 5 Мп, на удивление фотокамера с одинаковым расширением (13Мп), как у Honor 7c, значительно хуже. Фотографии более размытые, не качественные. А вот фронтальная камера, почти на равне с моделью 7c в 8Мп. (фотографии ниже сделаны на Honor 7c) Данная модель телефона больше подходит для школьников начальных-средних классов или же пожилых людей. В целом, удобен в использовании!",otzovik.com,otzovik.com,3.0,2020-11-02,https://otzovik.com/review_10871178.html,neutral
"Достоинства: Все технические характеристики .
Недостатки: Через год заряда батареи стало хватать на 1-2 дня.
Этот смартфон стал для меня настоящим подарком. Заказали для него чехол, но нужный размер подошёл со второго раза. Камера снимает просто превосходные снимки, вторая помогает быть на видеосвязи в социальных сетях. Приятный на ощупь, хорошо лежит в руке и в кармане даже с чехлом... Возможность применить карту памяти большого объёма радует. После выхода в свет многие знакомые тоже захотели такой аппарат. Можно наклеить защитную плёнку или стекло, что даст смартфону высокий уровень защиты. Вывозит работу нескольких приложений разом. Надёжность и качество конёк фирмы производителя. Мне очень нравиться, возможно купим новый. Если это сломается.",otzovik.com,otzovik.com,5.0,2020-10-28,https://otzovik.com/review_10847161.html,positive
"Достоинства: низкая цена, хорошее качество
Недостатки: немного расшаталось гнездо для зарядки, хотя возможно это дело именно в зарядке, а не в смартфоне
Пользуюсь смартфоном хонор один год, недостатков не выявила, отличный идеальный отзыв экрана, много разных функций. Большая встроенная карт памяти, отличная камера. Качественные снимки. Хороший звук. Однозначно советую.",otzovik.com,otzovik.com,5.0,2020-10-23,https://otzovik.com/review_10820506.html,positive
"Достоинства: -небольшая цена -приятный дизайн
Недостатки: -недолгий срок службы
Это был подарок мне от моего молодого человека! Подарил он мне его в 2018 году, я была очень- очень рада, так как до этого у меня был телефон намного хуже... Телефон сразу мне понравился, по размеру был очень удобен, привлекательный темно- синий цвет, и в придачу еще и цехол-книжка. Внутренней памяти мне еле-еле хватало, но я была рада и 16 гб. Телефон работал отлично где то ровно год, далее чуть хуже. И еще через год, его батарея разряжаться стала очень быстро, что очень плохо. Телефон начал притормаживать, зависать и тд. В общем я поняла, что срок его службы подошел к концу.( Могу сказать только одно, что в целом смартфон Honor 7A приобрести за 7500 р в 2018 было очень даже неплохим решением, телефон радовал. Ну а конец когда то приходит всему)",otzovik.com,otzovik.com,3.0,2020-10-20,https://otzovik.com/review_10805857.html,neutral
"Достоинства: Долго держит заряд ,большой экран,камера на 13мр ,без лагов
Недостатки: Нельзя самостоятельно снять крышку
2 года назад я купила себе honor7 А, в салоне. Телефоном очень довольна, отлично работает без лагов, держит заряд 2 суток легко, быстрая зарядка, по сравнению с Samsung, 16 Гб встроенной памяти+карта SD. Разъем для 2 симкарт, не перегревается, есть встроенная программа очистки памяти(как клинмастер). И самок главное цена очень радует, по сравнению с аналогичными смартфонами honor 7 A стоит дешевле, и качество лучше, покупкой очень довольна, всем советую, отличный бюджетный вариант.",otzovik.com,otzovik.com,5.0,2020-10-18,https://otzovik.com/review_10793776.html,positive
"Достоинства: не дорогой,легкий,тонкий, более мене тонкий,живучий
Недостатки: Плохая камера,малый запас акумулятора,не производительный
Телефон в полне хороший за свою цену (6000рублей-8000рублей) но есть пару минусов и также плюсов, щас я о них вам расскажу. Смартфон не подойдет вам для тяжелых операцией таких как игры, данная модель служит для ""посиделок"" в социальных сетях и и в браузере. Что сказать про камеру данной модели, то она вполне себе приемлема для своей цены. Качественных фотографий вы конечно не получите, но пару хороших фоток вы можете сделать. Что говорить про работу акумулятора, то полного заряда в принципе хватает на день, еще учитывая как вы используете телефон, например полного заряда мне хватает на 3-4 часа без прерывной работы. Еще что хочется отметить что телефон довольно устойчивый к падениям и ударам. Подводя итоги я хочу сказать что телефон бюджетный и подойдет тот кто просто сидит в интернете. Для других операций таких как фото и игры он вам не подойдет.",otzovik.com,otzovik.com,3.0,2020-09-29,https://otzovik.com/review_10701335.html,neutral
"Достоинства: Хорошее качество фото Лёгкий в использовании Долго держится батарея Хорошие динамики Не нагревается при просмотре фильмов и игр
Недостатки: Заедает сенсор
При покупки первым делом моё внимания привлёк это цвет : изумрудно зелёный, конечно же как и любая девочка я люблю фотографироваться и фотографировать свою семью, поэтому качество фотографий меня сильно волновало, по этому из всех маделий я предпочла хонор, особенно он подойдёт для девочек которые не хотят терять время на редакторы фотографий, там одним нажатием настраивается фото и вы всегда красивые, кожа гладкая на фото и ни каких изъян, память меня очень по радовала, так как сейчас много менеджеров и нужно много памяти на фото, видео, приложения... Хорошие динамики как и при разговоре, так ии при прослушивании музыки. Но мне по моему на Honor не везёт, я все время нахожу какой нибудь минус, а конкретно в этой модели меня подвёл сенсор постоянно зависает, то вообще не работает, чуть за пачкался и все начинается веселуха, по этому рекомендую сразу брать защитное стекло и тогда проблем не будет, в принципе это единственный недочёт",otzovik.com,otzovik.com,4.0,2020-08-30,https://otzovik.com/review_10572106.html,positive
"Достоинства: Камера,звук, громкость в вызове,экран яркий
Недостатки: Батарея,виснет от тяжелых программ
Honor 7А(золотой) в среднем нормальный для использования, но не для работы и тяжёлых программ, камера вполне хорошая, звук неплохой, ребёнку в подарок понравился, так как это его первый телефон. Сама фирма Honor хорошая, если покупать его, то надо брать высшей цены и категории. Например honor20.",otzovik.com,otzovik.com,4.0,2020-07-19,https://otzovik.com/review_10368822.html,positive
"Достоинства: Камера, батерея, продуктивность, цена, качество
Недостатки: Мало памяти
Подарили телефон почти два года назад. Пользуюсь до сих пор. Особых дефектов не обнаружила. Классная камера (снимаю неплохие видео - качеством полностью довольна). Батарея держится до двух дней. Поклеено стекло - экран не бьется. Основной минус - это мало памяти, но это легко исправятся покупкой карточки памяти. Телефон быстро справляется с основными задачами - звонки, смс, фото, видео. Пользуюсь несколькими мессенджарами без как либо глюков. Но если памяти мало, то он может зависнуть. Вобщем, очень довольна телефоном, даже сестре купила точно такой же. Цена на него по сравнению с другими моделями очень выгодна. Рекомендую!",otzovik.com,otzovik.com,5.0,2020-07-10,https://otzovik.com/review_10327712.html,positive
"Достоинства: Эффектный дизайн, прекрасное наполнение, долго держит зарядку, отличный звук и цвет картинки, камера и довольно большая память.
Недостатки: Лично у меня разбился экран после первого, довольно лёгкого падения.
Около полгода назад приобрела телефон Huawei Honor 7A, по советам своих друзей, так как очень многие себе такие покупают. Стоит он в пределах 7-8 тысяч рублей, имеет стильные дизайны.(синий, черный, золотой). Вместе с телефоном в коробке идёт инструкция к применению, зарядное устройство, эджектор (Маленькое приспособление, призванное облегчить процесс установки, выемки или замены сим-карт). Перейдём к внутренним наполняющим. Батарею держит очень долго (ёмкость 3020 мАч). Для своей стоимости имеет хорошую основную камеру на 13 Мп, а также 8-мегапиксельную фронтальную камеру со вспышкой. Оснащён оперативной памятью в 16 ГБ + встроенная флеш-память с возможностью расширения карточками формата microSD. Внизу телефона расположен 1 динамик, 1 микрофон, разъём для зарядки, сверху стандартный разъём для наушников. Хороший процессор, программы не зависаю, работает быстро и качественно. Из минусов, лично у меня разбилась часть экрана от первого, относительно не сильного удара.",otzovik.com,otzovik.com,5.0,2020-07-02,https://otzovik.com/review_10288169.html,positive
"Достоинства: Низка цена, хорошая камера, хорошо держит зарядку аккумулятора, быстрый в работе.
Недостатки: Не заметил.
Всем привет. Хочу поделиться с вами отзывом о моем первом смартфоне ""Honor 7A"". До этого у меня вообще не было подобных гаджетов, были только старые кнопочные телефончики, хоть я и молод, просто не хватало денег. Но совсем недавно, около полугода назад, когда я заработал побольше денег, я посетил магазин бытовой техники и выбирал там себе телефон. Я хотел купить такой смартфон, чтобы он был не слишком дорогой, надежный и с приличной камерой. Наткнулся как раз таки на этот самый Honor 7A. Купил его. Теперь непосредственно к самим достоинствам и недостаткам данного смартфона. Из достоинств можно выделить:дешевизну устройства, красивый цвет (у меня золотистый), хорошо держит заряд, более-менее приличная камера, фронтальная 5 МП, а задняя 13 МП. Также быстрота работы тоже радует, включается и выключается быстро, микрофон не жужжит и не трещит. Недостатков я пока вообще не заметил, спустя полгода, работа телефона не изменилась. В общем, мне понравилось.",otzovik.com,otzovik.com,5.0,2020-06-02,https://otzovik.com/review_10139219.html,positive
"Достоинства: Цена, качество съёмки, возможность вставлять две симку и карту памяти, бастрый заряд
Недостатки: Плохое качество видео, иногда виснет, быстрый разряд
Приобретал телефон в 2019 году, так что я могу кое-что рассказать о нем. Покупка была достаточно недорогой, в районе семи тысяч рублей. Понравился этот дейвайс тем, что он был в разных цветах, с удобным интерфейсом, неплохой камерой, большим экраном и тем, что в него можно вставлять две симки и дополнительную карту памяти. Но есть и обратная сторона медали. Во-первых, памяти действительно маловато. Во-вторых, при просмотре видеороликов он поддерживает качество до 480х, а с другими он начинает подлагивать. В-третьих, он довольно быстро разряжается, если ты даже с кем-то просто переписываешься. Заряда включённого телефона хватает на полные четыре часа. Благо, что он заряжается тоже быстро. Буквально час-полтора и уже 100%. В итоге скажу, что телефон хороший за свою цену. Да, он может и не сильно мощный, не тянет какие-то игры, но он пригоден для работы - а это главное. Стекло за целый год не треснуло, хоть я и ронял его раз пять точно, да и без защитного стекла, а только с чехлом силиконовым. Так что вот. Если вам нужен бюджетный телефон, то это один из лучших вариантов по мне.",otzovik.com,otzovik.com,3.0,2020-01-26,https://otzovik.com/review_10095956.html,neutral
"Достоинства: Описаны выше
Недостатки: Описаны выше
И так, хочу поделиться своим мнением о данном телефоне. В нем есть как плюсы, так и минусы, рассмотрим все по порядку. Начнём с плюсов: 1. Цвет телефона. Мне посчастливилось приобрести его в золотом цвете, чему очень довольна) можно даже носить устройство без чехла, будет выглядеть эффектно) 2. Камера. По началу, камера была просто превосходная, мне очень нравились фотографии, но потом спустя год использования (лично у меня так, потому что я не носила чехол) она стала фотографировать размыто, хотя раньше с этим проблем не было. Так что не роняйте телефон и все будет хорошо) 3. Звук. Динамик очень даже неплохой за такую маленькую сумму. 4. Батарея. Я мало пользовалась телефоном и мне хватало зарядки на сутки, что я считаю плюсом. А теперь перейдём к минуса: 1. Сим карта. К сожалению, данный телефон не считает нужным держать все в карте памяти, так что можете даже не пытаться перенести какие либо приложения. 2. Память. Всего она составляет 16ГБ. У меня загружено всего 5 своих приложений, которые весят не очень много и около 50 фотографий, телефон считает что это очень много и не хочет работать, зависает. 3. Долго приходит в себя после перезагрузки. Я считаю что это маленький минус, но все же... После перезагрузки/выключения телефона он начинает очень сильно тормозить и зависать. Это продолжается около 5 минут (у меня столько). Для кого то немало важно, но для меня не приятно. В целом очень хороший телефон для своей цены!!! Правда. Но будьте готовы как к плюсам, так и к минусам. Сама больше сказать не могу, так как при покупке телефон был бракованный, так что не знаю что у других по этому поводу. Ставлю 3 звёздочки.",otzovik.com,otzovik.com,3.0,2020-01-23,https://otzovik.com/review_10076442.html,neutral
"Достоинства: Дешевизна Красивый дизайн удобный интерфейс Чёткая камера Высокая прочность Соответствие цены и качества. Долгий срок службы
Недостатки: Слабый процессор Мало встроенной в телефон памяти Зависает периодически Тяжелые игры и приложения не выносит Камера плохо фокусируется
Сначала, как и любой телефон, работает быстро, всё отлично, но уже спустя месяц начинать тормозить, даже базовые приложения ""Сообщения"" или ""Телефон"" тормозят, запускаешь приложения, появляется белый экран на несколько минут. Памяти, встроенной в телефоне-16 гигабайт, но почему-то 12 из них уже заняты системой. В такие игры как ""Clash of Clans"", ""GardenSkipes"" и в подобные играть бесполезно, грузится очень долго, периодически зависает и вылетает. Камера чёткая, но иногда плохо фокусируется. Браузеры долго грузятся, бывает зависают, вылетают... Дизайн телефона мне понравился, тут претензий нет. Над дизайном поработали отлично. Телефон достаточно вынослив, роняла тысячу раз, брала с собой в ванну, намочила водой пару раз(в результате от воды динамик стал очень хрипло работать, с шипением). Что касается стоимости, брала три года назад примерно за 6 тысяч. Для такой цены считаю качество очень даже нормальным.",otzovik.com,otzovik.com,4.0,2020-04-28,https://otzovik.com/review_9918963.html,positive
"Достоинства: Цена, оформление, долго держит зарядку
Недостатки: Зарядное устройство через год сломалось
Телефон удобный в работе, покупали для подростка 16 лет. Батарею держит долго, если активно использовать то часа на 5-6 точно хватит, память маловато, но можно вставить sd-карту), но огромный плюс это цена, когда нет возможности купить дорогой телефон, а использовать простые приложения надо. За такую цену вообще идеальный телефон, камера передняя хорошая (для селфи все чётко и качественно), но единственное что не нравится что зарядка сломалась спустя год, но можно заказать в интернет-магазине, да и цена не больше 1000, понравилось, что телефон есть в разных цветах, сейчас Пользуемся телефоном 2 год-работает идеально, не виснет, все приложения тянет. Спасибо за прочтение моего отзыва",otzovik.com,otzovik.com,4.0,2020-04-14,https://otzovik.com/review_9822756.html,positive
"Достоинства: Яркий экран, объем батареи, память
Недостатки: Тормозит, зависает
Начнём с его цены, его стоимость на момент покупки была 7990, что является довольно низкой ценой, что делает смартфон бюджетным. Памяти хватает только на необходимое, фото, игры, музыка, приложения и тд. Камера в телефоне одна, имеется вспышка на фронтальной камере, но они очень плохие, и при тёмном освещение качество фотографий размытое. Корпус не металлический. Заряда хватает на пару часов при частом использовании. Большинство игр лагают, иногда даже лагают видео на YouTube. За такую цену большего ожидать и не стоит, бывало такое что даже тормозила клавиатура на телефоне. Яркость на экране более менее хорошая. Но самое ужасное это качество звука, он очень тихий и как будто в стакане.",otzovik.com,otzovik.com,3.0,2020-04-02,https://otzovik.com/review_9745742.html,neutral
"Достоинства: Цена
Недостатки: Глючит, камера по началу снимает норм, через пол года очень сильно мутнит, не поняла почему
Покупала за 5 тыс. В июне 2019 как временный телефон. Пожалела, однако, свои функции несёт худо бедно. После активации, в первый же день начал глбчить, через неделю показало, что нет памяти, хотя установлено 3-4 приложения и фоток до 100. Пришлось траться на карту памяти... При сильной загруженности батареи хватает часа на 4, может 5. Советую брать его детям, которые не используют весь функционал, или как второй телефон (рабочий например) Как основной, думаю, что лучше немного доплатить и взять модель подороже",otzovik.com,otzovik.com,3.0,2020-03-27,https://otzovik.com/review_9705727.html,neutral
"Достоинства: Дешевый, удобный, быстрый
Недостатки: Если упадет то экран будет разбит(думаю на всех современных телефонах так), ремонт дисплейного модуля обходится дорого
Покупал я Honor 7A за 6999р, телефон не дорогой, функций много, удобный, в руках держится хорошо, то есть не слишком большой как ""лопата"", но обращаться надо осторожно, тонкий, быстрый уже 2 года с ним и не глючит, памяти предостаточно для тех кто не любит засорять телефон мусором, дизайн хороший, обновления выходят часто. Хороший подарок как для ребенка так и для матери, в нем долго разбираться не надо, батареи хватает на долго, камера фотографирует хорошо (13МП). Весит 142г, очень легкий, толщина не превышает 0.8 мм., 4 ядра, оперативки 2Гб, может содержать много вкладок без глюков, батарея на 3020мАч и не съемный Думаю вам понравится телефон по такой дешевой цене",otzovik.com,otzovik.com,5.0,2020-03-19,https://otzovik.com/review_9659251.html,positive
"Достоинства: Цена. Все основные функции есть. 2 симкарты.
Недостатки: Не такой мощный процессор.
Купил телефоне Honor7A как второй, для работы, чтобы звонки принимать.))) Инет с популярными приложениями есть и камера, чтобы фоткать тоже. Так сказать для посредственных целей самое то. Смартфон без понтов. Слот для 2-ух симкарт, и карты памяти есть. Работает нормально, хоть и немного тормозит, это и понятно, что летать не будет, процессор не такой мощный, но считаю цена -качество норм. Так купил за 5990 руб. Я считаю, что свои функции выполняет, потраченные деньги отрабатывает. Заказывал в инет магазине. Забрал в пункте выдачи на след день.",otzovik.com,otzovik.com,4.0,2020-03-19,https://otzovik.com/review_9658577.html,positive
"Достоинства: Хорошо держит заряд, если только пользоваться лишь мессенджерами
Недостатки: Как видите, очень много
Данный смартфон подходит только для тех кто пользуется мессенджерами и звонками, и то звонки у меня бывает глючат, вызов не совершается(может и проблемы с сим-картой, но я так не думаю). Играть на данном телефоне очень трудно. Игра brawl stars виснет, SAMP вылетает и так далее. Очень много уходит памяти на обновления ПО и программной оболочки, у меня на данный момент из 16гб внутренней памяти осталось 10 свободной, а это очень мало. Не советую покупать ребёнку, потеряет или уронить через неделю.",otzovik.com,otzovik.com,2.0,2020-01-22,https://otzovik.com/review_9356451.html,negative
"Достоинства: Качество Надёжность Звук Лёгкий Удобный
Недостатки: Объем батареи Фронтальная камера
Не пожалел, что купил данный смартфон. Только покупке выбирайте телефон с побольше объёмом памяти. По внешнему ввиду не скользит, корпус прочный, не царапается, удобно держать в руках, кнопки не мешают, когда играешь. Звук отличный для своей цены. Объем зарядки не такой уж и большой, поэтому если играть в игры, то можно хватить на 4-5 часов, а так если только переписываться, то 7-9 часов. Экран очень чувствительный, быстро реагирует на нажатия. Смартфон не лагает и не зависает. Конечно, он не такой мощный, чтоб поддерживал большие игры и приложения. Камера очень хорошо фотографирует, но фронтальная камера не так отчётливо. Советую к покупке.",otzovik.com,otzovik.com,5.0,2020-01-07,https://otzovik.com/review_9272554.html,positive
"Достоинства: Камера отличная, батарея держит долго.
Недостатки: Нет защитного стекла
Купила телефон в том году примерно в октябре, осталась очень довольна. Качество на высоте, а цена меня вообще порадовала, так так купила по трындыму с большой скидкой. Камера у телефона отличная, матрица супер. Я очень довольна покупкой, рекомендую. Цена и качество товара вас порадуют.",otzovik.com,otzovik.com,5.0,2020-01-03,https://otzovik.com/review_9254725.html,positive
"Достоинства: Аккумулятор, две сим карты
Недостатки: За такие деньги о минусах говорить не стоит
Покупал данный смартфон для работы пользовался в спокойном режиме около месяца после чего телефон начал тормозить как обычно это происходит с андроидом. Качество камеры оставляет желать лучшего хотя за эти деньги хорошо что она вообще есть. Из плюсов это громкий разговорный динамик и поддержка двух сим карт в остальном обычный тормозящий андроид без каких либо отличительных характеристик. Заряд батареи держится не плохо, хватает примерно часов на 30 активного использования. Только нужно набраться терпения что бы столько пользоваться. Дизайн самый обычны я бы назвал просто рабочий телефон не более того. Для детей не подойдёт поиграть не получится.",otzovik.com,otzovik.com,3.0,2020-01-01,https://otzovik.com/review_9246642.html,neutral
"Достоинства: Цена, камера, память.
Недостатки: Нет
Я купила этот телефон в январе 2019 года за 8000 рублей. Сейчас ему почти год, работает как новый. Очень удобная система. В настройках можно сделать всё как нужно именно вам. Телефон хорошо держит зарядку, даже при постоянном использовании может выдержать, как минимум день. Неплохая камера. Фотографии получаются чёткими. Имеются базовые приложения, такие как калькулятор, календарь, фонарик, радио. Есть функция разделения экрана, но я ей не не пользуюсь. Объем памяти 16 Гб. Многие мои знакомые, смотря на меня, купили себе Honor 7A. Всем нравится. Несмотря на то, что телефон несколько раз падал, работает отлично. Рекомендую его к покупке.",otzovik.com,otzovik.com,5.0,2019-12-19,https://otzovik.com/review_9191263.html,positive
"Достоинства: Стильный дизайн. Поддерживает две сим карты. Удобно держать в руке. Хорошая основная камера.
Недостатки: Без чехла на корпусе появляются царапины. В комплекте не идут наушники. Всего один динамик и некачественный звук. Нет бесконтактной оплаты. Слабенький. Тупит и зависает.
Брал за 7,500 тысяч рублей. За свои деньги смартфон некачественный, конечно в плане дизайна он достаточно красивый, удобный, в общем дизайн отличный. Теперь подробнее почему смартфон Huawei Honor 7A некачественный по моему мнению: 1) Телефон очень сильно тормозит, даже банальные сайты листает с большими задержками. 2) Если сильно нагрузить греется и разряжается быстрее. 3) На сильном морозе, по личному опыту, если даже проверять сообщения может разряжается практически моментально с 60% заряда до 30% 5) Теперь по играм и производительности: она просто ужасная, в самых простых и лёгких играх смартфон тормозит, всё время не хватает оперативной памяти. 6) На смартфоне всего 1 динамик, это немного неудобно, да и звук не очень качественный. 7) Если не надевать чехол, то корпус сзади будет сильно царапаться. В общем смартфон не рекомендую, лучше переплатить на 1,500-2,000 тысяч рублей больше и купить Huawei Honor 7A Pro и не мучатся с производительностью.",otzovik.com,otzovik.com,2.0,2019-11-29,https://otzovik.com/review_9092436.html,negative
"Достоинства: Качественная и недорогая модель Высокая производительность
Недостатки: Слабая камера и динамик
Уже полтора года как хожу. Всё будет работать на высшем уровне, если его нарочно не швырять и аккуратно использовать. Брал за 8 с лишним в своё время, сразу заказал в интернете чехол и пару защитных стекол, не прогадал)) Порт под зарядное устройство качественный. Да и сама зарядка порадовала, прошла испытание временем так сказать. Сам телефон начал недавно тормозить, снёс настройки и вуаля, всё снова как и раньше. Есть конечно негативные моменты, но их немного. Камера на 16 мп очень слабо снимает в помещениях, притом что на улице, при дневном свете все отлично. Ну и динамик не особо громкий, хотелось бы помощнее... В остальном всё устраивает.",otzovik.com,otzovik.com,4.0,2019-11-25,https://otzovik.com/review_9066435.html,positive
"Достоинства: Дизаин
Недостатки: Нет
Здравствуйте друзья вот решил немного написать про этот телефон. С первых слов своих хочу сказать что да действительно цена этого стоит. И он вовсем привосходный что взять память что взять систему. Главное что держит батарею хорошо и многие приложения. Очень большая внутренния память. Дизаин просто хороший лишнего считаю что нет в нем. Процессор сам мощный плюс RAM 2 G и ROM 16 G этим все сказанно что телефон не пустышка а действительно хорошая вещь. Хороший экран все цвета яркие и насыщенные. В любом салоне большой выбор аксесуаров к этому телефону от чехлов до зарядак и наушников. Фото тоже делает отличное по качеству. Так что отличная вещь на все сто процентов!",otzovik.com,otzovik.com,5.0,2019-11-06,https://otzovik.com/review_8978299.html,positive
"Достоинства: Функция раздвоения экрана, Хороший смартфон даже сегодня.
Недостатки: Не тянет современные игрушки.
Хороший телефон. Функция раздвоения экрана. Лично мне очень зашла функция раздвоение экрана, можно сидеть смотреть видоискатели и поигрывать в игру. Батарея. Довольно долго держит батарею, насколько я знаю 3000 mah. При максимальной яркости часов 7-8 активного использования потянет, при минимальной можно примерно 14 часов сидеть в ютубчике. С трудом тянет современные игрушки. Современные игрушки типо PUBG не тянет, хотя COD Mobile с трудом но идёт, MK 11 с лагами но играть можно, хотя кому как. Уверен, что для своего времени был неплох. Нагрев. Почти не нагревается, особенно если не играть в игры. В целом неплохо, но лучше подкопить и купить Honor 7A pro, насколько знаю примерно на 1к дороже, но при этом куда лучше.",otzovik.com,otzovik.com,5.0,2019-11-02,https://otzovik.com/review_8960150.html,positive
"Достоинства: Цена, соотношение сторон,
Недостатки: Греется, зависает, мало оперативной памяти, динамики
Моё знакомство с телефон произошло около 3-4 месяца назад (на момент написания отзыва). Нужен был дешёвый телефон, но в тоже время не хотелось купить совсем непонятно что. Тогда выбор пал на китайский бренды. Конечно, когда ты в магазине, мозги сами отключаются, и тебя очень легко ввести в заблуждение. Но сейчас не об этом. И вот, телефон уже у меня на руках. Он находился в красивой синей коробке, со стандартным набором - сам телефон, зарядка, инструкция и ключ, для вытаскивания лотка с симкой При первом запуске и после настройки пользователя ждёт очень не приятная картина - предустановлено очень много рекламного приложения, что собственно идёт не в плюс к самому телефону. Через некоторое время, все мусорные приложения были удалены и телефон более чем готов к использованию. У этого телефона довольно не стандартное соотношение сторон - 18 к 9 (1 к 2) Куда в первый раз лезут все пользователи? Правильно, в Play Market. И тут резонно встаёт вопрос о памяти... Она очень быстро заполняется. Следующий вопрос который у меня возник, почему так сильно лагает, при этом нагреваясь как атомная электростанции, расположенная в ядре солнца. Пользоваться смартфоном практически не возможно. Теперь немного циферок: Версия Андроид - 8.1.0 Процессор - MT6739 RAM - 2GB Внутренняя память - 16GB Разрешение - 1440 х 720 Камера в это телефоне за такую цену меня порадовала: При максимальном увеличении: Да, я немного корректировал эти изображения, но это не меняет того факта, что эти фотографии были сделаны именно на этот телефон. С батареей в этом телефоне всё не очень отлично. Телефон разряжается буквально за пол дня. Конечно же можно немного схитрить и использовать режим максимального энергосбережения. Он позволяет остановить работу всех приложений, кроме выбранных вами. С эти режимом телефон довольно долго. Но это только если вам хватит 6 приложений, что бы пользоваться телефоном, иначе придется переключаться между режимами (если хотите чтобы телефон проработал как можно дольше) Динамик в этом телефоне хуже некуда. Если вам приспичит посмотреть что-то на этом телефоне без наушников, то готовьтесь вслушиваться во все (а ещё он хрипит, короче без наушников брать не стоит). Микрофон... Ну он здесь есть, и по звуку конечно уступает многим телефонам из этого ценового сегмента (хотя мне и не сильно важен микрофон, всё равно мне никто не звонит :( ) Ну вот и всё, в этом отзыве я решил осветит именно те моменты на которые я обратил внимание при использования этого телефона. Да, здесь не всё, что можно было рассказать про телефон, но мне большего от этого телефона и не надо.",otzovik.com,otzovik.com,4.0,2019-10-22,https://otzovik.com/review_8906908.html,positive
"Достоинства: Хорошая камера
Недостатки: Царапается задняя крышка
Вот уже как год ползуюсь смартфоном от марки honor, модели 7A. Работает смартфон без нареканий, сам смартвон за свою цену просто отличный, но так же есть и 1 минус, если насить без чехла, то сильно царапается задняя крышка, но чехол на такой смартфон не такой и дарогой, примерно 600 рублей, камера передняя не лагает, задняя при плохом освещении сильно зависает, игры в целом идут на него хорошо, свободно запускается pabg, на минемальных настройках не зависает, только есть незначительные фризы, если вы самневаетесь при пакупке данного гаджета, то покупайте и не переживайте, только проверяйте, может попатся бракованое устройство",otzovik.com,otzovik.com,5.0,2019-10-12,https://otzovik.com/review_8866732.html,positive
"Достоинства: Много памяти,хорошая камера,приемлемая цена
Недостатки: Небольшие лаги
Муж купил его доче в подарок. Она была без ума от него. Хорошая камера, достаточно памяти. Красивый интерфейс, вообщем она была всем довольна Через три месяца начал лагать, но это не изменила ее отношения к телефону. Вообщем мы советуем его тем, кто не может позволить себе дорогих телефонов8",otzovik.com,otzovik.com,5.0,2019-10-08,https://otzovik.com/review_8848922.html,positive
"Достоинства: Цена,возможности процессора,камера,прост в управлении.
Недостатки: Для его цены супер , так что нет!
Выбор был не велик из-за малого бюджета и выбор пал на 7А. Начало пользование удовлитворило не плохой камерой и достаточно мощным процессором, который тянул достаточно весомые игры! Зарядку держит хорошо и характеристики на уровне брендов по дороже. Не плохой и стильный корпус, размера десплея достаточно для того чтобы просматривать без проблем видео или полноценные фильмы. Так же играть в игры с неплохим разрешением с ними процессор справляется на твёрдую четверку. В социальных сетях проблем с загрузками нет, открывает страницы достаточно быстро. Вобщем телефон хороший по своей цене! Короче говоря пакупкой доволен.",otzovik.com,otzovik.com,5.0,2019-09-04,https://otzovik.com/review_8707363.html,positive
"Достоинства: Мощная батарея, низкая цена, современный дизайн.
Недостатки: Не съёмная батарея, отсутствие наушников в комплекте.
Около полугода назад встал вопрос покупки нового смартфона. Как всегда с бюджетом было не очень. Взять что-то дорогое в кредит или рассрочку? Подумал, что будет очень обидно, если кредитный телефон потеряется. Телефона нет, а платить надо. Короче решил взять Хонор 7А. И самое главное, что не пожалел. Для своей низкой цены этот смартфон оказался просто прекрасным. Хорошая камера, причем и вторая тоже не плохая. Внешний вид вполне современный и симпатичный. Батарея держит долго, не смотря на постоянно включенную передачу данных, используемую блютуз гарнитуру и как минимум три - четыре часа разговоров в день. Телефоном доволен, могу смело рекомендовать его для покупки, как бюджетный вариант.",otzovik.com,otzovik.com,4.0,2019-09-03,https://otzovik.com/review_8704274.html,positive
"Достоинства: Камера,цена, соотношение цена/качество
Недостатки: Лагает
Сам по себе телефон более менее, только смотря для кого. Если для ребенка то мне кажется это не очень хорошее решение. 16 гб для игр не хватает, еще конечно он очень сильно лагает в играх, не тянет всё на высоких настройках, но это не так важно, важно то что он лагает не только в играх, но везде, в том же ютубе, соц. сетях, даже в настройках! Камера вполне себе не плохая, можно порадовать глаз. Что касается в плане использования для взрослого человека, то мне кажется по цене и качеству он более чем соответствует. 16 гб для взрослого человека вполне достаточно, но всё же иногда лагает. Что в плане батареи так она вполне даже не плохая, 1 день спокойно выдержит если его не трогать, если им пользоваться то будет часов 12-13, если играть то где то5-6часов",otzovik.com,otzovik.com,4.0,2019-08-09,https://otzovik.com/review_8593129.html,positive
"Достоинства: Хорошая камера. Много функций.
Недостатки: Не сразу поймёшь как сбрасывать файлы на ПК
Пару месяцев назад, купил телефон Huawei Honor 7A. Понравился по характеристикам и по виду. Камера не плохая, фото получаются чёткие, не размытые. Снимал выпускной у дочки в детском саду. Получилось довольно качественное видео и фото. По функциям тоже не плох. Много всего. Единственно, что вызвало затруднения поначалу, когда почти полностью была занята внутренняя память и карта памяти, решил все данные скинуть на ноутбук. Но через обычный кабель, не получилось подключиться к телефону и сбросить файлы. Ноутбук начал тупить. Поискал в Гугл информацию по этому вопросу и узнал, что для этих телефонов нужно устанавливать на ноутбук программу, затем через неё скидывать файлы. Сделал всё как было написано на сайте и всё получилось. Пока больше никаких затруднений телефон не вызывал. Проблем с ним нет.",otzovik.com,otzovik.com,5.0,2019-08-03,https://otzovik.com/review_8562735.html,positive
"Достоинства: Хорошая зарядка. Прекрасная память.
Недостатки: Как и любой смартфон, хрупковат
До некоторых пор я с некоторым предубеждением относился к смартфонам, в особенности, к китайским. Я считал, что телефон необходим только лишь для того, чтобы звонить. Однако, Honor 7A изменил моё мнение. Более быстрого смартфона я ещё не видел. Работает моментально. Зарядка может не садиться целый день при яркости окола шестидесяти процентов, при этом, если на телефоне все это время просматривать различные сайты или играть/работать в приложении. Кстати, о приложениях. У этого смартфона я не встречал ещё ни одно зависнувшее приложение, кроме того, он имеет довольно большую память, что позволяет не тратиться на вставную карту памяти.",otzovik.com,otzovik.com,5.0,2019-07-08,https://otzovik.com/review_8441564.html,positive
"Достоинства: Адекватная цена, камера, дизайн
Недостатки: Не хватает памяти
Держит заряд батареи примерно 8 часов на максимальной яркости, при постоянном использовании. Если поставить яркость на минимум то работает целый день без подзарядки при среднем использовании, экран довольно яркий, видно на ярком солнце. Хорошая камера. И довольно мощный процессор если вы хотите поиграть в игры то на средних настройках идут почти все игры 2018-2019 года. Совсем забыл рассказать о том, что можно делать красивые фотографии на переднюю камеру даже в ночное время суток, так как смартфон оснощён вспышкой на передней камере. По комплектации впринципе всё как и у других смартфонов. Единственное наверное чего не хватает так это нфс",otzovik.com,otzovik.com,5.0,2019-06-25,https://otzovik.com/review_8381773.html,positive
"Достоинства: тонкий,легкий,камера,
Недостатки: не обнаружила
Под новый год захотелось обновку, решила купить телефончик, прибежала в магазин под самое закрытие когда консультант собирался уже домой, долго выбирать времени уже не было, поэтому пришлось положиться на рекомендацию специалиста, в общем посоветовали мне данный телефон, на тот момент он стоил 7,500р, цена приемлема подумала я, и решила его приобрести, тем более что все мои знакомые уже давно перешли на данную марку телефона. Придя домой сначала я разочаровалась в телефоне по скольку после того, как я установила несколько приложений он затупил и выключился(, на самом деле в нем просто села батарея, пользовалась я данным гаджетом 5месяцев, недостатков не обнаружила в общем то совсем, сложилось так что к сожалению мне пришлось продать мой телефон(((. В случае покупки думаю буду брать данную фирму даже не задумываясь.",otzovik.com,otzovik.com,5.0,2019-06-23,https://otzovik.com/review_8370661.html,positive
"Достоинства: Цена, производительность, камера, удобство
Недостатки: не обнаружил
Сестра покупала данный телефон пол года назад. Первое впечатление прямо в магазине положительное! Да и сам бренд Honor, довольно хорошо себя зарекомендовал на рынке смартфонов. Вообщем о плюсах: Очень удобно сидит в руке. Довольно привлекательный дизайн. Очень удобна функция распознавания лиц. Встроенной памяти хватает на все необходимые приложения, я бы даже сказал что её ВАГОН! Батарея при частом использовании держит не так долго, но вполне хватает. Камера в 14МП просто отличная! Очень хорошая производительность в приложения и играх. У дисплея очень хорошая цветопередача. Очень отзывчивый тачскрин, срабатывает идеально точно и мгновенно. Минусов сестра пока в нём не обнаружила. Ей очень нравится и менять его, как я понял, она пока не собирается! И по цене и по качеству исполения все на высшем уровне! Вообщем всем рекомендую прикупить данный аппарат",otzovik.com,otzovik.com,5.0,2019-06-06,https://otzovik.com/review_8295775.html,positive
"Достоинства: Цена, размер экрана, работа навигации
Недостатки: За эти деньги нет
Купил данный аппарат 5 месяцев назад и мои ожидания он пока что оправдывает. Что в нем привлекло: - классический стильный дизайн, без излишеств и помпезности. Достаточно тонкий и легкий, удобно лежит в руке; - экран 5,45 дюйма на мой взгляд оптимален, достаточно удобно манипулировать приложениями и наиболее удобно для руки по размеру. Экран меньше - хуже работать с приложениями, больше - уже ""лопата"", в руку не помещается (образно))) - современный андроид, на некоторых других еще 6 и 7 ставят, уже пора уходить от этого; - основные системы навигации присутствуют, поэтому программы навигации четко и быстро определяют и держат местоположение. На предыдущем китайском бюджетном смартфоне курсор навигатора ""скакал"" по карте самостоятельно до 100 метров; - камера очень приличная, снимки получаются приятные для глаза и четкие; - 4G само собой разумеющееся, хотя еще встречаются достаточно часто в продаже экземпляры только с 3G, кто их только покупает? - аккумулятор стандартный, держит дня полтора, хотелось бы побольше, но за эти деньги хорошо. Вывод: рекомендую тем, кто ищет недорогую и практичную модель ""без понтов"", при этом стильную и достаточно производительную.",otzovik.com,otzovik.com,5.0,2019-06-05,https://otzovik.com/review_8290462.html,positive
"Достоинства: Камера Экран Компактный размер Дизайн неплох
Недостатки: Производительность Батарея Скользкий в руке
Купил данный аппарат за 6500 в июне 2019. Типичный бюджетник, в котором бюджетно практически всё. 1)Батарея, хоть и 3020 mah, разряжается быстро, на день смартфона не хватает. 2)Медиа тек. Из за использования такого процессора - производительность устройства хромает. Плавной работы нет. Приложения виснут. Игры я даже пробовать боюсь. Надо быть очень терпеливым, чтобы не бросить его в сердцах об стену. 3) Экран вроде нормальный. Особых претензий нет, картинка яркая. 4)Камера - относительно неплоха, тем более для такого бюджетника. В целом, минусы сильнее плюсов. Помните, скупой платит дважды, что и произошло со мной.",otzovik.com,otzovik.com,2.0,2019-06-02,https://otzovik.com/review_8277531.html,negative
"Достоинства: Неплохо справляется с простейшими задачами. Подходит для Простого пользования на каждый день. Цена также привлекает наш глаз
Недостатки: Мало памяти(выход есть),постоянное обновление, камера
Приветствую Вас. Сегодня я бы хотела поговорить о таком смартфоне, как Huawei Honor 7A. Внешний вид Давайте начнем в первую очередь с внешнего вида. У меня данный смартфон находится в темно-синем цвете. С первого взгляда телефон выглядит привлекательно. В принципе, в моем случае, он и не потерял эту привлекательность и по сей день. Что касается корпуса данного смартфона, он не сильно отличается от среднестатистического смартфона данной ценовой категории. В руке сидит удобно, кнопка блокировки имеет удобное расположение, что можно сказать и про кнопки регулировки громкости. Внутренние характеристики Описывать сколько у него оперативной памяти, или на какой он операционной системе я думаю смысла нет, это вам могут рассказать и в салоне, а вот то, какой он в работе на самом деле, расскажу Вам я. Итак, как уже опытный пользователь данного смартфона, могу сказать вам сразу: смартфон быстрый только пока в нем нет пару приложений и около 500-1000 фото. Дальше он начинает немного глючить, что, в принципе, не сильно выводило меня из себя. Начинал глючить, когда даешь ему многовато команд. Но что мы хотели за данную цену.? Кстати, на 07.05.2019 цена на данный смартфон в среднем колебалась от 200 до 260 белорусских рублей. По работе с примитивными приложениями у данного смартфона вопросов нет. С Вконтакте, Инстаграмом, Твиттером и Телеграмом он справляется на ура. Что касается задней камеры, то она немного выступает за корпус, поэтому, если Вы будете класть его задней частью на поверхность, со временем ваша камера будет царапаться и, соответственно, терять свое качество. Говорю это по своему опыту, так как именно такая ситуация произошла и у меня. Если мы поговорим о передней камере, то она оставляет желать лучшего, особенно в ночное время суток. При хорошем освещении она довольно таки и неплохая. Но иногда она подводит и при хорошем освещении. Поэтому, если вы хотите бюджетный смартфон с более менее хорошей камерой, то данный смартфон я бы не советовала. Еще одна проблема, которая просто не соизмерима ни с камерой, ни с царапинами-ЭТО ПАМЯТЬ. На данный момент у меня в телефоне около 3000 фото(и нет, это не много) и 8 приложений. И все мои 16 ГБ использованы. Поэтому сразу же покупайте флешку. Я в свое время не подумала об этом, и по сегодняшний день я встречаюсь(на минуточку по раз 40 на день) с проблемой о том, что у меня ничего не грузит, висит на пол экрана сообщение о том, что недостаточно памяти. Еще одним минусом я бы хотела назвать очень частое обновление этого телефона. Но это уже зависит от Вас. Некоторым это нравится, а как по мне, то это пуская трата времени и как бы это странно не звучало, «Сил» телефона. За почти год пользования этим телефоном я обновила его только один раз. И, честно сказать, разницы не заметила. Поэтому проблема это для Вас или нет, это вы решите для себя. Вывод: В окончание своего рассказа хотела бы сказать: за данную цену можно найти телефончик и чуть лучше. Но если вам не нужно 200 Гб памяти, сверхъестественных приложений и задач для данного телефона, то он заслуживает вашего внимания.",otzovik.com,otzovik.com,3.0,2019-01-07,https://otzovik.com/review_8159364.html,neutral
"Достоинства: Я бы сказал плюсов много.Ничего не виснет как на старом телефоне.Все нормально.Спасибо.
Недостатки: Я бы сказал минус только один.Музыка в динамике играет не так громко.А так все нормально.
Динамик хороший. Игры идут все. ПО хорошее. Система сбоя не дает. Хорошее WPS. Батарея держит нормально. Когда покупал очень понравился. Спасибо за то что внесли в мир этот прекрасный телефон.",otzovik.com,otzovik.com,5.0,2019-04-29,https://otzovik.com/review_8121502.html,positive
"Достоинства: Хороший звук, камера, функционал радует. Дизайн тоже весьма хорош, цена
Недостатки: Не совсем всегда работает без тормозов, периодически надо обновлять, иначе будет лагать
Брал телефон полгода назад. Никаких жалоб, динамик очень громкий, качественный. Камера хорошая, в руках лежит удобно, пользуюсь около 10 месяцев, за этот срок никаких особых отклонений не видел, все устраивает, советую!",otzovik.com,otzovik.com,4.0,2019-04-25,https://otzovik.com/review_8106327.html,positive
"Достоинства: Цена, качество
Недостатки: нет
Камера 5мп и основная 13 мп. оперативка 2 гига, внутренняя память 16 гигов, батарейка 3020 Ач. Купил за 7500 рублей и не сколько не жалею. Качество телефона очень хорошее у же с 2018 год нареканий нет. Самсунги с такими же характеристиками на 40 процентов дороже и камеры на много хуже с такими же характеристиками. Данный телефон приобрел в 2018 году показал себя с надежной стороны неоднократно ранял в чехле правда, не сколов ни трещин, в работе программного обеспечения не наблюдается. Знакомый по моему совету приобрел такой же телефон в магазине ДНС, но с защитным стеклом вот странность стекло защитное треснуло, хотя не было ударов и тому подобное. Вопрос зачем нужны защитные стекла?",otzovik.com,otzovik.com,5.0,2019-04-17,https://otzovik.com/review_8070157.html,positive
"Достоинства: Безрамочный экран. Камера 13 мп, фазовый автофокус, LED вспышка. Двойная сим-карта слот для SD карты.
Недостатки: Китайское производство. Быстро нагревается. Оперативки всего 2 Гб.
Раньше ходила со стареньким, убитым за 4 года, Samsung GT S52. Но ввиду его ""глюков"" решили купить новый. На тот момент у моей одногруппницы был Honor 9 Lite и чем то мне он приглянулся. Бюджет был небольшой, но все равно пошли в DNS. После долгих осмотров витрин, я все таки выбрала Honor 7a. Купили мы его за 5990 руб. Как раз акция проходила. В наличие к нему правда не было чехла и стекла, но решили заказать. Когда пришло стекло либо я криворукая либо качество не очень, но стекло после 2 недель использования, было выброшено. Касаемо характеристик подбирали по приемлимой цене и чтобы заряд батареи долго держал. В комплекте: сам телефон, USB-кабель, руководство пользователя, гарантийный талон, скрепка для извлечения sim-лотка, зарядное устройство. После 6 мес. использования стал глючить.",otzovik.com,otzovik.com,4.0,2019-04-15,https://otzovik.com/review_8057353.html,positive
"Достоинства: Цена, качество
Недостатки: Объем встроенной памяти
В данной ценовой категории весьма неплохой смартфон. Хорошо справляется с поставленными задачами. Хорошее качество сборки. Отлично лежит в руке. Ничего лишнего. Наличие вариантов построить интерфейс под себя. Объем встроенной памяти крайне мал. Для установки различных приложений в большом объёме этот телефон не подойдёт точно. Всего 16 гигов памяти, из которых 5 занимают файлы системы. Телефон имеет слот под SD карту (и две сим карты формата нано сим), но к сожалению внутренний неакопитель с подключаемых не объединается. На SD можно сохранит только файлы камеры и мультимедиа. Это очень печальный факт. Для данной категории телефона, имеет неплохую камеру, звук. Как ни пробовал, ни рутируется.",otzovik.com,otzovik.com,4.0,2019-04-04,https://otzovik.com/review_7999020.html,positive
"Достоинства: Стабильная скорость интернета Хорошая скорость процессора
Недостатки: Не хватает скорости на игры
Купил себе полгода назад данный девайс. Что хочу сказать, меня полностью устраивает данный смартфон, он обеспечивает удобство работы в интернете, как в браузерах, так и в социальных сетях. Ёмкости батареи конечно, маловато, 3000мА, я бы лично поставил батарею на 4000мА. В играх, иногда, наблюдаются подтормаживания, но это я не считаю прям серьёзным минусом, в контакте или инстаграме, сидится очень даже хорошо. Насчёт камеры, она здесь не сказать, что суперская, в темноте не может снимать, для таких денег, могли бы и получше камеру засунуть. Подведём итог. Для работы в интернете, идеальный вариант, за такие деньги. Для игр, нужно что нибудь помощнее.",otzovik.com,otzovik.com,4.0,2019-03-25,https://otzovik.com/review_7944186.html,positive
"Достоинства: Качество,стоимость
Недостатки: пока нет
Всем доброго дня, недавно стал обладателем данной модели телефона(Honor7 А) и хочу сказать что пока очень доволен им. Очень часто использую программу навигатор и меня все устраивает телефон не тупит изображение на экране четкое понятное. Динамик тоже работает исправно, четко. Камера стоит неплохая, недавно был на футбольном матче и снимал пенальти, качество видео меня удивило, было все хорошо видно как мяч после удара попал в ворота хотя я находился не совсем близко от них(сидел на стадионе на 16 ряду)Так что одним словом за такую стоимость можно приобрести эту модель. Буду рад если мой отзыв поможет Вам в выборе телефона.",otzovik.com,otzovik.com,5.0,2019-03-24,https://otzovik.com/review_7935765.html,positive
"Достоинства: большой экран, шустрый
Недостатки: нет
Купил Телефон Honor 7а своей дочке. Она очень обрадовалась. В интернете сиди без проблем, то есть без перебойно работает интернет что через вай фай, что через мобильные данные. Корпус стальной экран большой очень удобный. Шустрый сенсор помогает быстро выбирать необходимую функцию в приложениях. Не тормозит. Перед тем как пользоваться интернетом, необходимо установить антивирусную программу чтобы вирусы не залетали в устройство и не тормозили работу устройства. Работает устройство уже год и ни каких пререканий дочери о работе телефона я не слышал. Конечно она его раняла несколько раз, но корпус мощный стальной.",otzovik.com,otzovik.com,5.0,2019-03-06,https://otzovik.com/review_7839659.html,positive
"Достоинства: Цена и качество соответствуют. Преимущество у Качества
Недостатки: Не обнаружено!
Доброго времени суток! этот отзыв о смртфоне Honor 7 A. До покупки этого телефоне пользовалась LG Leon. Выбирала из недорогих, бюджетных. Исходя от суммы которая была в наличии, консультант салона предложила из серии HONOR, рассказала о нем. После того как подержала в руке предложенный телефон решила приобрести. Экран в пользовании яркий, четкий. Памяти достаточно, со вставленной SD-картой в 16 Гб (переставила со старого телефона). Связь хорошая. Интернет 4G ловит даже в деревне, в 100 км от города (со старым это было очень проблематично, даже E толком не было). Фотографии тоже получаются яркие и четкие. Батареи хватает на целый день при интенсивном использовании ресурсов интернет и прослушивании музыки. На данный момент пользуюсь им 2 месяца. Нареканий нет. Покупкой довольна. Телефон хороший за свои деньги, даже более чем!!! P.S Спустя несколько дней муж рассмотрев и изучив мой новый телефон, тоже решил приобрести такой же, только в другом цвете. А еще через недельку свекровь взяла себе такой же! Теперь у троих в семье одинаковые телефоны.",otzovik.com,otzovik.com,5.0,2019-03-04,https://otzovik.com/review_7826581.html,positive
"Достоинства: дисплей, цена, качество, функционал, фронтальная камера, батарея, громкость.
Недостатки: основная камера, процессор.
Отзыв о телефоне honor 7a. Данный телефон был у меня в ремонте, выломали гнездо зарядки. За это время успел понять, что он из себя представляет. Экран достаточно яркий, цветопередача на высшем уровне. Громкость аппарата и вибрация, на твердую четвертку. Сигнал сотовой сети ловит достаточно хорошо. Батареи хватает с утра до вечера, если только использовать его только для звонков и в мессенджеры зайти. Процессор стоит не самый лучший, но в некоторые игры поиграть можно. Основная камера даже при дневном снимке делает размытые снимки. Фронталка меня вполне удовлетворила. Ну а так, вполне приемлемая цена, хороший функционал, как для смартфона. Встроенные 16 гб. памяти хватает, лично для меня хватает с головой.",otzovik.com,otzovik.com,4.0,2019-02-24,https://otzovik.com/review_7783607.html,positive
"Достоинства: Отличный
Недостатки: Нет
Муж подарил, пользуюсь больше месяца. Очень нравится памяти хватает. Камера отличная что задняя, что передняя. Версия андроида тоже хорошая, игры и программы все тянет. Батарею держит хорошо и заряжается быстро, громкий динамик. Внешний дизайн симпотичный. У меня золотой цвет. Мне очень нравится. Мобильный интернет работает отлично даже принимает 4g. В целом отличная модель телефона. Цена тоже привлекательная. Наушники на нем тоже отлично играют. Расширение экрана великолепное, особенно когда смотришь фильмы. У игр стандартных тоже есть много плюсов. Единственное что работают через интернет. Если на думаете покупать новый телефон, то советую его попробовать. Мне кажется все должно быть в телефоне, в этом все есть. И размер хорош. Не сильно большой, не сильно маленький как раз то что надо.",otzovik.com,otzovik.com,5.0,2019-02-16,https://otzovik.com/review_7741399.html,positive
"Достоинства: 5.45 дюймовый экран, Android 8.1.1, удобный интерфейс
Недостатки: Качество камеры, отсутствие TouchID или FaceID
Доброго времени суток. Хочу поделиться с вами своими ощущениями от этого смартфона. Начнём по порядку. Экран 5.45 дюймов. Для телефона, это вполне удобный экран. Качество камеры немного подкачало - в основном недостаток фронтальной камеры. Отсутствует функция TouchID и FaceID. Но если обновить прошивку, это уже не будет проблемой - (в новой версии добавили функцию FaceID). Разрешение вполне приемлемо - 1440720. Итак, подводя итог хочу сказать, что за свою сумму телефон вполне соответствует. 4 из 5",otzovik.com,otzovik.com,4.0,2019-01-29,https://otzovik.com/review_7634055.html,positive
"Достоинства: Цена доступная, качество отличное!
Недостатки: Хотелось бы в комплекте видеть защитное стекло, но увы покупал отдельно!
В декабре 2018 года, решил купить смартфон, какой точно не знал, не выбирал! Зашёл в ближайший магазин электронной техники, конечно же на меня накинулся консультант и начали мы подбирать мне телефон. Хотел уложиться в скромную сумму до 10000 тысяч рублей. Наткнулся я на honorы и сразу выбор мой пал на эту модель 7а. Очень удобно лежит в руке, это чуть ли не самое главное для меня, могу одной рукой дотянуться до всех крайних точек экрана! Да и за очень оптимальную цену отличные характеристики для современного смартфона! Купил его, пользуюсь уже полтора месяца, никаких проблем! Остался доволен и рекомендую всем кто хочет приобрести себе новенький смартфон! Цена не пугает, качество не отталкивает! Пользуюсь как и для общего так и по работе, камера супер! Игрушки вывозит все! Чёткий телефон.",otzovik.com,otzovik.com,5.0,2019-01-25,https://otzovik.com/review_7607688.html,positive
"Достоинства: Большой экран, батарея и камера. Есть отдельный слот под sd карту. Красивый и качественный корпус.
Недостатки: Мало память, всего 16ГБ, в игры особо не поиграешь, в играх греется, и из-за этого начинает тормозить.
Неплохой телефон, с большим, четким IPS экраном, Основная камера за эти деньги неплохая, а вот фронтальную могли бы и получше поставить. Батарея Отличная, быстро заряжается, долго разряжается, то-что нужно. Корпус выполнен из пластика, но выглядит очень красиво, как-будто металлический, в руке лежит отлично. Но в игры на нем не поиграть, разве что в какие-нибудь простенькие, ни о каких PUBG и GTA даже речи быть не может. В играх нагревается и начинает лагать, но увы от этого никуда не деться. Порадовал отдельный слот под sd карту, не нужно выбирать (Sim карта или sd карта). Всего один динамик, то есть разговорный динамик является основным, как по мне так это не очень хорошее решение. 16ГБ памяти в 2019 году это крайне мало, а этот телефон только на 16ГБ, так, что это огромный минус. В целом телефон конечно неплохой, но я бы порекомендовал лучше Xiaomi Redmi 6A, примерно те же деньги, но разница колоссальная.",otzovik.com,otzovik.com,3.0,2019-01-21,https://otzovik.com/review_7585290.html,neutral
"Достоинства: Цена и функционал.
Недостатки: Время работы от батареи при полной загрузке всего несколько часов.
Телефон бюджетный. Выполняет функции хорошо, на уровне цены. Немного смутило, что сим-карты обе микро и на такой выдвижной планочке. В дороге, на ходу не поменяешь. Но самоё плохое, это огромное потребление энергии батареи. Заявленная батарея 3200 садится при интенсивном использовании на глазах. Если будете играть, звонить, сидеть в интернете, всего несколько часов. Не дай бог включить блютуз или вайфай! А заряжается три часа! То есть позвонить уже не сможете. Как телефону ценность ему нулевая. Скорей пойдёт как игрушка для детей.",otzovik.com,otzovik.com,3.0,2019-01-18,https://otzovik.com/review_7568345.html,neutral
"Достоинства: Отличный по функционалу за свои деньги
Недостатки: Нет
Приобрела этот смартфончик в июне 2017, по-моему, за 7500 рублей. Имхо, за такие деньги это просто сказка! До него был айфон 5, прослужил мне почти 5 лет, отличный телефон, но этот ему не уступает. Все для меня необходимое в нем есть, сенсор не глючит. Размер экрана не большой и не маленький (больше, чем в айфон 5), для меня оптимальный. Памяти маловато (16 гб), но айфон у меня тоже был на 16, я привыкла, тем более что при необходимости можно вставить карту памяти. Телефон этот на 2 симкарты, это опять же выгодное отличие от айфона. Этот отзыв, кстати, как и все другие, пишу с него. Считаю, что за свои деньги это очень хороший телефон.",otzovik.com,otzovik.com,5.0,2019-01-04,https://otzovik.com/review_7493248.html,positive
"Достоинства: Цена
Недостатки: Мало мощности процессора
Что могу сказать об этом смартфоне. Пользуюсь этим смартфоном около трех месяцев. Смартфон в целом не плох, но уж очень он слабоват по части железа. Qualcomm Snapdragon 430 совершенно не подходит для игр, но во всем остальном он справляется не плохо. Хватает на серфинг сайтов просмотр видеороликов. Что можно сказать о камере, для смартфон за 7 тысяч рублей меня очень удивила. Фото получаются чёткими, особенно меня удивила ночная съемка, фото различимы видно все. Это меня очень порадовало. Звук меня очень сильно огорчил, динамик расположен сверху и он очень тихий и похрипывает когда делаешь громкость на максимум. микрофон очень не плохой при разговоре не слышно никаких посторонних шумов. Батареи хватает на день пользования в активном режиме. Итог: за 7 тысят очень не плохой телефон, как второй телефон подойдёт идеально.",otzovik.com,otzovik.com,5.0,2019-01-03,https://otzovik.com/review_7489919.html,positive
"Достоинства: не дорогой, красивый, камера нормальная, быстрый!
Недостатки: иногда глючит
Добрый вечер. Данный телефон приобрели для рабочих моментов, а именно для загрузки в него агрегата для работы в такси. До этого был Huawei, который не подошел из за двойного экрана, в связи с этим агрегат работал не в полном объеме. Сам по себе телефон красивый, я приобрела в черном цвете. В руках ощущается хорошо, не слишком легкий, но и не тяжелый как Iphone. Главный плюс телефона в том, что он быстрый, более менее хорошая камера, цена очень адекватная, тянет служебные программы, например агрегаты для такси. Но телефон глючит периодически, хотя на нем установлено всего одно приложение. В общем для телефона в такую цену, он очень даже приличный, нет ощущения дешевизны, когда его используешь. С основными функциями справляется.",otzovik.com,otzovik.com,4.0,2018-12-23,https://otzovik.com/review_7444528.html,positive
"Достоинства: Симпатичный, громкий динамик
Недостатки: Медленный
В организации купили таких 10 шт для сотрудников ИТР, что бы снимали на камеру отправляли фотографии в группу в соц сетях, могли всегда быть на связи. Скажу сразу что жестоко просчитались, телефон тупит страшно, при открытие телефонной книги может минуту ее загружать (не смотря на то что только что разговаривал), больше трех приложений открытыми держать не может, начинает тормозить, приходится заходить и принудительно закрывать приложения. Когда нажимаешь на иконку она меняет оттенок показывая что на нее нажал, но приложение может не запустится, приходится нажимать по 3-4 раза. Камера работает плохо, не фокусируется, фотографии делает после 3-4 нажатия, настройке по качеству поддается плохо, снимать длинные видео не возможно, телефон выключается периодически, тоже самое происходит при просмотре. После обновлений начал сам звонить случайным людям не только по телефону но и через месенджеры. Пока стояла одна сим карта связь была сносной, после установки второй сим карты ее почти нет, на связи только одна, которой последней пользовался, антенны постоянно пропадают, приходится перезагружать по 2-3 раза в день. Наушники подходят не все, даже от Huawei что бы работали нужно вставлять в гнездо не до конца.",otzovik.com,otzovik.com,2.0,2018-12-22,https://otzovik.com/review_7436824.html,negative
"Достоинства: 1. Хорошее качество фото. 2. Долго держит заряд. 3. Большой объем памяти.
Недостатки: 1. На обычном фото там, где не надо делать размытый фон, он делает немногоразмытым все фото(чуть-чуть).
Когда купила honor 7A сразу влюбилась в него. Хорошая основная камера: высокое качество, быстро фркусируется на предметах, есть эффект размытия заднего фона; но вот по поводу фронтальной камеры у меня по началу были сомнения. Когда собираешься сделать снимок на передней камере на экране видишь ужасное качество, что меня очень сильно смутило, но само качество фотографии получается хорошее, нежели то, что мы видим, когда фотаем. Объем памяти - 16 Гб, есть распознавание лица, что очень удобно, когда нужно скрыть личные данные телефона, но лень вводить пароль. Но все же в этом есть минус - в темноте лица не видно ( приходится вводить пароль. Заряд держит относительно долго. Если сидеть в интернете, хватает часа на 4, если интернет просто включён и переодически заходить, часов на 8-10.",otzovik.com,otzovik.com,5.0,2018-12-21,https://otzovik.com/review_7433583.html,positive
"Достоинства: Доступная цена, стильный дизайн, хорошая камера, отличный динамик, мощная батарея.
Недостатки: Нет наушников в комплекте.
Смартфоном Honor A7 пользуюсь чуть больше месяца. Пока всё более, чем устраивает. Брали за 8000 (цена вместе с чехлом). Очень удобная функция разблокировки-распознавания лица. Шикарно воспроизводит музыку, которой, благодаря большому объему внутренней памяти, я заказала сразу несколько гигабайт. В целом менюшка стандартная, как у любого адроида. Понравилась возможность настройки упрощенного меню (с крупными ярлыками), а также много оригинальных тем. Заряда батареи хватает на 2-3 дня (в зависимости от того, разговариваю ли на морозе и как часто выхожу в Интернет). Отдельного внимания заслуживает камера. Фотографии яркие, четкие, есть возможность редактирования без закачивания дополнительных приложений. Единственное, что мне не очень удобно, это то, что смартфон достаточно скользкий. Решила эту проблему силиконовым чехлом-накладкой, мне нравится. Также осталась в восторге от набора стандартных мелодий, обоев. На громкой связи работает хорошо. Единственное, чего лично мне не хватило, это наушников и защитной пленки в комплекте.",otzovik.com,otzovik.com,5.0,2018-12-15,https://otzovik.com/review_7400206.html,positive
"Достоинства: Хорошая камера, динамик, батарейка, большой дисплей, процессор, цена.
Недостатки: Маленькая встроенная память. Мало оперативной память (ОЗУ) или (RAM)
Huawei Honor 7A Pro - отличается дисплеем процессором и батарейкой от Huaweq Honor 7A (возможно чем нибуть ещё). Итак, как я уже написал хорошее в этом телефоне - это камера 13 мегапикселей, динамик (правда не совсем ярко воспроизводит низкие частоты, но это не так уж и важно), не самый плохой процессор snapdragon 430, если не забывать, что это ""супербюджетник"" (тянет игры относительно более дорогих телефонов неплохо), батареи хватает на день, с условием активного использования, большой дисплей помогает комфортно проводить время в социальных сетях или просто за чтением какой-либо статьи. В телефоне присутствует face ID и отпечаток пальца. Для такой маленькой стоимости, это отличная комплектация. Единственный минус (его можно избежать если отложить на телефон побольше денег) это маленькая внутренняя память, а именно 16 гигов. Оперативная память тоже очень мало, всего лишь 2 гб.",otzovik.com,otzovik.com,5.0,2018-12-15,https://otzovik.com/review_7400051.html,positive
"Достоинства: -батарея -камера -цена -дизайн
Недостатки: -много ненужных приложений
Мой телефон BQ Strike неожиданно перестал работать. Пришлось искать что-то недорогое с большим экраном. Выбор был между Huawei Honor 7 A и Nokia 5.1. Продавец посоветовал Honor. В комплекте идет инструкция, зарядное устройство и, в общем, все. Работает отлично, не тормозит, заряда хватает больше, чем на сутки. Единственный минус это слишком много ненужных приложений и не все можно удалить, только выключить. К сожалению, чехлов на него я пока не нашла, только в интернет-магазинах. В целом, я очень довольна покупкой.",otzovik.com,otzovik.com,4.0,2018-10-29,https://otzovik.com/review_7161572.html,positive
"Достоинства: Нету
Недостатки: Быстро разряжается, мало памяти, слабый процессор, ужасная камера, нету модуля nfc, маленький экран, слабые динамики
Это даже смартфоном нельзя назвать. В 2022 году пользоваться им будет невозможно так как многие требования к современным устройствам он не выполняет. Памяти почти нет, нагревается как лава в вулкане за считанные минуты, даже ватсап еле тянет, не говоря уже о каких-то играх.",otzovik.com,otzovik.com,2.0,2022-11-20,https://otzovik.com/review_14015347.html,negative
"Достоинства: приятный дисплей, хороший динамик, батарейка держится вроде бы нормально, хорошо ловит связь
Недостатки: слабый фонарик. мало памяти, а это в наше время огромный минус. плохая передняя камера
Телефон хороший. Сама с ним хожу. Основная камера хорошая, чёткая, г, но передняя хуже, но если настроить, то может быть и лучше. Памяти мало, а это огромный минус, 16гб, возможно кому то достаточно, но не мне. Я люблю фотографии, мне нравятся их редактировать, но телефон этого не позволяет, это грустно. Телефон несколок раз падал с лестниц, экран оставался цел, за всё время, 2(два) года службы, скоро три года, поменяла 2 два защитного стекла, корпус немного побит, ну это из-за падений. Советую брать самсунг и. Приятный дисплей, хороший динамик, батарейка держится вроде бы нормально, хорошо ловит связь. слабый фонарик. Мало памяти, а это в наше время огромный минус. плохая передняя камера",otzovik.com,otzovik.com,5.0,2021-10-12,https://otzovik.com/review_12531159.html,positive
"Достоинства: цена, прочность, дизайн
Недостатки: мало оперативной памяти, браузер или некоторые приложения могут тормозить
После долгого пользования смартфоном Huawei Honor 7A могу уверенно сказать, он стоит своих денег. Красивый дизайн, алюминиевый корпус смотрится красиво. Потерял счёт тому сколько он у меня падал, на пол, на асфальт, в снег, даже в воду(просушил и ничего, ходит)! Батареи мне спокойно хватало на день пользования, смотря фильмы её хватала примерно часов на 5, играя в игры часа на 2.5, а пользования социальными сетями и того больше. Были моменты когда начинал подтормаживать, плохо грузился браузер, но это спокойно решалось сбросом системы до заводских настроек. Сейчас за те деньги, что он стоил 2 года назад можно купить смартфон с характеристиками по лучше, но и эта модель достойна своего внимания даже сейчас.",otzovik.com,otzovik.com,4.0,2021-01-10,https://otzovik.com/review_11906766.html,positive
"Достоинства: Цена, дизайн, неплохая батарея
Недостатки: Для меня их нет
Купил смартфон пол года назад, по прежнему продолжает радовать, если его не нагружать, вовремя чистить память, то он будет хорошо работать, смартфон хороший, он конечно не рассчитан на двухгиговые игры, но вполне тянет много других игр. Мой потянул игру Raid shadow legends, и даже не глючил, даже не нагревался. Памяти вполне достаточно, чтобы установить все нужные приложения, и пару игр. Акаммулятор, если его правильно заряжать, держит зарядку очень даже хорошо. Советую всем кто не сильно превередлив, и не требует от телефона многого. Камера тоже мне понравилась, делает отличные фотогоафии Если правильно пользоваться то все будет хорошо. Хочу отметить красивый дизайн, телефон очень лёгкий, удобно держать в руке. Что касается дисплея, он немного слабоват, но мне лично это не мешает. Я доволен покупкой.",otzovik.com,otzovik.com,5.0,2020-11-22,https://otzovik.com/review_10987792.html,positive
"Достоинства: Большое колличество памяти, сильная батарея
Недостатки: Со временем начинает самовольно выполнять какие-то функции.
Около двух лет назад на Новый год подарили маме новый телефон- Honor 7A, предыдущий телефон уже плохо работал, был старым. За время использования без защитного стекла экран остался целым, несмотря на то, что его роняли, царапин почти нет. Памяти довольно много- 16 гб, маме этого вполне хватает. За свою цену- 10000 рублей очень хорошее качество. Недавно заметили небольшой недостаток, телефон иногда начинает самовольно выполнять какие-то функции, включает камеру, делает фото, звонит кому-нибудь и тд. В остальном всё отлично.",otzovik.com,otzovik.com,5.0,2020-08-15,https://otzovik.com/review_10503218.html,positive
"Достоинства: ОЗУ, экран, процессор
Недостатки: Батарея, внутренняя память
Приобрёл телефон год назад. За год использования не лагает, тормозов нет. Батарея неплохая, но оставляет желать лучшего. Экран средний, довольно удобный. Внутренней памяти хотелось бы побольше, 16 гб для нашего времени уже маловато.",otzovik.com,otzovik.com,4.0,2020-07-02,https://otzovik.com/review_10288151.html,positive
"Достоинства: Дизайн, камера неплохая,цена адекватная
Недостатки: Не нашла
Honor 7A-мой 4 телефон, предыдущий утопила) и нужно было срочно купить новый, решила не покупать дорогущие айфоны, и остановилась на выборе простого, недорогого хонора. Панель из пластика. Хонор по стилю мне напоминает на классический Айфон. Основная камера 13 пикселей, фронтальная камера 5 пикселей, мне этого вполне хватает. Цена абсолютно адекватная, покупала всего лишь за 7 тысяч. Поэтому если вы не хотите сильно тратиться на телефон, и вам необязательно иметь шикарную камеру с памятью, то эта модель отлично подойдет для вас.",otzovik.com,otzovik.com,4.0,2020-01-15,https://otzovik.com/review_10027612.html,positive
"Достоинства: Цена, качество, удобство, долговечность, прочность.
Недостатки: Сравнительно невысокие технические характеристики.
Покупал этот аппарат два года назад, личных претензий к нему не имею. Конечно для любителей хороших фото он не подойдет, т. к. камера не предназначена для этого. Памяти тоже не слишком большое количество, но приложений 15-20 тянет без глюков и подвисаний. Зато очень крепкий, для людей работающих физически это большое преимущество. Мой телефон в каких только переделках не побывал: падал бессчетное количество раз, был залит водой дважды. И никаких проблем. Правда защитное стекло менял дважды. Но в наше время это не большая проблема учитывая доступность АлиЭкспресс. В общем всем кому не сильно принципиальны размер памяти и качество камеры, мой совет брать!",otzovik.com,otzovik.com,5.0,2020-02-19,https://otzovik.com/review_9509625.html,positive
"Достоинства: Функциональный
Недостатки: Нет
Цена и качество полностью соответствуют. Неплохая камера. Хороший объем памяти. Несколько степеней защиты. Хорошо подойдёт для детей и подростков. Держит зарядку.",otzovik.com,otzovik.com,5.0,2020-01-12,https://otzovik.com/review_9299211.html,positive
"Достоинства: 1.Экран:5.45 "", стекло 2.5D хороший экран 2.хорошая батарея 3.2 слота под SIM-карты
Недостатки: 1.слабая производительность 2.средняя камера(могло быть лучше) 3.ОЗУ 2ГБ не хватает для телефона
покупал телефон 3 марта 2019 года нечем не жалуюсь телефон хороший, но производительность слабая видео в 720p виснет игры виснут проверял на (pubg mobile, call of duty mobile) камера не самая лучшая Емкость батареи:3020 мАч хватает на 8 часов со включенным вай фай, блютуз с играми 5 часов Разрешение:1440х720 (18:9), 295 ppi разрешение хорошо подходит для игр и просмотра видео Память:16 ГБ, ОЗУ 2 ГБ памяти хватает но ОЗУ нет ПРЕДУПРЕЖДАЮ!-если вы любите забить память не берите на 16ГБ потому что на Honor не считается карта памяти 2 слота для SIM-карт. Слот для карты памяти. Актуальная версия Android.",otzovik.com,otzovik.com,4.0,2019-12-09,https://otzovik.com/review_9144478.html,positive
"Достоинства: Графика, экран, звук, нету лагов
Недостатки: Мало места, и все
Здравствуйте, я напишу этот отзыв, зачем? Просто поделиться с вами своими мыслями. Сам смартфон очень хороший, купил я его в 03.04.2018 Минус в том что мало места, я думал там будет 32g но у меня 16g. Огорчило, но скачивал приложение joom и купил себе SD карту за 1$ Игры не лагают Советую вам попробовать купить этот смартфон. Удачи",otzovik.com,otzovik.com,4.0,2019-07-06,https://otzovik.com/review_8432818.html,positive
"Достоинства: Система
Недостатки: Иногда логает
Телефон отличный, нравится больше всего то, что обновляется система. Приходят уведомления на счёт проверки вирусов, минус в то, что за пол года пользования трижды логал. Не выключался, пропадала связь. Но сейчас все хорошо. Я довольна",otzovik.com,otzovik.com,5.0,2019-06-04,https://otzovik.com/review_8288455.html,positive
"Достоинства: Очень хорошая камера, красивый дизайн. Компактный и лёгкий. То что нужно для девушки. Достаточно хорошо держит заряд батареи
Недостатки: Из минусов для это только слабоватая фронтальная камера, можно было бы немного улучшить. И не совсем удобное меню. Ну это лично для меня.
Пользуюсь телефоном два месяца, и я очень довольна никаких нареканий к нему нет вообще, не тупит, не глючит, все приложения открывает на ура. До этого телефона у меня было много моделей но этот затмил их все.",otzovik.com,otzovik.com,5.0,2019-02-25,https://otzovik.com/review_7790786.html,positive
"Достоинства: удобный
Недостатки: не прочный
Я не очень довольна этим телефоном, так как он не особо то и прочный. С ним я проходила около двух недель, все было хорошо, но спустя неделю он стал перегреваться, самостоятельно перезагружаться, приложения не включались, была ошибка. Через две недели я уронила его на пол, трещин не было вообще, ни одной, но когда я решила разблокировать и посмотреть все ли с ним впродяке, то увидела лишь цветные полосы, самое странное что не было ни трещин ни царапин, ни на стекле ни на корпусе телефона, дисплей вообщем навернулся",otzovik.com,otzovik.com,3.0,2019-02-04,https://otzovik.com/review_7669488.html,neutral
"Достоинства: 1. Цена-качество. 2. Яркость и насыщенность цветов 3. Не тормозит, не тупит. 4. Мощность (производительность).
Недостатки: 1. ОЧЕНЬ неудобно доставать и вставлять флешку (но в комплекте идет специальная ""проволока"" для открывания, без нее открыть отверсие для флешки нельзя).
Приобрела на днях данный девайс в евросети, в целом, о покупке не жалею, смартфон хороший, удобный, не маркий. За свою цену это идеальный выбор в плане производительности, качества и удобства. Рекомендую к покупке.",otzovik.com,otzovik.com,4.0,2018-10-05,https://otzovik.com/review_7053130.html,positive
"Достоинства: Камера,экран, звук, обновлённая система android
Недостатки: Иногда подвисает
Приобрела данный смартфон два месяца назад. Теперь когда его испробывала, могу дать личную оценку данному смартфону. Один из самых главных плюсов это естественно экран(лично для меня). Яркий и большой экран очень хорошо способствует просмотру фильмов, игр. Второй плюс это камера. 13мп задняя и 8мп передняя. С камерой у смартфон проблем нет. Телефон очень громкий, свою стоимость он полностью оправдывает. Есть два нюанс в данном смартфон. Если долго им пользоваться, начинает подтормаживать экран. Второй минус заключается в загрузке камеры(камера загружается иногда долга). Не смотря на все, я покупкой довольна.",otzovik.com,otzovik.com,4.0,2018-08-24,https://otzovik.com/review_6882212.html,positive
"Достоинства: Хороший телефон для начала.
Недостатки: Спустя годы начинает зависать.
Мне Сестра подарила телефон на день рождения когда я был еще маленьким, мама положила в мой день рождения коробку с ним с зайди подушки я естественно проснулся и видел это но потом забыл, когда уже полноценно проснулся посмотрел туда и так зависал от радости мне этот телефон понравился в его любил около 3 лет но пришло время меня его и купил другой телефон. Это Хонор отдал брату и он спустя месяц потерял его я был не настолько грустный потому что мне хватило того как он лагал. Но это можно было понять телефону несколько лет и он уже еле жил, единственное что я могу сделать когда он лагал играть в сабвей серф.",otzovik.com,otzovik.com,4.0,2024-04-22,https://otzovik.com/review_16047868.html,positive
"Достоинства: Высокая производительность, экран обеспечивает яркие и четкие изображения, отличная камера.
Недостатки: Отсутствие NFC, смартфон работает на Android 8.0 с интерфейсом EMUI 8.0.
Honor 7A имеет интересный дизайн, большой экран с высоким качеством изображения, мощный процессор и достаточно большую оперативную память. Камера также отличная - устройство оснащено двойной камерой с неплохими характеристиками. Кроме того, высокая емкость батареи позволяет держать устройство в работе на протяжении долгого времени. В целом, Honor 7A - это надежный и недорогой телефон, который точно стоит рассмотреть. Советую всем)",otzovik.com,otzovik.com,5.0,2023-06-26,https://otzovik.com/review_14885148.html,positive
"Достоинства: Дизайн
Недостатки: Мощность
Пользовался около года. За это время столкнулся с очень слабым железом, плохой камерой. Хорошо подойдёт как обычная звонилка. Не советую вам его покупать",otzovik.com,otzovik.com,3.0,2023-01-05,https://otzovik.com/review_14691417.html,neutral
"Достоинства: Недорогой
Недостатки: Сам по себе слабый
Работал у меня 3 года, последние месяци с натяжкой. Сам по себе он слабенький конечно, и память маленькая, если покупать, то навернле только на год, потому чьл после полутора года использования у меня начались проблемы с батареей, начал долго заряжаться и быстро разряжаться.",otzovik.com,otzovik.com,4.0,2023-04-27,https://otzovik.com/review_14661480.html,positive
"Достоинства: Камера, звук при вызовах и воспроизведении музыки, батарея, мощность процессора.
Недостатки: Памяти очень мало, для игр не подойдёт.
Брала этот телефон ещё в далёком 2020 году. Прослужил мне верой и правдой долгих три года))). Зарядку держал практически весь день.",otzovik.com,otzovik.com,5.0,2023-02-19,https://otzovik.com/review_14348537.html,positive
"Достоинства: Небольшой по размерам, цена маленькая.
Недостатки: Тормозит, мало памяти, камера не качественная, не обновляется.
Просто ужасный телефон. Купил брату, пользоваться невозможно. Памяти не хватило даже на несколько базовых приложений. Жутко тормозит. У мамы а древний сяоми работает стабильней в разы. Не советую.",otzovik.com,otzovik.com,2.0,2022-12-09,https://otzovik.com/review_14081393.html,negative
"Достоинства: Не тупит
Недостатки: Сломался звук
После пользования через полгода пропал звук, через какое-то время появился но без наушников уже ничего не услышишь, теперь только через наушники слышно меня и других.",otzovik.com,otzovik.com,2.0,2022-12-04,https://otzovik.com/review_14063897.html,negative
"Достоинства: не дорогой
Недостатки: плохой динамик начинает лагать на 2 году использования
Пользуюсь телефоном уже два года, телефон вполне хороший за 7000 рублей. Камера как будто мыльница. Правда динамик не очень громкий и вы не сможете нормально смотреть видео или музыку без наушников. Правда за два года уже совсем износился постоянно зависает и долго грузит. Также когда включаешь блютуз плохо работает интернет. Телефон нормально работает первый год использования потом начинает лагать.",otzovik.com,otzovik.com,4.0,2022-10-05,https://otzovik.com/review_13854697.html,positive
"Достоинства: Недорого
Недостатки: Памяти очень мало
Смартфон очень даже неплохой. Камера 8 пикселей, но фотки получаются яркие. Мне прослужил 4 года, ни разу не заглючил. Звук хороший, динамики работают без нареканий, музыку можно громко слушать. Правда, памяти мало, ни кино скачать, фото много не загрузить.",otzovik.com,otzovik.com,4.0,2022-10-01,https://otzovik.com/review_13842572.html,positive
"Достоинства: В коробке идёт скрепка для открытия сим лотка, не перезагружается, не греется при обычной работе
Недостатки: Лагают некоторые игры, когда играешь он греется
Я купил себе новый смартфон, после vertex impress pear мне хотелось какой-то долговечный смартфон купить и я нашёл его в Мтс приобрёл вставил свою сим карту, потом купил sd карту, вставил в этот смартфон и стал ходить с ним и он не перезагружается каждый час как это было с предыдущим смартфоном тут и приложения открываются практически без лагов, почему практически, потому что редко но лаги все же бывают, ютуб работает без всяких проблем и даже некоторые игры также без лагов идут, правда когда играешь на этом телефоне батарея греется как сковородка, ну греется он тогда когда играешь в pabg, а при обычной работе он вообще не греется",otzovik.com,otzovik.com,4.0,2022-09-01,https://otzovik.com/review_13747501.html,positive
"Достоинства: Недорогая цена, доступность. Приятный дизайн для недорогой модели. Выбор цветов, вполне нормальная батарея. Оцениваю в средней шкале.
Недостатки: Отключается на морозе, быстро теряет на нем батарею. Мало памяти. Много лагов. Быстро поднимается температура у телефона что ведет к перегреву и тем же лагам.
Телефон впринципе рабочий, выполняет базовые функции вполне хорошо. Но не более. Памяти немного, сильно лагает. Стоит своих денег, но напрашивается вопрос, стоит ли вообще тратить деньги на это? Оцениваю 5/10",otzovik.com,otzovik.com,3.0,2022-02-06,https://otzovik.com/review_13037898.html,neutral
"Достоинства: Мне нравится что у него большой экран и можно смотреть ютуб или фильмы на нем. Он не глючит и работает хорошо. Я заметила что у него цвета передаются ярче даже чем на телефоне моей сестры который дороже в 2 раза.
Недостатки: Мне не удобно дотягиватся до верхней части экрана потому что он очень большой для меня.
Это мой первый телефон из линейки huawei, купила 2 года назад работает как новенький. Мне кажется что телефон за такую стоимость(я покупала за 7.990 рублей) таким и должен быть. Я не пойму какой это точно цвет, он более золотистый чем серебристый. Я приобрела модель на 16 гб, мне если честно этого не хватает, пожелела что купила с таким маленьким объёмом. Думаю буду ещё 2 года с ним ходить, не вижу причин по которым он должен сломаться. Я выбирала между чёрным и золотистым, выбрала золотистый, так как он светлей и показался мне симпатичным. Камера у него мне не очень понравилась, но я особо не фотографируюсь и она мне в принципе не нужна.",otzovik.com,otzovik.com,4.0,2022-01-08,https://otzovik.com/review_12902135.html,positive
"Достоинства: нет
Недостатки: Плохой экран Мало держит заряд
Очень плохой телефон, сильно лагает, мало держит заряд, плохой экран, за такую цену есть много достойных вариантов например от xiaomi",otzovik.com,otzovik.com,1.0,2022-01-07,https://otzovik.com/review_12898742.html,negative
"Достоинства: Емкость аккомулятора
Недостатки: Вес
Я купил этот телефон в прошлом году и пользуюсь им очень часто Аккомулятор держится очень долго могу сидеть без перерыва более 15 часов . Телефон очень мощный потянет любую игру без трудностей и не будет сильно нагреваться, без лагов . Интернет 4G . Стоимость не дорогая можно смотреть кино с удовольствием так как у этого смартфона большой экран и высокое качество граффики для телефона (1080) Из минусов так же можно отнести экран так как он большой и плохо помещается в карман Еще один минус это его вес, есть множество смартфонов с легким корпусом, но этот смартфон не из таких, у него увесистый корпус . В остальном этот телефон очень хорош",otzovik.com,otzovik.com,4.0,2021-12-19,https://otzovik.com/review_12823533.html,positive
"Достоинства: Небольшой в размерах, удобно лежит в руке. Графика хорошая
Недостатки: Мало памяти, операционная система слабая. Тяжёлые игры и приложения не тянет
В принципе телефон не плохой. Пользование на первое время подходит хорошо. Памяти мало, операционная система слабоватая. Игры и приложения тянет, но не очень",otzovik.com,otzovik.com,4.0,2021-09-25,https://otzovik.com/review_12462536.html,positive
"Достоинства: Хороший дизайн.
Недостатки: Система плохо оптимизирована.
Этим телефоном я пользовался 1 год. По началу все было хорошо телефон нормально работал не фризел. Но спустя около полу года он не мог тянуть игры на минимальных настойках графики. Сама система в нем зависала. Мне этот телефон не понравился поэтому, я не рекомендую использовать для игр или скачивать много програм. Но мне в нем понравился дизайн и камера не плохая. Так же мне не понравилось что телефон быстро нагревался. Вообщем я не рекомендую покупать этот телефон.",otzovik.com,otzovik.com,2.0,2021-08-30,https://otzovik.com/review_12362460.html,negative
"Достоинства: Лёгкий модульный ремонт, дешёвый, дешёвые запчасти
Недостатки: Мало памяти, медленный
Брал в 2018, с тех пор прошло на данный момент 3 года, все ещё находится в эксплуатации, хотя и пережил 3 ремонта. Был утоплен, побывал под колесами и автомобиля, в порыве гнева был послан с постоянным ускорением в сторону стены. Но позже все время восстанавливаю его. Три раза заменял (раз в год) сенсорный модуль, сменил батарею один раз, динамик сменил один раз. Новой батареи при постоянном, активном использовании хватает на 3-5 часов, что для него не вполне хороший результат. Проблема в маленьком объёме встроенной памяти. По характеристикам. Медленный. Очень медленный. Памяти постоянно не хватает. Постоянно приходится делать выбор какое приложение удалить чтобы установить новое, и не факт что после удаления и неудачной установке нового вы сможете установить старое приложение на место. Камера по качеству ниже среднего, фото размытые. Динамик с каждым днем становится все тише. Постоянные зависания (3-4 секунды) при открытии клавиатуры. Если кто-то решиться купить этот телефон, то рекомендую ещё несколько раз подумать и взвесить все плюсы и минусы. Не рекомендую.",otzovik.com,otzovik.com,3.0,2021-07-26,https://otzovik.com/review_12221687.html,neutral
"Достоинства: Хорошо подходят красивые чехлы телефон хорошо работает в соц сетях и так далее.
Недостатки: Мало памяти телефон начинает тупить если памяти мало.
Телефон Honor 7a лагает он постоянно тупит мало памяти для меня сделали плохой телефон, а так все в нем хорошо экран с рамками но на упаковке написано что без но нет если телефон начинает тупить значит нужно отчистить память памяти в нём 16 гб ОЗУ 2 гб Экран хороший можно заказывать с интернет магазинов разные чехлы защитное стекло очень поможет не разбить вам телефон игры практически не тянет как например игры Pabg с приложениями всё нормально все соц сети отлично работают, а так всё норм кто хочет купить себе такой покупайте лучше Honor 7a pro или Honor 8a или даже по выше телефон купил я за 7000р щас стоит 5000р.",otzovik.com,otzovik.com,3.0,2021-07-23,https://otzovik.com/review_12206975.html,neutral
"Достоинства: Невысокая цена, удобный размер
Недостатки: Мало встроенной памяти
В первое время работает отлично, но со временем качество камеры значительно ухудшается, телефон начинает тормозить, встроенной памяти не хватает. Как только не падал, целый.",otzovik.com,otzovik.com,3.0,2021-03-07,https://otzovik.com/review_11594540.html,neutral
"Достоинства: яркий экран, удобное расположение в руке.
Недостатки: память
В общем, пользуюсь данным телефоном уже около 3х лет, за это время сильных лагов замечено не было, самая большая проблема это не достающая память, но если купить микро флешку это будет доставлять меньше неудобств. Один динамик говорит о том, что для прослушивания музыки данное устройство подходит не очень, но для разговоров громкости достаточно. Две камеры, фронтальная с подсветкой, в ночное время фото получаются немного хуже чем днем. Но за цену, установленную на данный смартфон, данные качества довольно не плохие.",otzovik.com,otzovik.com,4.0,2021-01-19,https://otzovik.com/review_11314621.html,positive
"Достоинства: Не дорогой
Недостатки: Быстро разрежается,сильно нагревается
Huawei Honor 7a купил 2 месяца назад и всё хорошо, он мне очень понравился. Хороший процессор, камера, удобно лежит в руке, сколько раз падал не одной трещины, дешевый по своей цене, не лагает. Несколько минусов минус, сильно нагревается, зарядка держится с утра до вечера. Я даже засекал за сколько он разрядится, утром было 100% где-то 8:00 а уже к вечеру 7% где-то 18:30.",otzovik.com,otzovik.com,4.0,2020-11-20,https://otzovik.com/review_10976045.html,positive
"Достоинства: Плюс только в цене, и что ж он неплохо выглядит, дизайн не плох, но это его не оправдывает
Недостатки: Зависает, часто нужно перезагружать, иногда игнорирует команды сенсора, сильно нагревается на зарядке, будто готов взорваться
В пользовании телефон находится около года, за это время выявила ряд недостатков, хотя в салоне рекомендовали как отличная модель, время от времени пропадает звук совсем, часто зависает, объем памяти не соответствует, сайты открывает очень долго, живёт своей жизнью, сам меняет время после перезагрузки и попытка внести свои изменения оказывается фатальной.",otzovik.com,otzovik.com,2.0,2020-11-17,https://otzovik.com/review_10953578.html,negative
"Достоинства: Невысокая цена
Недостатки: Камера не фокусируется, виснит
Могу сказать, что в принципе телефон неплохой. Покупала за 7000. Поначалу все нравилось и устраивало, но потом начала замечать, что камер не особо четкая, а иногда приходиться долго ждать, чтобы сфокусировалась. Память 16гб, но мне ее совершенно не хвает. И я уже купила карту памяти, но все ровно не хватает. Конечно возможно для кого-то 16гб, это будет даже много, но точно не для меня))И еще бывает, что телефон может подвисать. И я пришла к то кому выводу, что если ребенку купить телефон для того, чтобы он просто звонил, то Honor7a отлично подойтет",otzovik.com,otzovik.com,4.0,2020-11-06,https://otzovik.com/review_10896987.html,positive
"Достоинства: Хороший звук, прочный, недорогой
Недостатки: Среднее качество камеры, слабый аккумулятор, маленькая внутренняя память
Телефон мне подарили год назад, первые полгода устраивал полностью, но потом начались проблемы с зарядкой, снимаешь с зарядки и по истечению 3 часов постоянного пользования телефон садится, внутренняя память очень маленькая, поэтому без карты памяти её на долго не хватит, пару приложений, около 500 фотографий и пару мелодий и памяти нет. Камера хорошая если долго фокусировать, для быстрых фото не вариант, видео часто получается смазанное, телефон подойдёт либо для подростка, чтобы играть, либо для человека, который использует телефон редко, для удалённой работы нужен другой. А в общем качественный телефон и прочный, сколько раз падал ни разу не треснул экран, как бывает это у других моделей, хотя использую без плёнки и защитного стекла",otzovik.com,otzovik.com,3.0,2020-08-15,https://otzovik.com/review_10501145.html,neutral
"Достоинства: Функции идеальны, зарядка держит отлично, заряжается быстро.
Недостатки: Минусов нет
Хонор 7А - телефон идеальный, если у меня спросить. Сначала я купил её за 7500, но он стоил 8500, и ещё +карта в подарок. Сколько раз я его уронил, на дороге, на асфальте, на бетоне, дома ничего не случилось с ним, тем более он был без броника. Даже с разбитым внутренним экраном он работал. Как новый. Ну после я купил её снова потому что, не видно было на экране нормально. Купил его за 6500. И до сих пор у меня он есть, тоже самое ронял и все такое. Но в идеальном порядке.",otzovik.com,otzovik.com,5.0,2020-08-02,https://otzovik.com/review_10438832.html,positive
"Достоинства: Цена, соответствующая качеству. Если ваш бюджет ограничен, но при этом хочется купить качественный смартфон, то это будет хороший выбор. Индикатор уведомлений, который помогает в том случае, когда телефон находится в беззвучном режиме.
Недостатки: Быстро разряжается при полноценной эксплуатации смартфона. Недостаточное количество памяти, в результате которой приходится постоянно чистить телефон. Это надоедает.
Приобрела смартфон примерно год назад, но довольна им по сей день. Хочется отметить его положительные стороны. Так, например, цена телефона очень радует. Я студентка, поэтому бюджет у меня не такой большой, как хотелось бы, именно поэтому при покупке мне хотелось бы приобрести что-то недорогое, но при этом что-то качественное. Данная модель телефона и стала такой для меня. Цена не кусается, а приятно радует. У телефона есть индикатор уведомлений, расположенный в верхнем правом углу. С помощью него можно с легкостью узнать о том, пришло тебе сообщение или нет. Когда телефон находится в беззвучном состояние, не хочется пропустить сообщение, поэтому в этом случае индикатор очень выручает. Кроме того, получаются довольно неплохие снимки, а также видео. Есть и небольшие минусы. Например, зарядка. Я активно пользуюсь телефоном в течение всего дня, поэтому он разряжается у меня довольно быстро. Конечно, если вы не эксплуатируете телефон в течение всего рабочего дня, то быстрое разряжение телефона не будет для вас проблемой. Еще одним минусом является маленький объем памяти, его можно решить, если приобрести ту же модель телефона только с большим объем встроенной памяти, или же приобрести карту памяти, которая определенно может выручить.",otzovik.com,otzovik.com,4.0,2020-08-01,https://otzovik.com/review_10434025.html,positive
"Достоинства: Тонкий, есть передняя вспышка, динамик и гнездо зарядки не заслряются, постоянно предлагает обновление, достаточно прочный
Недостатки: Быстро разряжается на холоде, очень долго думает когда нужно что то быстро делать
В салоне очень хвалили, мол сейчас все берут, очень хороший, ну в общем я взяла, а что в итоге, он ужасно лагает, может просто зависнуть на выключенном экране, а может кнопка не срабатывает, очень долго думает в яндексе, камера не фокусируется совсем, в общем ужас, а не телефон муж темболее он не подходит для работы или чего то подобного, он не может быстро работать",otzovik.com,otzovik.com,3.0,2020-07-25,https://otzovik.com/review_10398588.html,neutral
"Достоинства: Красивый дизайн и хорошая камера
Недостатки: Быстро заканчивается заряд и очень греется!
Достаточно хорошая камера!! Фронтальная камера так себе!!! Постоянно греется и быстро заканчивается заряд!! Дизайн очень понравился!!! Игры тянет не все! Экран достаточно яркий!!",otzovik.com,otzovik.com,3.0,2020-07-22,https://otzovik.com/review_10383091.html,neutral
"Достоинства: Удобный в руке Бюджетный 2 Г памяти, для мня норм
Недостатки: Камера не прям вау
Здравствуйте. Этот телефон у меня уже 2 года, нареканий нет, тьфу- тьфу- тьфу. Хороший смартфон за небольшие деньги. Отлично подойдёт тем, кому просто нужен выход в интернет, смс и звонки, с неплохой камерой. Ну а у кого телефон из рук не выходит и нужна нормальная камера для селфи или кто любит фотографировать, камера слабовата. Характеристики описывать не буду, так как их можно посмотреть везде. Покупала я его за 7999, а сейчас 5 с копеечкой вроде... За это время работы, не глючил, я не разу не восстанавливала заводских настроек, мне всегда хватает памяти. Конечно, на сегодняшний день, он капец как устарел, но меня устраивает)) у меня синий, тогда был выбор из чёрного, синего и золотистого, сейчас не знаю... В целом все ок.",otzovik.com,otzovik.com,4.0,2020-06-25,https://otzovik.com/review_10256417.html,positive
"Достоинства: Нет
Недостатки: Плохая камера, маленький объём памяти, глючит клавиатура (замедленное действие)
Пеовые пол года работа телефона не вызывает каких либо проблем. Но потом начинаются проблемы с памятью, даже если у вас телефон почти пустой, хранилище все равно забито. Камера фотографирует нормально только в дневное время, реакция замедленная. Что касается видео, забудьте))",otzovik.com,otzovik.com,2.0,2020-06-05,https://otzovik.com/review_10154089.html,negative
"Достоинства: Удобный в руке, камера, звук, меню
Недостатки: Нет
Телефон в использовании уже 1.5 года. За это время ничего плохого сказать не могу. Всем довольна. Камера норм, меню простое, звук отличный. Однозначно рекомендую. Конечно сейчас много разных смартфонов появилось за это время, и помощнее. Но это телефон для тех у кого ограниченный бюджет.",otzovik.com,otzovik.com,5.0,2020-01-22,https://otzovik.com/review_10070703.html,positive
"Достоинства: Батарею держит долго, интерфейс простой
Недостатки: Камера, памяти мало
Телефон не плохой. Не тормозит. Выглядит очень не плохо, похож на айфон 6. На счёт камер, мало мегапикселей. Телефон компактный, очень удобный интерфейс. На счёт памяти смотря какой брать. Не советую брать 16 мп. Так как вообще особо много не скачаете. Телефон не тормозит, ходила год с ним и все было хорошо. Батарею держит очень долго.",otzovik.com,otzovik.com,3.0,2020-04-16,https://otzovik.com/review_9835684.html,neutral
"Достоинства: Многозадачность, хорошо держит батарейку.
Недостатки: Размазываются фото на основной камере.
Раньше пользовалась только lg, и когда пришло время менять смартфон обратилось к отзывам. Нашла Honor 7A. У него приятный интерфейс, удобно держать в руке, при этом у него большой экран. Цвета передаются достаточно четко. Огромным плюсом является его многозадачность и при этом он не тормозит, это является определяющим критерием для меня, т. к. это важно для работы. Я могу фотографировать, тут же обрабатывать, выкладывать и при этом отвечать на звонок. Долго держит батарейку, если не играть в игры. Быстро заряжается. Хорошая фронтальная камера. Единственный минус это сильно размазываются кадры на основной камере, из 10 фотографии получаются примерно три нормальны фото. Но к этому можно приловчится. В целом о телефоне хорошее впечатление и пока не собираюсь его менять.",otzovik.com,otzovik.com,5.0,2020-03-25,https://otzovik.com/review_9694904.html,positive
"Достоинства: Хорошие камеры и объёмная память.
Недостатки: Не очень хороший динамик.
Honor 7A отличный смартфон с объёмной паметью в 16 гб. Замечательные камеры в 13 мгп и 5мгп. Возможность делать неплохие снимки при движении. Яркий, большой экран. Но есть и минусы, не очень громкий динамик при прослушивании плеера и просмотре фильмов.",otzovik.com,otzovik.com,5.0,2020-03-22,https://otzovik.com/review_9677735.html,positive
"Достоинства: Большой экран
Недостатки: Нет
Прекрасный дизайн, хорошая камера, очень тонкий, батарею держит хорошо, интерфейс продуман, большой экран, помещается в руке, динамики достаточно громкие, в комплекте наушники и зарядное устройство",otzovik.com,otzovik.com,5.0,2020-03-19,https://otzovik.com/review_9659778.html,positive
"Достоинства: прочность .цена.чёткость камеры .батареи хватает на долго
Недостатки: не очень хорошая вспышка .
телефон выполнен в хорошем качестве. Камера достаточно чёткая для его цены. Памяти хватает. Сборка телефона достаточно качиственая при падении с вытаты примерно 3 метра на освальт появилась только 1 маленькая трещина . Вопщим телефон хороший рекомендую",otzovik.com,otzovik.com,4.0,2020-03-15,https://otzovik.com/review_9639860.html,positive
"Достоинства: Удобный в использовании и легко усваемый.
Недостатки: Нет
Маме решили подарить аедроид, чтоб легко усвоить и чтоб был удобным в использовании. Мама привыкла к старым кнопочным телефонам и ни в какую не хотела менять на новый. Тем более не сенсорный. Мы решили ей подарить Honor 7 A, и ни чуточку не жалеем, что выбрали именно этот телефон. Самый бюджетный и удобный, мама легко усвоила.",otzovik.com,otzovik.com,5.0,2020-03-02,https://otzovik.com/review_9570733.html,positive
"Достоинства: Хорошо держится в руках, не тормозит. Хороший звук.
Недостатки: Плохая фронтальная камера.
Отличный телефон. Купил Huawei Honor 7A около месяца назад, и мне он очень нравится. Я, правда не избалован гаджетами. До этого у меня был смартфончик Asus, успевший очень и очень устареть за долгую и верную службу, с ним сравнивать было бы совсем нечестно. Asus исполнилось немало лет, когда он ушел на покой. Honor 7A - совсем другой уровень, недостатков у него нет вообще, а только сплошные достоинства (ну для меня по крайней мере).",otzovik.com,otzovik.com,5.0,2020-02-07,https://otzovik.com/review_9444702.html,positive
"Достоинства: Цена
Недостатки: В описании все указано
Доброго времени суток, взял себе данную модельку смартфона, и немного пожалел. Начнём с упаковки, выглядит слишком дёшево, картон не очень качественный, после того как достал сам телефон тоже немного расстроился, в руке лежит не очень, качество сборки плохое, кнопка увеличения громкости скрипит. После включения увидел не очень качественную цветопередачу экрана, и его яркость. Включив камеру разочаровался в ее режимах работы, их просто не было, та и само качество фоток плохое, при небольшом приближении фото получаются размытые. После 1 года пользования засобирались фотографии, различные приложения и я заметил что телефон начал конкретно тормозить. Не рекомендую данный смартфон",otzovik.com,otzovik.com,2.0,2020-02-07,https://otzovik.com/review_9444631.html,negative
"Достоинства: Долго держит заряд батареи
Недостатки: Я не нашла
Добрый вечер. Отличный смартфон! Пользуюсь смартфоном уже второй год, ни разу не завис! Качественный громкий звук, хорошая камера, стильный дизайн. Заряжаю раз в два дня, хотя активно пользуюсь интернетом. Простое меню",otzovik.com,otzovik.com,5.0,2020-02-01,https://otzovik.com/review_9413801.html,positive
"Достоинства: 2 Sim + cd, корпус, экран, фотик
Недостатки: нет
Телефон полностью соответствует своей ценовой категории. Камера 13 МП соответствует. Фронталка, конечно, совсем печальна, но чему здесь удивляться) Все заявленные функции работают без сбоев. Приложения и игры не виснут (но надо заметить, что я особо не играю, но приложений стоит много). Шустрый, удобный. Экран яркий. Регулировка яркости так же присутствует. Отпечаток пальца не глючит. Соединение с другими устройствами проходят отлично, все видит. У меня в эксплуатации уже год и заряд до сих пор держит достойно. Заряжаю раз в сутки или два, при активном использование. В принципе, устроен легко и понятно. Рекомендую.",otzovik.com,otzovik.com,5.0,2020-01-10,https://otzovik.com/review_9292719.html,positive
"Достоинства: Может камера?
Недостатки: В 2020 году это уже даже не бюджет
Решил на ДР дочке купить смартфон. Поскольку ей исполнялось только 8 лет, смысла в покупке дорогого гаджета я не видел. На глаза попалась реклама интернет-магазина Хуавей/Хонор. Зашёл к ним на сайт, посмотрел самый дешёвый смартфон. Им оказался Хонор 7а. В ""подарок"" к нему шли проводные наушники хонор, якобы за 800р. Весь заказ с доставкой обошёлся в 6290. После 4-дней ожидания, начал искать свой заказ. На сайте магазина значилось; заказ доставлен. Почему никто об этом не сообщил и сколько бы ещё пролежал мой заказ в пункте выдачи - большой вопрос. На пятый день, наконец, забрал ""свой долгожданный"". И это при доставке из Москвы в Москву. На сайте магазина, в условиях о продаже и доставке, сказано, что заказ должен быть вскрыт и принят в присутствие курьера. Но где ж его (курьера) искать? Пришлось забрать так. К счастью, все цело и даже работает. Теперь о самом телефоне. Когда взял сей гаджет в руки, первое впечатление, что однажды один большой начальник компании Хонор, собрал инженеров и сказал: -""Так, ставлю задачу: на складах компании скопилось много лишних устаревших запчастей, собираем их в один телефон; назовем все это -хонор 7А. Первый вопрос, покупал телефон синий, но на деле спереди и сбоку он черный, без всяких вставок и т. п., синяя только задняя крышка. То есть. купите вы черный или синий разницы нет, он все равно будет для вас черным. Корпус целиком пластиковый, причем, пластик такого качества, что даже на ощупь понимаешь -""бюджет""... Загрузка приложений, после первого включения, происходит мучительно долго. Телефон поддерживает частоту 2,4 МГц (5Мгц не видит) поэтому, даже через WiFi, работает весьма медленно. Качество картинки тоже ""так себе"". Картинка, в основном, смазана, границы переходов цветов размытые. Звук динамика. Это, пожалуй, самый неудачный компонент данного устройства, он моно, голоса собеседников кажутся почему -то какими-то писклявым. Желание слушать музыку, через динамик, пропадает начисто. Антенны приема WiFi и сотового сигнала явно не самые дорогие. Сигнал сотовой связи пропадает при любом препятствии, заходишь в ванную, подъезд, лифт. На третий день с начала эксплуатации, стал пропадать WiFi на расстоянии более трёх метров от роутера. Пришлось скидывать телефон до заводских настроек и переключать канал передачи роутера. Основная камера, пожалуй, лучшее, что есть в этом телефоне. Для такой цены, снимает более или менее нормально, но только при хорошем освещении. Нет сканера отпечатков пальцев, но есть функция разблокировки по лицу, работает, тоже, только при хорошем освещении. На сайте магазина Хуавей /Хонор почитал отзывы о Хонор 7А. Ощущение такое, что все их писали туземцы, которые смартфона а руках отродясь не держали. Во всех отзывах щенячий восторг. Попробовал написать свой отзыв, гораздо мягче этого. После отправки отзыва, получил сообщение, ваш отзыв на модерации. Через неделю, не найдя своего отзыва на сайте интернет-магазина Хуавей Хонор, позвонил в службу поддержки. Там сказали, что ваш отзыв на модерации, а когда он ее пройдет не известно, так как сроки модерации не фиксированы. Я так думаю, что никогда. Вот и ответ на вопрос, почему все отзывы положительные. В итоге, я даже не знаю кому рекомендовать к покупке смартфон Хонор 7А...? Детям...? Старикам...? Наушники из ""подарка к телефону"", кстати, тоже, не поразят качеством звучания; верха и низа явно обрезаны. И вряд ли цена им 800 р: 250-300 максимум.",otzovik.com,otzovik.com,1.0,2019-12-11,https://otzovik.com/review_9156207.html,negative
"Достоинства: Много интересных фишек, которые, в принципе, могли бы и отсутствовать в телефоне такого ценового сегмента, но они ЕСТЬ, что не может не радовать... (например, ночной режим, защита зрения, FaceID, и т.п.)
Недостатки: Хотелось бы добавить на эту модель функцию быстрой зарядки и стекло, устойчивое к царапинам - но это так, мелкие придирки...:) В целом нареканий нет - все заявленные функции у него работают без сбоев, глюков и тормозов.
Сначала, когда выбирал телефон, почитав отзывы о Honor 7, я расстроился, т. к. всегда найдутся те, кого что-то не устраивает, но это так отталкивающе преподносится, что могу сказать так - ребята, если вы хотите от телефона за 6 тыс всего и сразу, наворотов, как в последних дорогих новинках, и камеры как у зеркалок - то такого не бывает! Не нужно покупать дешевый телефон и потом на 10 стр расписывать, какой он плохой - это глупо. Если хотите телефон помощнее и покруче, то тогда и будьте готовы за него заплатить не 6 тыс, а в 2, а то и в 3-4 раза больше... Этот телефон брал как рабочую лошадку, ну и чтоб прилично выглядел. До этого у меня тоже был Honor, и я тоже им доволен - именно поэтому и взял опять эту марку...",otzovik.com,otzovik.com,4.0,2019-12-05,https://otzovik.com/review_9124871.html,positive
"Достоинства: Очень прочный и даже без чехла и защитного стекла .
Недостатки: Мало памяти и все время сама заполняется непонятно из-за чего.
Довольно-таки неплохой телефон, есть конечно как плюсы, так и минусы, но в целом, смартфон хороший. для маленького бюджета очень даже хороший телефон. Рекомендую .",otzovik.com,otzovik.com,3.0,2019-12-02,https://otzovik.com/review_9103994.html,neutral
"Достоинства: Камера, скорость работы
Недостатки: Версия Андроид, стекло
Купил этот телефон в начале этого года, обошёлся он мне в сумму 6990р. Из плюсов за данную сумму данный телефон будет очень хорошим подарком другу, и себе на пользование. Понравился дизайн этого телефона очень маленькие рамки и большой дисплей. Лично для меня память размером 16Gb очень даже достаточно, но для мобильных геймеров он не подойдёт ведь многие 3D игры тоби ж шутеры гонки аркады и т. п будут зависать, но большая часть игрушек из PLay Маркета будут спокойно работать ведь количество оперативной памяти 2Gb. Батарея объёмом в 3020 мА*ч что хватает спокойно на день. Разрешение камера 13 Мпикс, разрешение фронтальной камеры 5 Мпикс, Частота 1.5 ГГц, также в нём 4 ядра. Не понравилась только версия андроид 8.0 Oreo и она стоит как начальная, также маленький минус очень хрупкое стекло сломал около края дисплея пальцем случайно.",otzovik.com,otzovik.com,4.0,2019-11-29,https://otzovik.com/review_9092819.html,positive
"Достоинства: Внешний вид Камера Цена
Недостатки: Батарея
Очень хороший телефон за свою цену. Очень нравится внешний вид, потому что в руках телефон выглядит дороже и красивее. Также приятно удивила камера, изображения довольно хорошие и чёткие, но батарея оставляет желать лучшего. Хватает на 5-6 часов",otzovik.com,otzovik.com,4.0,2019-10-23,https://otzovik.com/review_8913795.html,positive
"Достоинства: Красивый, удобный надёжный.
Недостатки: Корпус пластик
Простой а главное в нем есть все необходимое для работы и развлечений. Достаточно памяти, слот идёт уже удлинённый под две сим карты и флешку это очень удобно. Не тупит не висит. Конечно регулярно нужно подчищать его. Этот телефон скорее подходит для взрослого контингента людей. Так как молодёжь любит очень много интересных игрушек мне кажется он подвисать будет.",otzovik.com,otzovik.com,4.0,2019-10-09,https://otzovik.com/review_8850844.html,positive
"Достоинства: Лёгок в обращение понятен даже для пенсионеров. Удобно управлять одной рукой, хорошо срабатывает на команды.
Недостатки: Со временем начинает тупить, быстро изнашиваются динамики заряда хвотаеттолько на сутки.
Телефон хонор 7а нравится системой, дизайном, меню, скоростью, камера отлично работает и фронтальная, часто обновляется, радует своими обновлениями, удобен в пользование, хороший объем внутренней памяти.",otzovik.com,otzovik.com,4.0,2019-09-22,https://otzovik.com/review_8779854.html,positive
"Достоинства: Большой экран, Хорошее качество, хорошая камера.
Недостатки: Не обновленный тормозит.
Месяц назад купил этот телефон. По началу он тормозил, но мне посоветовали его обновить до последней версии. После обновление телефон стал летать. За свои деньги телефон хороший, хоть и слабоват. Камера снимает хорошо. Для ребенка телефон хороший, и поиграть можно в не тяжелые игры и посмотреть ютуб.",otzovik.com,otzovik.com,5.0,2019-09-17,https://otzovik.com/review_8760097.html,positive
"Достоинства: Цена, надёжность, неприхотливый.
Недостатки: Нет
Добрый день. Приобрёл данный телефон ещё в недалёком январе 2019 года. Тогда его стоимость составляла 7500 рублей. Телефон понравился своим качеством, хорошо тянет разные игрушки. Советую этот телефон тем, кто не любит сильно тратится на телефон, а взамен хочет получить хороший и надёжный агрегат)",otzovik.com,otzovik.com,5.0,2019-09-05,https://otzovik.com/review_8711221.html,positive
"Достоинства: Не нагревается, долго держит заряд, удобный интерфейс, красивый дизайн, приемлемая цена и достаточное количество памяти!
Недостатки: Минусов нет, так как телефон идеальный!
Телефоном пользуюсь более двух лет и очень довольна своим выбором! Данный гаджет держит заряд более суток, не греется при работе вообще, не глючит и не тормозит, очень удобен в использовании как детям, так и взрослым. Телефон на 2 симкарты, а так же есть место для карты памяти, все это очень удобно спрятано в боковом корпусе и легко в использовании.",otzovik.com,otzovik.com,5.0,2019-07-31,https://otzovik.com/review_8550099.html,positive
"Достоинства: Стильный, не дорогой, хорошо лежит в ладони, хорошая камера, батарея, много памяти, понятное и простое меню, хороший звук.
Недостатки: Безрамочным его конечно не назовёшь, хотелось что бы рамок не было совсем.
Отзыв: Телефон Honor 7а - Очень удобный и стильный, за не большие деньги. 24.07.2019 0 НЕДОСТАТКИ: Безрамным его конечно не назовёшь, хотелось что бы рамок не было совсем. Я купил смартфон honor 7a, и этот телефон мне очень понравился, понравился он мне тем что стоит он всего лишь 8 500 рублей и за такую цену этот телефон очень классный, камера 13 мп, а передняя 5, андроид 8.1.0,4 ядерный процессор, операционная память 2 Гб, а внутренняя 16 Гб, батарея 3000 ампер, казалось бы мало, но зарядку держит хорошо. Этот телефон очень удобный и компактный, в руке держится хорошо и большим пальцем можно достать везде, динамик громкий, чёткий, меню очень удобное всё понятно и просто, телефон не виснет, не тупит, работает быстро и чётко и хотя прошло уже много времени он по прежнему работает отлажено, насчёт дизайна этот телефон красивый, экран без рамный, хотя рамки можно было бы ещё убрать как на honor 8x к примеру, там рамок вообще нет, что очень круто. Я всем советую покупать honor 7a, хороший телефон за небольшие деньги, побольше бы таких телефонов.",otzovik.com,otzovik.com,5.0,2019-07-24,https://otzovik.com/review_8514668.html,positive
"Достоинства: Работоспособный, хорошая камера
Недостатки: Экран сильно яркий даже при уменьшение яркости
Этот смартфон мне подарили на день рождения, я был просто в восторге!!! Хороший и красивый дизайн, многофункциональный, хорошая камера. На мой взгляд такой смартфон подойдёт как ребёнку, так и взрослому. Все игры тянет на 100%, удобно смотреть фильмы или читать электронные книги. Очень неплохо держит заряд батареи( хватает примерно на 3-4 дня), зарядка так же быстрая. Минусов у такого смартфона очень мало, но для тех кто с телефонами очень осторожен подойдёт несомненно. Одно время было такое, что очень сильно нагревается, я стал переживать, было страшно по долгу сидеть за играми или просто смотреть видосы, но потом понял, что всё дело в чехле. Короче говоря советую всем!!! (хороший подарок на день рождения либо Новый Год)",otzovik.com,otzovik.com,5.0,2019-07-22,https://otzovik.com/review_8504112.html,positive
"Достоинства: камера с экраном хорошие
Недостатки: Маловато оперативной памяти и процессора
За 7 тыс можно найти и лучше смартфон, Мало процессора и оперативной памяти. Обновления приходят которые гробят смартфон. Вытаскивает его из грязи, это хороший экран и камера с батареей, А остальное такое себе.",otzovik.com,otzovik.com,3.0,2019-07-16,https://otzovik.com/review_8479622.html,neutral
"Достоинства: Не дорогой,камера, все что надо есть.
Недостатки: Не нашли
Купили ребенку 8 лет по акции. И мы и ребенок довольны полностью. Камера отличная. Быстрый сенсор. Родной памяти хватает и на музыку, и на игры. Зарядку держит при интенсивном пользовании сутки. Если только звонки, то около 5 дней. Но это понятно пока новый. И все это всего за 6000. Придраться пока не к чему.",otzovik.com,otzovik.com,5.0,2019-07-08,https://otzovik.com/review_8441483.html,positive
"Достоинства: Камеры, звук из динамика, дисплей, батарея
Недостатки: Нет
Пользуюсь телефоном уже практически год. Телефон действительно стоит своиз денег и не вызывает никаких нареканий. Никаких глюков, вылетов. Зарядки при активном использовании хватает на 6-7 часов. Дисплей большой и яркие. Очень удобно играть. Звук из динамика отличный. Радует встроенный эквалайзер. Камеры хорошие, чёткие. Никаких упрёков к телефону не имею. Советую всем.",otzovik.com,otzovik.com,5.0,2019-01-14,https://otzovik.com/review_8193110.html,positive
"Достоинства: Плюсов очень много, не перечислить.
Недостатки: Быстро нагревается, не вывозит некоторые игры.
Тянет игры на минимальных настройках в 20-40 кадров в секунду. Работоспособный, но нагревается. Удобный интерфейс. Приходят уведомления на обновление системы безопасности. У самого такой, мне нравится. Цена от 6500 рублей до 8000 рублей. Советую брать, но не надолго.",otzovik.com,otzovik.com,4.0,2019-01-07,https://otzovik.com/review_8160233.html,positive
"Достоинства: Дешёвый, красивый, неплохая камера
Недостатки: Мало памяти, нет NFC и сканера отпечатка пальца
Здравствуйте, очень хороший телефон, с такими плюсами, как: -Хороший дизайн -Неплохая камера -Хорошо смотрится -УДОБНО лежит в руке -Долго держит заряд -Дёшево стоит Но есть множество недостатков, таких как: -Нет NFC -Через раз фключается фонарик -Нет отпечатка пальца -Мало памяти -Иногда тупит, приложения вылетают -Сильно нагревается Девайс действительно не плохой, но не подходит для сложной работы с телефоном. А так, ребёнку очень подойдёт. Удачного использования!",otzovik.com,otzovik.com,4.0,2019-03-28,https://otzovik.com/review_7963828.html,positive
"Достоинства: Камера, тонкий, изящный, много памяти
Недостатки: Нету
Купила на днях эту модель телефона, и совсем не пожалела. В руке держать удобно, тонкий, красивый. В меню есть всё необходимое для человека. Программы, социальные сети, игры. Работает на две сим карты, что очень удобно. И для работы и основной номер. Заряд держит примерно до семи часов, активного пользования. ИТОГ: СОВЕТУЮ ВСЕМ, НЕ ПОЖАЛЕЕТЕ",otzovik.com,otzovik.com,5.0,2019-03-27,https://otzovik.com/review_7957399.html,positive
"Достоинства: Если кратко то камера, заряд батареи, так же не глючит как это бывает в других ленейках данной модели.
Недостатки: Очень часто выбрасывает меню сим карты, это очень сильно раздражает, особенно когда делаешь что-то важное. А так больше минусов нет
Особо хочу отметь в данной модели камеру, очень хорошее качество Так же хорошо держит батарея, я поставила его заряжается на ночь и потом весь день пользовалась. Постоянно был включён интернет, яркость на всю стояла, тем не менее продержался весь день",otzovik.com,otzovik.com,4.0,2019-03-27,https://otzovik.com/review_7952847.html,positive
"Достоинства: Задняя камера 13мкпс,размер не большой и не маленький.хорошо держать в руке. Собственно все.
Недостатки: Передняя камера не очень. Динамик плохой. Зарядка садится быстро. Начинаешь играть в игры телефон начинает тупить.
Пришлось купить этот телефон, так как мой самсунг умер, а тел нужен был срочно и денег было не много. Покупали за 7 с чем то. Но обошлось в 8 тыс так как чехол стоил 800 руб. Ну если у кого то нет средств покупать дорогой, то этот телефон пойдёт, он такой бюджетненький. Для сидения в соц сетях пойдёт. Но зарядки хватит не на долго.",otzovik.com,otzovik.com,3.0,2019-03-15,https://otzovik.com/review_7889365.html,neutral
"Достоинства: Хорошая батарея Большой экран Камера
Недостатки: Не нашёл
Очень хороший смартфон. Пользуюсь уже месяц, пока все работает. Покупайте смело! P. S. Докупайте флешку, потому что памяти в смартфоне маловато(16 гб) .",otzovik.com,otzovik.com,5.0,2019-03-13,https://otzovik.com/review_7877194.html,positive
"Достоинства: Хорошее качество фото и видео съёмки, интернет 4G.,громкий звук,большой яркий экран,недорогая цена.
Недостатки: нет наушников в комплекте.
Телефон Honor 7A-это сочетание в себе невысокой цены и хорошего качества. По сравнению с другими телефонами ценовой категории до восьми тысяч рублей- поверьте, у этого телефона самая лучшая камера ( я долго в салоне выбирала). Телефон имеет безрамочный экран FullViel, камеру заднюю - 13 мп., переднюю - 5 мп. Двойная сим-карта+слот для SD карты. Телефон неплохо держит заряд, учитывая, что я много времени провожу в интернете. Интернет 4G- быстро грузится. Имеет 2 гб-оперативной и 16 гб.- встроеной памяти. Не знаю как для других, а мне маловато. Телефон прост в обращении. Экран хорошо откликается, без усилия. Динамик громкий. Приятные мелодии на ""будильнике"". Но самое главное - это то, что мой собеседник хорошо и чётко меня слышит, а я его, при разговоре. Качество картинки тоже радует.",otzovik.com,otzovik.com,5.0,2019-02-21,https://otzovik.com/review_7767587.html,positive
"Достоинства: Хорошая камера, быстрая зарядка, громкий звук
Недостатки: Гнездо под зарядное устройство, лучшее сделали бы с боку
Здравствуйте хочу рассказать вам про эту модель. Телефон довольно шустрый, камера хорошая 18пксл, качество фото и видео съёмки на высшем уровне, даже скажу не каждый телефон так снимает за более высокую цену чем у этого смартфона. Порадовала так же и фронтальная камера селфи получаются на ура. Хорошо держит заряд батареи, это при том что он заряжается всего 2,30 часа, родная память 16 гб што тоже мне очень понравилось. Телефон не глючит, не тормозит. За счёт оперативной памяти 2гб на нём можно как говорится лететь в космос, для работы тоже нужная вещ. Телефон удобный, лёгкий в руке хорошо помещается никакого дискомфорта не испытываешь. Ещё порадовал телефон своим звуком, я включаю музыку такое ощущение как будто я слушаю через калонку. Впрочем телефон по своей цене очень даже достойный смартфон на этот год.",otzovik.com,otzovik.com,5.0,2019-02-15,https://otzovik.com/review_7731540.html,positive
"Достоинства: Качественный смартфон
Недостатки: нет nfc
Очень хороший смартфон, пользуюсь уже второй месяц, радости нет предела. Приобрел за 7.490руб. Изминусов могу отметить нет NFC, быстрой зарядки, хотя какая там быстрая зарядка за 7 000руб. В комплекте был, штекер для зарядки на 1 ампер, кабель длиною 1 метр, инструкция, скрепка, нуи все вроде бы. Что хочу отметить память 16гб, что вполне нормально, 2гб ОЗУ, в играх показывает телефон хорошо, не греется не тормозит, не вылетает. Плюсы экран 5.45не большой не мальнький как говорится, два слота под сим карту и один под флеш накопитель, камера 13мп (задняя) передняя точно не помню... но снимает не плохо. Заряда со 100%держит часов 6 активного пользования, что вполне хороший показатель, сам смартфон весит грамм 160, удобно лежит в руке, но скользкий, лучше пользоваться с чехлом. Советую тем кто хочет купить бюджетный телефон, которые не сломается на следующий день.(Фото с задней камеры)",otzovik.com,otzovik.com,4.0,2019-02-13,https://otzovik.com/review_7725510.html,positive
"Достоинства: Цена, вид.
Недостатки: Нет
Не зря, поверьте, honor сравнивают с техникой Apple. Этот телефон можно смело покупать. Красивый, а главное приятный вид, интерфейс. Телефон не самый мощный, но тем не менее это его не портит. Экран у меня разбился не сильно, я уронила его на лед. Да и то, перед этим он пережил 20 падений. Камера хорошая. Фронталка тоже.",otzovik.com,otzovik.com,5.0,2019-02-13,https://otzovik.com/review_7725283.html,positive
"Достоинства: Быстрый, удобный.
Недостатки: Нет
Этот телефон мне подарил муж на день рождения. Спасибо ему за это. Телефон замечательный. Камера отличная. Всегда ловит сеть, даже в трудно доступных местах и вдали от города.",otzovik.com,otzovik.com,5.0,2019-02-09,https://otzovik.com/review_7697738.html,positive
"Достоинства: Стильный, хорошая камера,отличный экран, доступная цена.
Недостатки: Не очень хорошая макро съемка
Добрый день! Не за долго до Нового 2019 года приобрела в магазине ""Связной"" телефон Honor 7A (золотистый). Его цена составила около 7 тысяч рублей.(Плюс стекло и чехол-книжка - вышло около 9000 руб). Покупкой я очень довольна. Основная камера на 13, достаточно хорошо снимает(а фотографирую я в основном своих детишек в движении). Две сим карты и слот для флеш-карты (очень удобно). Опять же оговорюсь, что за такую цену в телефоне все устраивает. Конечно хотелось бы получше камеру, емкость аккумулятора и скорость отклика. Удобно лежит в руке, встроенной памяти достаточно, цветопередача и угол обзора отличные. После предыдущего телефона другой фирмы - я в восторге от Honor 7A. Если бюджет ограничен 7-8 тысячами, то этот телефон точно подойдет.",otzovik.com,otzovik.com,5.0,2019-02-08,https://otzovik.com/review_7694173.html,positive
"Достоинства: Фотокамера, видео, заряд, интеллект
Недостатки: Экран не самый большой
Здравствуйте. Хочу поделиться своими впечатлениями о телефоне, который покорил моё сердце. Сегодня в магазинах огромный выбор смартфонов и разных гаджетов. Но я давно заметила, если телефон дорогой, это совсем не значит, что он хороший. Сравниваю всегда параметры всех моделей и выбираю. Так я купила honor 7А. По характеристикам он не уступал более дорогим смартфонам, хотя имел приемлемую цену 7500. Отличная камера, видео без кубиков, яркий дисплей, быстрый подзаряд батареи, а самое главное, умный мозг. Прошло уже три месяца использования данной модели, но телефон ещё ни разу не лагал, даже намёка на это не было. Что меня очень радует. Могу сказать, что это лучший смартфон, который был у меня. А я покупала телефоны и в 4 раза дороже!",otzovik.com,otzovik.com,5.0,2019-01-27,https://otzovik.com/review_7618012.html,positive
"Достоинства: Безграничный экран. 16 гб памяти. Камера основная 13 мп, и фронтальная 5мп
Недостатки: Тихий динамик.
Здравствуйте уважаемые читатели моего отзыва. Я пользуюсь этим устройством уже полгода лично по мне так телефон нормальный. У него 16 гб. памяти и достаточно хорошая батарея хватает на пол дня без прерывнго пользования. Андроид 8.1,4-ёх ядерный процессор. Если кто знает игру PUBG То на минимальных настройках она не зависает. Есть сканер лица. Основной динамик расположен где и разговорный, он не очень громкий и в толпе одноклассников его будет почти не слышно. Иногда он греется и может поискать но не очень долго канешно он не сравнится с другими устройствами компании honor но для звонков и игушек подходит. А так вроде на этом все всем спосибо надеюсь мой отзыв вам помог. Удачи!",otzovik.com,otzovik.com,5.0,2019-01-18,https://otzovik.com/review_7572213.html,positive
"Достоинства: - приятная цена - тонкий корпус - широкий экран, телефон удобно лежит в руке - неплохая камера - поддержка OTG - андроид 8.0
Недостатки: За такую цену - их просто нет.
Чуть больше года назад я уже писала отзыв о смартфоне - очень бюджетном, простом и надежном. Но время не стоит на месте и реальность оказалось такова, что мне срочно понадобилась нормальная камера. Отдельно покупать фотоаппарат не имело смысла, поэтому перед Новым годом я решила сделать себе подарок и купила новый смартфон. Выбор пал на Honor 7A DUA-L22. Пользуюсь почти месяц, поэтому впечатления: телефон относительно легкий, тоненький (что одновременно и плюс и минус), удобно лежит в руке, отзывчивый, шустрый, батареи хватает на 2-3 дня не очень интенсивного использования (интернет, звонки, легкие игры). Камера из-за которой собственно и приобретался телефон также оставила только приятные впечатления. Внутренней памяти маловато, но все лечится установкой карты памяти. Экран широкий, достаточно яркий (по мне так даже излишне яркий, убавляла вручную), кнопки большие, текст крупный. Также очень импонирует, что смарт поддерживает функцию OTG. Из минусов - куча предустановленного мусора, который впрочем легко удаляется, отсутствие нормальных аксессуаров. Но я могу сказать, что в принципе, это даже не минусы - так, досадные мелочи. Для 7,5 тысяч рублей - это очень и очень хороший телефон.",otzovik.com,otzovik.com,5.0,2019-01-16,https://otzovik.com/review_7561496.html,positive
"Достоинства: Связь.дизайн,качество
Недостатки: нет
Модель без всяких наворотов, нет технологий искусственного интеллекта и тд, но за такую стоимость и не должно быть. Смартфон бюджетный его часто берут в подарок детям или покупают люди которым не нужны высокие технологии, но которые хотят серфить в интернете и при этом иметь качественный девайс. Качество связи как всегда у honor на высшем уровне и это модель не исключение. Камера снимает достаточно хорошо. Заряд держит на протяжении 4-х часов активного пользования. Рекомендую к покупке!",otzovik.com,otzovik.com,5.0,2018-12-16,https://otzovik.com/review_7404355.html,positive
"Достоинства: Цена,не плохой дизайн
Недостатки: Проблемы с картой памяти и мелкие глюки.
Пользуюсь этим телефоном 3 месяца. С начало все было хорошо не считая мелких глюков в приложениях. Но потом телефон перестал читать флеш карту. Данная проблема возникает и исчезает по неизвестным мне причинам. Так что телефон в принципе не плохой, но луче поищите другой.",otzovik.com,otzovik.com,3.0,2018-12-13,https://otzovik.com/review_7393357.html,neutral
"Достоинства: Хороший дисплей, тонкость, а это признак элегантность, прочный и хороший телефон
Недостатки: Порой бывают глюки, иногда не чёткая камера и долгий фокус, ну и конечно же иногда вылеты из приложений.
Купила 4 месяца назад, за это время и падал и и ударялся и швырялся везде, но ни одной трещины нет-следовательно прочный. Не выключается на холоде, так же на жаре-следовательно надёжный. И конечно что очень важно в телефоне это функциональность, сразу скажу это зависит не только от телефона, но и от вас, у меня например глюки бывают, но очень очень редко.",otzovik.com,otzovik.com,5.0,2018-12-06,https://otzovik.com/review_7354641.html,positive
"Достоинства: Множество
Недостатки: Камера
Пользуюсь этим телефоном на протяжении месяца. Всё устраивает, но камера, как и у всех андроидов-специфическая. Не самый мощный телефон, но для активной жизни в социальных сетях достаточно. Заряд держит на протяжении дня. Самое главное, что экран очень большой и удобный. Советую!",otzovik.com,otzovik.com,4.0,2018-09-29,https://otzovik.com/review_7028747.html,positive
"Достоинства: Не тормозит, камера отличная.
Недостатки: Минусов пока для себя не обнаружила.
Телефон очень хороший. Стоимость не высокая для такого аппарата. Камера яркая, фото и видео получаются отменного качества. Все приложения работают хорошо. Телефон не виснет. Игры просто летают. Очень понятный, не сложный в обращении. До этого у меня был Самсунг, он пробыл у меня 4 года, изжил конечно свое, но Хонор 7 А меня порадовал. Буду советовать друзьям.",otzovik.com,otzovik.com,5.0,2018-09-29,https://otzovik.com/review_7028346.html,positive
"Достоинства: Работоспособность, скорость.
Недостатки: Долго включается
Решил попробовать купить хонора и не пожалел, давольно таки не плохой телефон, и не тормозит, работает очень даже не плохо... Так что советую брать и не дорогой причем",otzovik.com,otzovik.com,5.0,2018-09-03,https://otzovik.com/review_6922532.html,positive
"Достоинства: Шустрый, Модный.
Недостатки: Батарея.
Снова всем здраствуйте. Сегодня расскажу о своём телефоне Honor 7А. Телефон мне подарили 6го июля. И я им доволен. Шустрый, Красивый Honor мне подошёл. Не смотря на память и аккумулятор, телефон в поле годный. Я по своему роду Геймер, (Любитель поиграть в игры) на этом телефоне я играю в Kick the buddy, asphalt nitro, plants vs zombies. Теперь про скорость. Процессор медиа тек на 1,8 ГЦ справляется с заданием. Всем советую.",otzovik.com,otzovik.com,4.0,2018-08-29,https://otzovik.com/review_6900635.html,positive
"Достоинства: Экран, интернет, удобно в руке лежит.
Недостатки: Динамик, аккумулятор.
Покупал в 2019 году 2/32гб, пользовался 2 с лишним года пока смартфон не начал тормозить, и с правого боку экран начал выгорать. В своё время хороший смартфон был. Сейчас он стоит около 4000 рублей, для интернета и небольших задач вполне хватит его. Из плюсов цена качество я бы отметил камера для бюджетника неплохая, экран небольшой, но разрешение и цветопередача на высоком уровне, откликается хорошо. Шустрый интернет. Сам телефон небольшой очень удобно лежит в руке. Из минусов тоже можно сказать про тихий динамик, печатать неудобно, слишком маленькие буквы на клавиатуре. Аккумулятор можно было бы чуть больше емкостью сделать. Включает тормоза если включаешь приложение выше среднего. Для своего времени телефон отличный, с каждым годом мощности увеличиваются, смартфоны быстро устаревают. Если денег особо нету, телефон как повседневная рабочая лошадка подойдет если его не перегружать.",otzovik.com,otzovik.com,4.0,2023-08-06,https://otzovik.com/review_15042987.html,positive
"Достоинства: маленький и приятно сидит в руках
Недостатки: Мало памяти Не тянет половина игр Слабый очень телефон
Не стоит его брать ребят. Начнет лагать через год пользования. Цена 7 тыс это даже очень много для него. Тупо один год отходил и все ...",otzovik.com,otzovik.com,1.0,2023-08-02,https://otzovik.com/review_15026977.html,negative
"Достоинства: Удобно держать одной рукой даже подростку, прочный.
Недостатки: Немного долго думает, звук (не лучшее решение, что динамик сверху)
Телефон работает адекватно года 3-4. Потом уже конечно его нужно поменять на что-то более стоящее. Игры 2018 года тянул отлично, не лагало особо меня очень устраивало. В 2023 его уже не целесообразно использовать потому что, он слаб. Даже после сброса до завод. настроек он уже не работает и не летает как раньше (приложения сразу не открывается короче ничего не изменилось). Летал через всю комнату, падал, но ни одной царапины на экране (потому что использовалось защит. стекло). Аккумулятор потерял свою ёмкость он её впринципе держит, но в спящ. режиме сам разряжается. Его включаешь, а там 20% уже.",otzovik.com,otzovik.com,4.0,2023-07-23,https://otzovik.com/review_14988273.html,positive
"Достоинства: Плюсы только в том что он с виду красивый, плюсов больше нет.
Недостатки: Минусы: не идут приложения, качество плохое и так далее.
Подарили мне телефон на день рождения, honor 7, в первый день использования я радовалась, но спустя неделю, я поняла что радоваться нечему, потому что игры не идут ВООБЩЕ, а если идут то ОЧЕНЬ плохое качество и очень заторможеная игра. Так как мне его подарили, я не знаю сколько он стоил, но наверняка дешево, раз вот такой телефон. Про качество на камере вообще молчу. В общем, телефон мне не понравился от слова совсем.",otzovik.com,otzovik.com,2.0,2023-01-16,https://otzovik.com/review_14729140.html,negative
"Достоинства: Яркий дисплей, удобное пользование
Недостатки: Хрупкое стекло, плохой динамик, глючит
Прослужил два года с натяжкой, спустя месяц после покупки стал зависать, памяти очень мало, не хватает для скачивания необходимых приложений, дисплей быстро разбился, упав на пол.",otzovik.com,otzovik.com,3.0,2023-04-18,https://otzovik.com/review_14624274.html,neutral
"Достоинства: Довольно большой экран
Недостатки: Динамик, медленный процессор.
Начнём с того, что внутренней памяти всего лишь 16гб, а оперативной 2гб. По началу всё прекрасно, но спустя пол года начал очень сильно глючить, сбросил настройки, помогло, но не надолго. Телефон приятно лежит в руке, лёгкий. Ёмкость аккумулятора очень маленькая (3020 MA*h). Камера всего лишь 13 Мпикс, но цвета передаёт довольно неплохо. Модель процессора МТ6739(меленный). Большой экран при небольших габаритах смартфона. Динамик один и очень тихий. При запуске игр, по типу PABG, телефон очень сиьлно нагрелся и не давал комфортно играть, порой от перегрева отключался или перезагружался. Телефон такой себе, не советую к приобретению.",otzovik.com,otzovik.com,3.0,2023-02-13,https://otzovik.com/review_14326046.html,neutral
"Достоинства: не совсем пиксельная камера
Недостатки: мало помять 16гб старый дизайн
Самый странный телефон в моей жизни. Динамик очень плохой и только возле уха. Иногда зависает. Внешний вид у данной модели очень старый, могло бы быть и лучшие.",otzovik.com,otzovik.com,3.0,2023-01-26,https://otzovik.com/review_14249570.html,neutral
"Достоинства: Быстрый!Вай фай ловит очень хорошо!Блютуз!Две симки имеет-это очень удобно!
Недостатки: Нет
Смартфон Huawei Honor 7A я купила два года назад... Мне хотелось чтобы выполнял все подходящие функции для меня-пенсионера. То есть-социальные сети-Одноклассники и в контакте, сбербанк онлайн, авито, калькулятор, ватсап! Все это у меня есть! очень прост в работе! Быстро открываются страницы!!! Имеет две симки!!! Я оченьдовольна!!! Всем рекомендую этот смартфон!!!",otzovik.com,otzovik.com,5.0,2023-01-12,https://otzovik.com/review_14198342.html,positive
"Достоинства: Камера отличная , экран средненький , стоимость не режет глаза, зарядка хорошо держится. Если есть ребёнок, который регулярно разбивает телефоны, то вариант отличный.
Недостатки: Памяти не так много(сугобо моё мнение), 16 гб мне не хватает, поэтому ещё 16 гб это SD-карта.
Что ж приступим:) Если говорить о том, какой окрас лучше выбрать(их несколько), меня лично устроил золотистый. Телефон после прошлых мои смартфонов меня в полне устраивает. Камера сохраняет качество и делает отличные снимки. Я несколько лет назад визжала, когда мне его подарили.(просто факт), поэтому здесь уже ваше решение брать или нет. Существенных минус, именно я не вижу. Некоторые проблемы с чехлом, но это сущие пустяки. Объяснение: мне довольно сложно найти чехол, который нужен именно мне. То есть в обычных магазинах не найдёшь чехол с подходящей расцветкой. Но думаю это не беда, по сравнению с какими-то проблемами с самим телефоном(например:батарея)",otzovik.com,otzovik.com,5.0,2022-11-17,https://otzovik.com/review_14004039.html,positive
"Достоинства: Средняя стоимость, поддержка sd и SIM карт, фотографии хорошие
Недостатки: Памяти не очень много, авто обновление всех приложений, если же все таки случается так что памяти совсем нет, то он уходит на перезагрузку
Я купил этот телефон за 5000 рублей в Связном и был приятно удивлён тем что в телефоне есть поддержка sd и SIM карт, второй плюс это то что тут много памяти, третий плюс заключается в качестве фотографий сделаных на этот телефон они хорошие. А теперь минусы, первый минус это то что если у вас подключён интернет или WI-FI то у вас будут все приложения обновляться даже те которыми вы не пользовались и вам приходится заходить в Play Market и самому отключать все авто обновления, второй минус заключается в том что хоть памяти и много но она всё же заканчивается и после сам уходит на перезагрузку, а после того как он перезагружается у вас контакты с SIM карты удаляются, причём все и необходимо откатывать его до заводских настроек.",otzovik.com,otzovik.com,4.0,2022-11-02,https://otzovik.com/review_13947315.html,positive
"Достоинства: Нет
Недостатки: с временем теряет свою работоспособность
Мне не нравится этот телефон, купили мне его на скидке, уже после года начались проблемы, сначала было мало памяти, но при этом я ничего не скачивала, потом он сам закачал вирус, на 2 год он просто начал тормозить",otzovik.com,otzovik.com,1.0,2022-08-04,https://otzovik.com/review_13652066.html,negative
"Достоинства: Нету
Недостатки: Не оптимизирован , лагучий
Покупал этот телефон в 2019 году, сначало он казался вполне неплохим, но через полгода я понял что такое худший телефон из линейки honor, он начал жутко лагать, производительность была на нуле, также он переодический выключался",otzovik.com,otzovik.com,2.0,2022-03-26,https://otzovik.com/review_13218270.html,negative
"Достоинства: Доступность.
Недостатки: Нехватка памяти.
Сначало в первый год телефон очень даже хороший, но потом начинаются дикие лаги, и не хватка памяти, все игры лагают, лагают даже обычные сайты по типу ""Электронный школьный дневник"" телефон ужасный.",otzovik.com,otzovik.com,3.0,2022-02-23,https://otzovik.com/review_13111886.html,neutral
"Достоинства: красивый корпус
Недостатки: Лагает, мало памяти
Телефон слабый, памяти мало, ужасно глючит, но довольно хороший дизайн корпуса за свою цену 6к телефон более менее, но а если покупать для потребления контента, то он ужасный",otzovik.com,otzovik.com,2.0,2022-02-11,https://otzovik.com/review_13059580.html,negative
"Достоинства: Прочный
Недостатки: Мало памяти
В моём опыте пользования мне не понравилось что он постоянно подлагивает. У меня почему-то в играх он не поддерживает 2 пальца это очень бесит. На счёт игр с ''комфортом'' можно играть например в dead space или последнюю версию майнкрафта. На счёт камеры претензий нет. Памяти ОЧЕНЬ мало из заявленных 16 свободно всего 5-4 гига.",otzovik.com,otzovik.com,2.0,2022-02-05,https://otzovik.com/review_13032347.html,negative
"Достоинства: Цена
Недостатки: Тихий динамик, батарея
Доброго времени суток дорогие друзья, Хонор 7а просто нормальная звонила, и зайти в соц сеть, динамик один и тот тихий, батареи хватает на день, на моём хоноре часто пропадала сеть, камера не очень, если уж брать то лучше хонор 7а про",otzovik.com,otzovik.com,3.0,2022-02-02,https://otzovik.com/review_13018717.html,neutral
"Достоинства: Красивый и аккуратный , удобный в пользовании
Недостатки: Памяти мало, не очень крепкий
Купили телефон в марте/апреле 2020 года. Мне он очень понравился, хороший, не большой, думала даже крепкий, потому что падал он у меня достаточно раз и оставался целый, но потом упал на асвальт с высоты 30см и разбился, очень жаль и потом уже пошли все остальные трещины. Поэтому советую если будете этот телефон, сразу покупать чехол, который я тоже покупала но потом сняла и ставить защитное стекло Камера не плохая, но за свои деньги нормально. Телефон не заедает, а работает наоборот хорошо. Главный минус это память её 16гб и если нет карты памяти это очень мало и не удобно, постоянные уведомления что её нету! На холоде - 20, -30 бывает зарядка падает с молниеномтой скоростью.",otzovik.com,otzovik.com,4.0,2022-01-28,https://otzovik.com/review_12993615.html,positive
"Достоинства: Цена Дизайн
Недостатки: Память Медленный
После поломки старого телефона, пришлось поспешно искать замену, в это время бюджет был не в очень хорошем положении. Купил примерно за 6000 рублей. В первое время было даже все классно. Но ОЗУ совсем не хватает, так и основная память не ахти. Примерно после пол года использования, телефон начал подлагивать, иногда вовсе не отвечать. Заряда хватает на день, максимум. Быстрой зарядки нет, но это понятно уж, самый бюджетный телефон. Память быстро заполняется. Полностью рекомендовать к покупке не буду, однако вполне бюджетный вариант для соц. сетей, но не для игр. Довольно медленный, иногда приходиться ждать минуту, чтобы открылось приложение.",otzovik.com,otzovik.com,4.0,2022-01-24,https://otzovik.com/review_12972386.html,positive
"Достоинства: Очень хорошо работает.
Недостатки: Уронил в лужу теперь при разговоре меня хуже стали слышать.
Приобрёл я этот смартфон больше года назад и он мне я вам скажу нравится. Он стоит своих 6500 рублей. Понятно что это средний вариант но перед ним у меня был BQ за 5000 и у меня есть с чем сравнить. Тот BQ зависал постоянно при любой попытке что либо запустить. Это же Хонор чётко работает, все приложения запускаются хорошо, камера средняя нормальная. Советую как бюджетный вариант.",otzovik.com,otzovik.com,5.0,2022-01-20,https://otzovik.com/review_12955954.html,positive
"Достоинства: Стоимость, камера, батарея
Недостатки: Память, внешний вид
После небольшой подработки встал вопрос о недорого, но производительном телефоне(впрочем, как хотят все). Взгляд пал на honor 7A. Комментаторы советовали его взять, выделяя главным плюсом цену. Купил телефон за 6 тысяч рублей. Ожиданий больших не было. Но по началу он превзошёл все ожидания. Достаточно хороший процессор, камера. Большим плюсом стала батарея. Её хватает на 7-8 часов. Внешний вид соответствует сумме телефона. Корпус крепкий, внешне ничем не Примечательно. Но существенным минусом стала память. Её не хватает совершенно. В итоге, за свои д еньги - топ, но для постоянного пользования аппарат слабый.",otzovik.com,otzovik.com,4.0,2022-01-17,https://otzovik.com/review_12942061.html,positive
"Достоинства: Память, камера. Nfc
Недостатки: Рамки
Этот телефон сначала был у меня, а потом мы купили его отцу. Он говорил что это го хороший телефон. Там 32 гб памяти. Лично для меня, это мало. Но отцу нравилось, но со временем ему не стало мало. На счёт камеры она там средняя. Есть 1 большой плюс, это nfc. На то время это было шикарно. Во общем телефон за свою цену не плохой.",otzovik.com,otzovik.com,4.0,2021-11-19,https://otzovik.com/review_12692213.html,positive
"Достоинства: Компактный
Недостатки: Мало оперативной памяти
Honor 7A бюджетный смартфон, небольшого размера, в цвете черный, золото. В использовании более года, желания приобрести такой же нет. Очень мало оперативной памяти, камера средняя, фото не очень четкие, картинка желает лучшего.",otzovik.com,otzovik.com,4.0,2021-11-15,https://otzovik.com/review_12675268.html,positive
"Достоинства: Дешевая цена
Недостатки: Быстро садится аккумулятор
Телефон для своей цены хорош батарею держит плохо памяти очень мало засоряется очень быстро. Подлаивает если установлено худобы 2 приложения. Что бы посидеть в вк и тик ток пойдет .",otzovik.com,otzovik.com,3.0,2021-10-22,https://otzovik.com/review_12573219.html,neutral
"Достоинства: Неплохие технические характеристики, оперативная память на 16 ГБ, хороший дисплей, долго держится заряд батареи
Недостатки: Много зависает
Смартфон Honor 7A является неплохим вариантом. Достаточно низкая цена и неплохие параметры устройства привлекли мое внимание. Я купил этот телефон около года назад. Бюджет тогда у меня был ограничен, и я решил поискать достойный и недорогой вариант телефона. Выбор пал на Honor 7A. Взял я его за относительно недорогую цену. Также мне понравились его технические характеристики. Его характеристики позволяют устанавливать и пользоваться многими программами и играми. Для тех у кого небольшой бюджет, и вы ищите достойный смартфон с неплохими техническими характеристиками, то мой вам совет - берите Honor 7A.",otzovik.com,otzovik.com,4.0,2021-10-06,https://otzovik.com/review_12508055.html,positive
"Достоинства: Быстрая зарядка
Недостатки: Мало памяти
Данным смартфоном пользовалась около двух лет, по началу все нравилось, а через год, начал немного подвисать из за недостатка памяти. Стал плохой звук в динамике. Игры плохо тянет, но для серфинга в интернете хороший вариант. Сейчас пользуюсь им по работе, вполне все устраивает. Хорошо подойдет для детей, школьников и фрилансеров новичков. Для звонковзвонков отличная альтернатива. Зарядки надолго не хватает, сначало хватало на день, а после заряжала по несколько раз в день. После завершения звонков иногда сам набирает другие номера. Экран тусклый. Камера не очень, но сделать снимки можно. Для тех кто любит фотографиии не советую",otzovik.com,otzovik.com,4.0,2021-09-25,https://otzovik.com/review_12462589.html,positive
"Достоинства: Удобный в использовании. Компактный по сравнению с другими версиями смартфонов. Хорошая цветовая палитра экрана.
Недостатки: При длительном использовании телефон может быстро сесть. Плохая видимость на солнце.
Данный смартфон отлично подходит для работы, звонков и развлечений. Имеет качество экрана 1440x720 пикселей. Хороший аккумулятор на 3020 mAh. Разрешение основной камеры тут 13 мегапикселей, а фронтальной - 5 мегапикселей. Количество встроенной памяти составляет 32 Gb, а кол-во максимального объема карты памяти составляет 256 Gb. Есть возможность поставить две сим-карты. Поддержка 3G/4G.",otzovik.com,otzovik.com,4.0,2021-09-21,https://otzovik.com/review_12448202.html,positive
"Достоинства: Не ломается можно сказать nokia3310 на минималках хорошо переносит вирусы короче подходит для людей которые не любят играть в игры.
Недостатки: Спустя два года разрежается махом зарежается очень медленно.
Мне купили этот телефон когда я им пользовался он был хорошим спустя год, он стал тормозить, быстро разрежается а спустя, два был трэш( ) короче, полный пипец.",otzovik.com,otzovik.com,3.0,2021-09-16,https://otzovik.com/review_12427927.html,neutral
"Достоинства: Не дорогой и практичный. Качественный корпус, меня не подводил не разу. Для зашиты телефона использовал бампер, падал много раз но не разу не повредил экран.
Недостатки: из минусов слабенький АКБ при интенсивном использовании бес зарядки с собой или повербанка в дороге может подвести!
Познакомился с данной моделью при выборе подарка маме на юбилей. Телефон очень понравился простое меню и довольно шустрый за такую стоимость. А после того как подарил подарок маме, купил себе такой же. Мне очень нравится.",otzovik.com,otzovik.com,5.0,2021-09-14,https://otzovik.com/review_12419213.html,positive
"Достоинства: Низкая стоимость
Недостатки: Мало памяти, быстро разряжается
Покупали брату, проработал недолго, спустя пол года перестал работать, камера ужасная, но и цена низкая Памяти очень мало, даже на обычные приложения не хватает. Не советую покупать.",otzovik.com,otzovik.com,3.0,2021-09-09,https://otzovik.com/review_12401033.html,neutral
"Достоинства: Хорошая камера ,надёжный,
Недостатки: Не чистит память,
Хонор а 7 телефон средней категории за его деньги есть телефоны и по лучше но сейчас отзыв о хоноре, был у меня этот телефон использовался года 2 телефон очень нравился но до года после года память засорялась немог очистить типа, я её чистил но она не зачищалась из-за этого я заходил в файлы и там удолял то что нужно было, советую лучше взять реалми, он хоть и дороже но 3 тысячи но достоин своих денег",otzovik.com,otzovik.com,3.0,2021-08-26,https://otzovik.com/review_12347224.html,neutral
"Достоинства: Дешёвый, удобный в использовании, нет ненужных программ, хороший сенсор и крышка смартфона.
Недостатки: Со временем ухудшается работа динамика и сенсора; маленькая внутренняя память, невозможно скачать необходимые приложения без внешней карты памяти.
Смартфон Huawei Honor 7A я приобрела в конце декабря 2019 года. Служит он мне до сих пор, но жизнь его уже достаточно потрепала. Простой, удобный в использовании, довольно легкий по весу. Сенсор не пробиваемый, если сильно не стараться. Крышку тоже довольно таки тяжело повредить, только уголки немного в сколах. Мне он понравился тем что у него есть разъём на 2 сим-карты и 1 карту памяти. Всё это умещается в специальный разъём одновременно, и не нужно менять местами как на многих смартфонах. Задняя камера так же отлично служит уже долгих 1.8 года. Но фронтальная работает хуже, возможно затёрся сенсор. Кстати, о сенсоре, со временем истекает срок нажатий на экран, и от этого он хуже работает, может довольно долго идти загрузка интернета. Динамик тоже хорошо работает, но со временем любая техника портится, и исправить её можно только у хорошего специалиста. Я бы рекомендовала данный смартфон детям, которым особо не важны встроенные программы. И для людей в возрасте, которым достаточно выхода в интернет и звонков по РФ.",otzovik.com,otzovik.com,3.0,2021-08-12,https://otzovik.com/review_12294436.html,neutral
"Достоинства: Цена
Недостатки: Слабый процессор,некачественная камера
А вот и самый дешевый смартфон от компаний Honor. В смартфоне установлен древний и слабый процессор MT6739. Камера тоже осталось на уровне 2013 года, а про безопасность вообще молчу. Но если дарить этот телефон ребенку, то вполне нормальный вариант, стоит он всего 6000 рублей.",otzovik.com,otzovik.com,3.0,2021-07-14,https://otzovik.com/review_12171705.html,neutral
"Достоинства: - Цена - Удобный интерфейс - Хороший звук - Держит зарядку
Недостатки: - Небольшой объем памяти -Качество камеры оставляет желать лучшего
Покупала телефон из расчета: минимальная цена = допустимое качество и не прогадала. Работает 4 год без особых проблем. Поддерживает сервис Play Market. Основная нагрузка: прослушивание музыки, работа в социальных сетях, работа с текстовыми документами. Батарея достойно держит заряд, разъемы для зарядного устройства/наушников крепкие - поломок не было.",otzovik.com,otzovik.com,4.0,2021-06-24,https://otzovik.com/review_12093699.html,positive
"Достоинства: Не бьётся, не лагает быстро заряжается!
Недостатки: Нет
Мне очень нравится это телефон! Он стоит всего 8000тысяч рублей! Телефон совсем не лагает, без стекла не бьётся! Если упадёт не будет лагать! Заряжается быстро! Шрифт и набор слов в настройках можно увеличить!!! Пользуюсь уже давно! 4 года, цена не поменялась! Виджеты можно добавить на главный экран, даже обновлять приложения не надо! На фото оптимизация и очистка памяти, все хорошо проверено, присутствует сканирование на вирусы, сканер аркйу кода!!",otzovik.com,otzovik.com,5.0,2021-06-14,https://otzovik.com/review_12055023.html,positive
"Достоинства: Держит заряд. Динамик хороший. Удобный в использовании. Надёжный
Недостатки: Камера не очень. Не открывает файлы
Смартфоном пользуюсь уже больше двух лет. Подходит как для игр так и для работы. Простой в использовании только внутренняя память всего 16 гб. Камера конечно не очень но динамик хороший и заряд держит хорошо. Для любителя идеален но для профессионалов не подойдёт тк многие файлы не открывает",otzovik.com,otzovik.com,4.0,2021-01-20,https://otzovik.com/review_11947597.html,positive
"Достоинства: Батарея, камера, 2 гига озу
Недостатки: 16 гигов памяти, и все в общем то
Купил я этот смартфон потому что сломался старый и нужно было быстро искать замену, и по деньгам что бы было нормально, за все время использования не подводил ни разу, не выключался когда не надо, батарея держала всегда хорошо, конечно не для игр, но все ровно удалось поиграть в некоторые игры, видео и фильмы отлично все. В общем хорошая рабочая лошадка за свои деньги не то что айфоны 5 и 6...",otzovik.com,otzovik.com,4.0,2021-01-07,https://otzovik.com/review_11897433.html,positive
"Достоинства: Неплохой дизайн, нормальная камера, достаточный объём памяти, Отличная цветность изображения
Недостатки: Слабый процессор, Не всегда срабатывает дисплей на нажатия, Плохая производительность в играх
Купил недавно смартфон и разочаровался, HONOR 7a. После одного месяца использования телефон стал тормозить и зависать, даже глубокая очистка не помогала. Всё что я делал в этом телефоне это только фотографировал и редактировал фотографии, так как цветность изображения отличная. Я бы не рекомендовал этот телефон в продаже.",otzovik.com,otzovik.com,3.0,2021-02-08,https://otzovik.com/review_11433401.html,neutral
"Достоинства: Хорошая матрица, красивый.
Недостатки: Быстро разрежается, Мало памяти,Не тянет игры.
Телефон купил около 1 года назад. Просто мне в то время нужен был новый телефон т. к старый разбился. Этот телефон неплохой, но лучше за его деньги купить iphone 6 который стоит 7500. Этот телефон как будто создан что бы только по нему звонить и писать. Не покупайте этот телефон, поберегите деньги. В нём мало плюсов.",otzovik.com,otzovik.com,1.0,2020-12-21,https://otzovik.com/review_11157846.html,negative
"Достоинства: Бюджет, память, удобно держать
Недостатки: Не все поддерживает
Мне подарили хонор 7а на новый год.)))Пользуюсь уже целый год. Корпус хороший, мне удобно держать его в руке. Память большая: 2 оперативка и 16. Дисплей отличный, безрамочный. Жалко, что он не все игры поддерживает. Например качаю пубг: захожу- вроде все хорошо, начинаю играть и сразу появляются жёсткие лаги. Телефон работает отлично. Сбоев каких-либо не возникало пока за все время пользования. Телефон отложил очень хорошее впечатление. За свои деньги он оправдывает себя полностью.",otzovik.com,otzovik.com,4.0,2020-12-20,https://otzovik.com/review_11154486.html,positive
"Достоинства: Крепкий экран,очень легкий вес.
Недостатки: Плохая оптимизация
Ужасная оптимизация, камера достойная, имеются 2 слота для sim карты, и 1 слой sd-карты, после использования этого телефона почти 1.5 года, что этот телефон создан для того чтобы посидеть в вк, instagram, youtube. Игры на нем идут очень плохо, да я понимаю что за такие деньги, не стоит ожидать чуда)Видео в Youtube в качестве 720 начинают подвисать, в качестве 1080 лучше промолчу. Из 16ГБ памяти, после распаковки будет доступно примерно 3ГБ(точно не помню). Несмотря на все недостатки, внешний вид у этого телефона нормальный. Динамик у вас не проживет долго, да он будет работать но шипеть и хрипеть. Ну а с батареей все хорошо, зарядку держит, заряжается довольно быстро. Советую просто подкопить тысячи 2-3 и купить более достойный телефон.",otzovik.com,otzovik.com,2.0,2020-11-27,https://otzovik.com/review_11014110.html,negative
"Достоинства: Дизайн, простенький
Недостатки: камера, производительность, Озу, память
Смартфон Huawei Honor 7A в первое время довольно хороший, камера, производительность, и другим основным качествам. Спустя время, смартфон будет показывать свои минусы. Вы сильно заметите что телефон начинает лагать, если вы взяли телефон поиграть у меня для вас плохие новости. Качество камеры сильно ухудшиться, вы это заметите не сразу. Если вам нужен телефон чисто позвонить то смело берите, а если хотите взять поддержанный телефон то это не ваш выбор, за такую цену можно и нормальный телефон найти, не понимаю тех людей которые хвалят этот телефон, у всех моих знакомых одна и таже проблема с этим смартфоном: лаги, камера, память, царапины. Надеюсь вы возьмете телефон получше.",otzovik.com,otzovik.com,2.0,2020-10-28,https://otzovik.com/review_10847381.html,negative
"Достоинства: Цена, простота,
Недостатки: Не обнаружила
Удобен в использовании, имеет место для двух сим карт, флешки, простой, без лишних заморочек, удобный интерфейс, приложения тянет нормально, не глючит, хорошая камера. А так же радует его цена. В комплекте зарядное устройство (шнур и блочок) и сам телефон, так же имеются чехлы на данную модель и множество бамперов с интересным принтом. Так же телефон поддерживает 4g интернет на обоих сим картах. Смартфон отлично лежит в руке.",otzovik.com,otzovik.com,5.0,2020-10-26,https://otzovik.com/review_10837643.html,positive
"Достоинства: Удобный телефон, стильный, практичный, хорошая камера, хорошо держится в руке
Недостатки: Быстро разряжается батарея И недочёты, которые произошли в использовании данного товара
Купили телефон в марте 2020 года. По началу телефон работал без нареканий, единственный минус был в том, что быстро разряжается аккумулятор. Спустя 3 месяца на телефоне пропала подсветка, но не было возможности купить другой телефон, поэтому пришлось им пользоваться (а именно принимать звонки), через неделю телефон полностью отключился и больше не включался. В данный момент отправлен на сервисный ремонт по гарантии, а что будет дальше пока неизвестно.",otzovik.com,otzovik.com,1.0,2020-09-18,https://otzovik.com/review_10654087.html,negative
"Достоинства: Хорошая камера
Недостатки: Нет прошивки в телефоне для оплаты картой
Купила год назад смартфон по приятной цене. И знаете, я пользуюсь с удовольствием, так как в нем есть все нужные для меня функции, поддерживает множество различных приложений и документов. Так же есть место для карты памяти, место для двух сим карт, для удобства. Но больше всего меня порадовала - это камера в телефоне, она чётко все изображения показывает, даже в вечернее время, правильная фокусировка так же есть. Хороший звук. Карту памяти поддерживает.",otzovik.com,otzovik.com,4.0,2020-09-15,https://otzovik.com/review_10642309.html,positive
"Достоинства: Крепкий и яркий экран
Недостатки: Слабый
Покупал этот телефон в 2018 году в декабре за 7 к и пожалел об этом В нем стоит слабый процессор который не тянет даже майнкрафт на минималках дак он еще греется когда ты залипаешь в какой-то соц. сети, в комплекте лежала зарядка и специальная скрепка для сим слотка и все, для 7к могли хотя бы силиконовый чехол положить, камера не плохая это да, в темноте снимает, мало памяти всего 16гб и 2гб озу, батарею держит хорошо, экран плохой это меня разочаровало пиксели можно увидеть не вооруженным глазом но он яркий и крепкий это плюс, разъём для зарядки микро usb это плохо могли и tybe c сделать, дизайн отвратительный как будто я его разрабатывал Не покупайте, особенно в 2020 году, есть много вариантов получше",otzovik.com,otzovik.com,2.0,2020-08-30,https://otzovik.com/review_10569500.html,negative
"Достоинства: Дизайн
Недостатки: Память, мощность
За свою цену, вполне даже неплохой телефон. Единственный минус, не полностью тащит pubg. Камера средняя, фотографии получаются хорошие, не стыдно выложить в инстаграмм. В руке лежит хорошо, размер устраивает. В начале установлены неплохие игрушки и нужные приложения. Хотелось бы побольше оперативной памяти, но всё равно можно поиграть на минималках. Две сим-карты и флешка, всё что нужно для современного человека. На самом телефоне память 16гб, половину занимает операционная система, так что памяти не хватает, приходится покупать дополнительно флешку. Ну насчёт связи, ловит 4g, на связь не жалуюсь. Звук вроде неплохой, но динамик у меня полетел быстро.",otzovik.com,otzovik.com,4.0,2020-08-22,https://otzovik.com/review_10533815.html,positive
"Достоинства: Бюджетный Достаточно хорошая камера Мощная оперативная система
Недостатки: Маленький объем памяти Аккумулятор плохо держит заряд
Пользуемся уже 2-ой год, и вс хорошо. Стильный, бюджетный и шустрый смартфон, ничем не уступает новомодным дорогостоящим. Для подростка, которому смартфон нужен, чтобы сидеть в соц. сетях, играть в игры и собственно звонить, этот гаджет прекрасно подойдет. Единственное, из-за маленького объема оперативной памяти, нужно постоянно чистить телефон, но мы уже принаровились. Советую.",otzovik.com,otzovik.com,4.0,2020-08-17,https://otzovik.com/review_10508293.html,positive
"Достоинства: нету
Недостатки: Не грузит игры, фильмы не грузит, батарейки хватает только на два часа, и главный минус то что он попался мне бракованным.
Попался бракованным, а по гарантии менять отказались. Покупал я его в Евросети. Игры не тянет, фильмы и музыку тоже не тянет, сильно грееться, и выключаеться. И ещё экран был продавлен, это брак!",otzovik.com,otzovik.com,1.0,2020-08-08,https://otzovik.com/review_10466207.html,negative
"Достоинства: Стильный интерфейс Камера среднего качества
Недостатки: Мало памяти Снимает видео качественно тоооолько при хорошем освещении
Преобрела этот телефон, была в восторге первое время (хорошая камера, стильный интерфейс, отличная цветопередача). Через 2 месяца дал знать о том, что памяти мало, хотя из 16 гб было заполнено 6. Категорически отказывался скачивать приложения, пока не отформатировала и не вставила карту сд. При просмотре фильмов сильно нагревается. Сейчас ему уже 2 года, иногда может поймать лаги, но в обшем все хорошо.",otzovik.com,otzovik.com,4.0,2020-07-05,https://otzovik.com/review_10303834.html,positive
"Достоинства: Современный дизайн, легкий корпус, простота в использовании, батарея прекрасно держит заряд.
Недостатки: Маленький объём встроенной память
И так, когда я утопила свой прошлый телефон срочно нужно было покупать новый, а так как за раз выложить большую сумму на покупку чего либо сложно, пришлось брать то, что подешевле. В данном случае этот смартфон устраивал меня по принципу качество=цена. Телефон работал быстро, шустро. По началу скачивала много приложений, НО! Объём встроенной памяти этого телефона всего 16ГБ, что есть очень мало, к сожалению. Это единственный минус, который я в нём нашла.",otzovik.com,otzovik.com,4.0,2020-06-24,https://otzovik.com/review_10250335.html,positive
"Достоинства: Хороши телефон, я лично советую))
Недостатки: Чутка камера мажет
Вообще телефон хороший! Есть и минусы и плюсы, заряд держит довольно долго, но если сидеть в нем 24/7, то в этом немного разочарует, заряжается в полне быстро, сам телефон выглядит достаточно привлекательно, дизайн на любителя в общем, камера тоже на любителей, слишком пиксельная, и мажет не много, функций не так много, кому то достаточно будет, телефон не глючть первые пол года (зависит от того, сколько времени вы там проводите, и есть не безопасные сайты которые тоже могут дать отпор вашему телефону) памяти в телефоне достаточно (32 гб) ну кому как, телефон не тяжёлый, звук в телефоне хороший, ничего не портит (в плане музыки)",otzovik.com,otzovik.com,4.0,2020-06-12,https://otzovik.com/review_10188793.html,positive
"Достоинства: Нет
Недостатки: Скорость, батарея, греется. Тормоз
Не покупайте, не кому не посоветую. Виснет, тупит, памяти своей мало, но даже когда меняешь хранилище на сд всё равно пишет всё на внутренний накопитель. Из за этого вечное сообщения о недостатке памяти, и фиг избавишься. Греется, батарея ужас.",otzovik.com,otzovik.com,1.0,2020-06-10,https://otzovik.com/review_10178842.html,negative
"Достоинства: Камера, есть передняя вспышка
Недостатки: 32 гб не хватает вообще, если памяти не хватает фотографии портятся сильно в качестве.
Телефон покупала года 2 назад! Очень нравится. Камера не такая хорошая как у новых телефонов (хонор) но в принцепи сесли нужно сфотографировать какой-то документ или что в этом роде то подойдёт хорошо! Передняя камера мне не нравится так как делает слишком размыленное лицо (. Из-за того что памяти не хватает самые первые фотографии и видео очень испортились (некоторые фотки стали с зелёным оттенком, некоторые вообще не понятны стали) это большой минус ((((. Приложения работают нормально. Иногда телефон глючит, летом очень сильно нагревается (незнаю у всех так или нет) раньше зарядку держал больше, сейчас если полностью зарядить то где-то через 3-4 часа уже садится",otzovik.com,otzovik.com,4.0,2020-06-04,https://otzovik.com/review_10151045.html,positive
"Достоинства: Долго держится зарядка Камера хорошая точная Звук громкий, Структура телефона понятная
Недостатки: Иногда зависает
Купила себе телефон в январе 2020 года Honor 7A. Уже пользуюсь полгода. Меня этот телефон устраивает. Он не дорогой. Камера 13МП звук громкий, дизайн хороший. Телефон надёжный и качественный. Но иногда зависает. Удобный красивый Советую вам купить!!!",otzovik.com,otzovik.com,4.0,2020-06-04,https://otzovik.com/review_10151015.html,positive
"Достоинства: Доспупен
Недостатки: Памяти мало
Телефон я скажу, не из самых лучших пользуюсь им год, начал глючить, памяти всё время не хватает, скачала пару предложений и всё уже постоянный значёк о не достаточности памяти, камера неплохая, но и не сказать что хорошая",otzovik.com,otzovik.com,3.0,2020-01-27,https://otzovik.com/review_10103193.html,neutral
"Достоинства: Цена
Недостатки: Может шагать если 2 гб оперативки
Купил этот телефон 2 года назад, и могу сказав что за свои деньги это нормальный телефон! Есть иногда что зависает но я думаю это из за того что я брал 2/16 если бы было 3 оперативки или 4 то думаю было бы все ок! Вполне хороший телефон грал на нём асвальт пабг и с лагами но играть можно, у него хороший екран и хорошые камеры для своего ценового диапазона! В целом хороший телефон",otzovik.com,otzovik.com,4.0,2020-04-27,https://otzovik.com/review_9910634.html,positive
"Достоинства: Цена, качество, стойкий аккумулятор, хорошая камера
Недостатки: Нет.
До этого телефона пользовалась айфоном, до айфона, самсунгом... Сейчас 2 года смартфону, менять не собираюсь. Очень разочаровалась в этих яблоках и на них похожих самсунгов! Аккумуляторы ужасные не держали и пол дня - да, я все время с телефоном и вот хонор не подводит! Камера хорошая, батарея держится долго, не глючит, не перегревается, только радует. Телефон мой может уже не новьё, но отзыв пишу, потому, реально довольна смартфоном и не хватает зла на другие компании(такие деньги большие они просят за несоответствующую продукцию, за тренд, так сказать, а здесь всё по делу и цена то что надо и качество телефона)",otzovik.com,otzovik.com,5.0,2020-04-24,https://otzovik.com/review_9888122.html,positive
"Достоинства: Недорого Практично За свои деньги, хороший телефон Удобный интерфейс Хороший динамик(за эти деньги)
Недостатки: Через какое-то время может начать глючить. У меня иногда сам включается. И что-то с батареей иногда происходит. Из-за чего телефон перенагревается, хотя он мог просто лежать на столе. Мало памяти
-Телефон надёжный. Много раз падал, но не чего не случилось, продолжает работать. -Удобный интерфейс. -Иногда перегревается и выключается сам по себе. -Камера хорошая. Фокусируется в одном месте, в другом может быть размыта, если фотографировать текст, но если снимать пейзаж, то выйдет отличный кадр. -Памяти мне было мало. Сначала кажется достаточно, но внутренние приложения, занимают практически половину, как мне показалось. Сначала будет всё хорошо, но как вы закачаете приложения и будете много снимать, как я, потому что камера устраивает, то каждый раз у вас будет всплывать окошко освободите место. Или можно выйти из положения и купить СД- карту большого объёма. -Батарея долго держи, если постоянно не сидеть в телефоне.",otzovik.com,otzovik.com,4.0,2020-04-23,https://otzovik.com/review_9886288.html,positive
"Достоинства: Камера, дизайн, батарея, цена.
Недостатки: Экран хуже по-моему по сравнению с Galaxy s2.
Купил телефон в замену хорошему телефону но уже устаревшему Galaxy s2. Раньше Galaxy s2 был крутым смартфоном, но он устарел. Хоть у него камера и была хорошей, но у хонора камера лучше. Даже ради одной камеры его стоит купить. Батарея здесь не самая плохая, держит день в среднем использовании. Производительность радует за эти деньги (5990р). Экран всётке лучше у Galaxy s2, ну правда это моё мнение. Дизайн. Samsung s2 был стильным в 2011 году но не сейчас. Металлический корпус выглядит солиднее у хонора, чем пластиковый у самсунга. Так-же многие приложения на s2 не поддерживаются из за устаревшего андроида, но это уже дело времени, ведь и этот телефон тоже устареет когда нибудь. Цена порадует любого, за 5990р даже у специальных бюджетных компаниях не найдёшь такой мощный телефон. В сборке прилагаются-сам телефон, зарядка, провод, ключ от слота сим-карт, документы, чек. Покупайте, всем советую!",otzovik.com,otzovik.com,5.0,2020-04-23,https://otzovik.com/review_9882916.html,positive
"Достоинства: Камеры хорошие,звук громкий
Недостатки: Нету
Подарили мне этот смартфон около 3 года назад, так вот он ещё в хорошем состоянии, не лагает. У меня был телефон, он прослужил меньше года, у него просто батарея задымилась, я такого не ожидала . У телефона отличная камера, задняя и передняя. Корпус телефона прочный и самое, что мне очень понравилось это то, что у него две сим карты, для занятых людей по работе это наверное главное, что есть в телефоне. У телефона также имеется датчик света, т. е. он меняет яркость телефона смотря в каком освещении вы находитесь, либо в темном, либо в светлом. Дисплей мне понравился. А чуть не забыла громкий звук. Зарядка на телефоне держится долго, даже при морозе не разрежается. Вообще рекомендую",otzovik.com,otzovik.com,5.0,2020-04-22,https://otzovik.com/review_9878213.html,positive
"Достоинства: Доступность
Недостатки: Внутренние характеристики
Адекватный телефон за свои деньги. Досточно крепкий . Не сильно затратные в плане характеристик игры идут нормально. Такие игры как PUBG на средних настройках не потянет, но на минимальных норм. Еще бы хотел заметить нормальный аккумулятор который я заряжаю 1 раз в день. Если вам нужен телефон для соц. сетей и позвонить отличный вариант . Ну а если вы хотите поиграть в требовательный игры, то присмотритесь к фирме Xiaomi и остается ждать скидок . Досвидание.",otzovik.com,otzovik.com,4.0,2020-04-21,https://otzovik.com/review_9870260.html,positive
"Достоинства: Простой в обращении, все настройки понятны.
Недостатки: Именно у этой модели не большая память. Только с флэш картой.
Классный телефон, удобный интерфейс в обращений просто и легко, батарея держится хорошо. Покупала два года назад, за это время нареканий не было, хорошая цена, доступная.",otzovik.com,otzovik.com,5.0,2020-04-20,https://otzovik.com/review_9859899.html,positive
"Достоинства: Цена и прочность
Недостатки: Слабый ака
Я купил этот телефон пару лет назад. Играл на нём и т. д. И за пару лет пользования этим телефоном сложилось позитивное впечатление. Он дастаточно прочный я даже при виду пример выпал он у меня из кармана на грунтовую дорогу на скорость примерно 40 км/ч под колёса другова мотацыкл появилась только маленькая трещина. Также цена у него хорошая а из недостатков могу пометить довольно быстро сажающийся акамулятьо которого не хватает на целый день пользования Один раз менял аккумулятор но это по собственной дурости он упал задней крышкой на камни и аккумулятор вздуля я его смог сам поменял так как там не сложно рекомендую",otzovik.com,otzovik.com,5.0,2020-04-20,https://otzovik.com/review_9858532.html,positive
"Достоинства: Удобность,качественная камера,хороший звук,подходит для соц.сетей.
Недостатки: Хрупкий пластик,слабая система не тянет требаватильные игры
Телефон достаточно хороший его недостатки это хрупкий пластик, плохо тянет игры как;PUBG mobile, fifa, и т. д. Стоит он не дорого, считай даром берёшь. Хорошая камера, легко держать в руке. Удобно печать, хорош в соц. сетях. Рекомендую это устройство",otzovik.com,otzovik.com,4.0,2020-04-15,https://otzovik.com/review_9830803.html,positive
"Достоинства: Удобная форма, красивый дизайн, очень компактный, обычное меню, телефон удобен как для офисной работы, так и для учебы
Недостатки: Так как я учусь, мне было бы удобнее, если бы камера на телефоне была лучшего качества, и ещё не всегда и везде можно подобрать к этому телефону чехол
В смартфоне удобное меню, он понятный и им может пользоваться и стар и млад, заряд батареи держится хорошо, форма телефона компактная, легко держится в руках, камера не самого лучшего качества",otzovik.com,otzovik.com,3.0,2020-04-09,https://otzovik.com/review_9792293.html,neutral
"Достоинства: С телефона можна заходить в разные соц -сети.
Недостатки: Минусы у данного телефона, в том что памяти не достаточно много, а так вроде все.
Данный телефон, скажу честно цена говорит сама за себя! У телефона довольно крепкий корпус, ходила с таким 4 года царапины есть, а трещин нету, сколько падал и не чего, на этот телефон есть любые чехлы, защитные стекла, наушники любова формата принимает, минус в памяти всего 16гб из неё свободно только 6, ребята а насчет батареи держит он ее довольно долго, если у вас остается 10% зарядки, то можно включить супер режим, он сохраняет проценты, и дает места на 6 приложений которые будут необходимы в этом режиме ну, а так скажу телефон хороший но есть недочеты и минусы)",otzovik.com,otzovik.com,5.0,2020-04-08,https://otzovik.com/review_9787253.html,positive
"Достоинства: Приемлемая цена,хорошее качество,есть разблокировка по лицу
Недостатки: Нет разблокировки при помощи отпечатков пальцев
Телефон брали младшему сыну 8 лет, в основном, для игр и ютуба. Камера такая же, как у хонор 7 а про, единственное отличие от 7 а про то что нет отпечатка пальца. Игры и приложения грузятся быстро, зарядки хватает надолго, несмотря на то, что ребенок практически все время на нем играет.",otzovik.com,otzovik.com,5.0,2020-04-07,https://otzovik.com/review_9777783.html,positive
"Достоинства: Бюджетный, стилный корпус, легкий
Недостатки: Быстро собирает вирусы и начинает подглючивать, нет нормального антивирусника
Покупал телефон в магазине Фокстрот новым с гарантией на 1 год. Имеет камеру 8 мегапикселей, вспышку и 16 гигабайт памяти. Стильный корпус выполненый в черном цвете. Претерпел в течении двух лет многочисленные падения. На экране есть небольшой скол и треснутый экран с черной точкой. И все равно работает. До этого был дуги икс 9 про, он сломался через месяц. Всем рекомендую, на свои деньги хороший вариант.",otzovik.com,otzovik.com,5.0,2020-04-07,https://otzovik.com/review_9776922.html,positive
"Достоинства: Яркий дисплей, батарея.
Недостатки: Не самая лучшая стабилизация камеры, кол-во памяти.
Телефон был подарен на новый год 2019. В использовании был больше года. В своей цене на тот момент (7490 рублей) можно было купить iPhone 5 с более хорошей камерой, кол-вом памяти, мобильностью и мощностью процессора. Телефон подойдёт для обычного пользователя, играть в новые игры такие как: PUBG, Free Fire, WoT Blitz с хорошим FPS не всегда получится. Поэтому не более чем стандартный мобильик ничем не отличающийся от своих сверстников.",otzovik.com,otzovik.com,3.0,2020-04-05,https://otzovik.com/review_9763062.html,neutral
"Достоинства: Удобный, небольшой, хорошая камера, не лагает
Недостатки: Минусов как таковых нет
Хороший телефон, работает отлично, есть разблокировка с помощью лица и др. Не смотря на низкую цену качество отличное. Всем рекомендую!",otzovik.com,otzovik.com,5.0,2020-04-04,https://otzovik.com/review_9759344.html,positive
"Достоинства: Хорошая камера
Недостатки: Пока не наблюдал
Смартфон хороший, станет чудесным подарком для близких, довольно неплохой по цене и качеству, материал хороший, впринцепе я доволен и меня всё устраивает",otzovik.com,otzovik.com,5.0,2020-04-03,https://otzovik.com/review_9747238.html,positive
"Достоинства: качество смартфона
Недостатки: нет
Здравствуйте, дорогие читатели. Я решила купить себе смартфон Honor 7A. Телефон осталась довольна, пользуюсь уже 2 месяца, приреканий нет. Хорошая камера, достаточно памяти, красивый дизайн. Цена максимально низкая. К покупке рекомендую однозначно!!",otzovik.com,otzovik.com,5.0,2020-03-31,https://otzovik.com/review_9731073.html,positive
"Достоинства: Внешний вид, камера, не тяжёлый, приемлимая цена
Недостатки: Мало памяти, плохо держит заряд
Сам телефон не плохой. Купила около года назад и все пока хорошо, кроме того, что плохо держит заряд. Не знаю за счёт чего, но 100 % на везь день, если сидеть в нем так же много как и я, не хватит. Нужно заряжать раза 3 или 4 в день. Камера хорошая. Есть передняя вспышка, что очень радует. Особенно, когда находишься в месте где темно, но хочешь замутить селфач. Телефон не тяжёлый, а лёгкий. Что тоже плюс. Так же не может радовать цена, ибо за такой телефон, она даже занижена. Но опять же для кого как. Для меня мало памяти, чуть-чуть бы побольше и вообще канфетка. Очень нравится интерфейс телефона. Телефон выглядит намного дороже, чем есть на самом деле.",otzovik.com,otzovik.com,4.0,2020-03-28,https://otzovik.com/review_9713230.html,positive
"Достоинства: Цена, дизайн, камера
Недостатки: Я лично минусов не нашла
Добрый вечер дорогой читатель. Сегодня хотелось поделиться отзывом о смартфоне под названием Huawei Honor 7A. Пользуюсь смартфон уже больше года, довольна очень. Что мне в не больше всего нравится, так это дизайн, хорошая камера 13 мп. Передняя всего 5 мп, но, что передняя, что задняя как по мне очень чётко фотографирует, огромный экран. Сам телефон очень аккуратно сделан. Покупала я его за 7990 рублей, так что цена и качество радует. В целом я смартфоном очень довольна.",otzovik.com,otzovik.com,5.0,2020-03-26,https://otzovik.com/review_9703648.html,positive
"Достоинства: Цена, face ID, фото
Недостатки: За такую цену, нет
Данным телефоном пользуюсь до сих пор, и полностью довольна. Конечно, если есть возможность, купить что-то по дороже то отлично, если нет, то вот, отличный вариант. Это очень бюджетный телефон. В нем нет супер офигенных функций, но есть самые необходимые. В свое время купила за 7.500 СЕЙЧАС он уже 5.500 в магазинах моего города и в нтернете.",otzovik.com,otzovik.com,4.0,2020-03-26,https://otzovik.com/review_9702966.html,positive
"Достоинства: Хороший вариант для детей и для работы
Недостатки: Мало памяти, хорошие игры не идут
Уже полтора года хожу с ним, покупался летом 2018 года. Если честно раньше даже год с одним телефоном проходить не могла, потому что начинал лагать, а этот телефон за все время практически не лагал, камера меня устраивала, при хорошем освещении получались потрясающие снимки. Минусов два 1. Мало памяти, у меня как у девушки много приложений и игр и фото(но они на карте памяти) но памяти не хватает 2. В нормальные онлайн игры не поиграть Сейчас планирую брать новый, но тоже хонор, ибо понравился, надолго хватает, заряд хорошо держит даже после 1.5 лет использования. Поддерживает 4g, блютуз хорошо ловит, динамик слабый.",otzovik.com,otzovik.com,4.0,2020-03-24,https://otzovik.com/review_9687986.html,positive
"Достоинства: Простое меню,памяти хватает на кучу приложений,качественные фотографии,батарея держит почти весь день
Недостатки: Скользкий,динамик слабый,когда идешь по улице,звонки плохо слышно.
Доброй ночи, хотел рассказать один случай, который меня удивил. Стоял на кухне возле раковины, телефон выскользнул из рук и угодил в сковороду с водой, я не растерялся, достал и тут же продул. Прошел уже месяц, а он работает как часы.",otzovik.com,otzovik.com,4.0,2020-03-23,https://otzovik.com/review_9682833.html,positive
"Достоинства: В описании
Недостатки: их нет
Отличный телефон Опыт использования:год или более Стоимость:6.000 Отличный телефон. Подходит для детей и взрослых. Есть все необходимые функции. пользуюсь им уже 2,5 года. Очень удобный в использовании. Хороший звук. Крутая, чёткая камера. Отличный дисплей. Чёткое изображение. По поводу батареи, всё круто держит заряд отлично. очень, ну очень долго. Яркий фонарик выручит в темноте. Стильный и модный дизайн. Для молодёжи самое то. Достоинства ! адекватная цена ! качественный звук *стильный дизайн + приятный на ощупь материал 16 гб памяти, 2 гб оперативной быстро работает в интернете быстрый долго держит батарею не тупит и не зависает недорогой отличная камера поддерживает две сим карты стильный удобно держать в руке хорошая основная камера Рекомендую к использованию!",otzovik.com,otzovik.com,5.0,2020-03-23,https://otzovik.com/review_9681302.html,positive
"Достоинства: Батарея долго держится
Недостатки: Не очень популярен
Удобный телефон батарея держит долго, компактен. Мне очень нравится давно пользуюсь. Из всех телефонов выбрала бы этот. Хороший телефон. И недорогой.",otzovik.com,otzovik.com,5.0,2020-02-25,https://otzovik.com/review_9538940.html,positive
"Достоинства: Хороший дисплей, нагревается мало.
Недостатки: Быстро садится на холоде.
Классная мобила, очень хороший, мне его подарили на день рождения и я очень радовался. Настроил телефон под себя и потом купил чехол, в целом отлично: не зависает, с батареей в всё хорошо быстро не садится хватает минимум на пять часов работы и три часа игры. Минус когда холодно быстро садится, но мне плевать это моя первая мобила в жизни. Спасибо Huawei!",otzovik.com,otzovik.com,5.0,2020-02-19,https://otzovik.com/review_9511471.html,positive
"Достоинства: Внешний вид, цена.
Недостатки: Бывает тормозит, если память загружена
Простой в использовании, внешний вид супер. Корпус тонкий и удобный. Много памяти. Хорошая камера. Защита данных отпечатком пальца, очень удобно.",otzovik.com,otzovik.com,4.0,2020-02-09,https://otzovik.com/review_9457394.html,positive
"Достоинства: Доступный, простой в использовании
Недостатки: Фронтальная камера слабовата
Около года назад я купила смартфон Honor 7A. Удобный интерфейс, прост в использовании, не глючит, не садится батарея на морозе. Для своей цены очень даже хороший телефон, поддерживает все приложения для android. Компактный, приятно лежит в руке.",otzovik.com,otzovik.com,4.0,2020-02-07,https://otzovik.com/review_9448401.html,positive
"Достоинства: Камера, память.
Недостатки: Нет
Для такой небольшой цены смартфон оправдывает все ожидания. Камера отличная, на качество фото не жалуюсь. Пользуюсь уже больше года и не было ни одного зависания. Рекомендую всем, кто не хочет тратить лишние деньги.",otzovik.com,otzovik.com,5.0,2020-02-06,https://otzovik.com/review_9441178.html,positive
"Достоинства: легкий удобный бюджетный
Недостатки: не было найдено
Пользуюсь данной моделью смартфона уже более полугода, никаких нареканий по работе нет, смартфон легкий удобный за свои деньги пожалуй лучший в своей ценовой группе, смартфон годится как для игр так и для звонков и выполнения каких либо не сложных манипуляций, так же меня порадовала камера данного смартфона не смотря на то что это бюджетный смартфон камера довольно не плохая.",otzovik.com,otzovik.com,5.0,2020-02-02,https://otzovik.com/review_9417816.html,positive
"Достоинства: Качество-цена.
Недостатки: Камера оставляет желать лучшего.
Смартфон соответствует своей цене. Дизай современный, функции все. Китайский, недорогой, вполне качественный телефон. Память достаточная для среднестатистического пользователь. Батарея не очень емкая, но вполне справляется. Больше плюсов чем минусов.",otzovik.com,otzovik.com,5.0,2020-01-31,https://otzovik.com/review_9403605.html,positive
"Достоинства: Камера хорошие Фотографии получаются качественными Цена доступная Динамик хороший
Недостатки: Мало памяти
Брала в чёрной расцвестке, очень понравился, за свою цену - достаточно хороший, камера достаточно нормальная для телефона с такой ценой, правда памяти мало, но с картой памяти её достаточно. Динамик один, но достаточно громкий.",otzovik.com,otzovik.com,4.0,2020-01-24,https://otzovik.com/review_9368721.html,positive
"Достоинства: Прекрасный интерфейс, камера и аккумулятор
Недостатки: Нет минусов
Раньше пользовалась исключительно айфоном, но к сожалению по своей неуклюжести его разбила, поэтому решила взять что то попроще, меня заинтересовал именно хонор 7А, замечательная модель, хорошая камера, дизайн телефона, выбрала себе золотистый, очень понравилось меня телефона, не такое как в андроидах и хонор не сколько не уступает айфону, много классных функцией, например такая которая бережёт ваше зрение, очень удобно, глаза не болят после длительного просиживания в телефоне, так же нет такой проблемы, как замерзание на морозе, что тоже очень прекрасно, аккумулятор прекрасно держит батарею, мне всегда хватает на весь день.",otzovik.com,otzovik.com,5.0,2020-01-23,https://otzovik.com/review_9364377.html,positive
"Достоинства: Экран, аккумулятор, камера, Android 8
Недостатки: Цена, процессор, синий экран, наушники
Купили девушки телефон + стекло + чехол, вышло где то 3к грн Наушников в комплекте нет. Тормозит вечно при вызове кого-то набирает, Бывают перезагрузки, синий экран и звук бррр. Аккумулятор хороший, камера для своего сигмента норм. Андроид 8 Дизайн хороший Экран сочный Телефон тормозит может такая модель попала в руки... Пишите у кого как работает",otzovik.com,otzovik.com,3.0,2020-01-16,https://otzovik.com/review_9322932.html,neutral
"Достоинства: Плюсов нет
Недостатки: Постоянные лаги, дешёвое комплектующие
Пользуюсь данным телефоном около 3-х и меня категорически не устраивает, так как за свои деньги можно было бы сделать и лучше. Постоянные лаги в использовании, мало памяти и ещё целый спектр худших компонентов. Никому не советую",otzovik.com,otzovik.com,3.0,2020-01-07,https://otzovik.com/review_9275687.html,neutral
"Достоинства: Держит долго батарею, прочный
Недостатки: Минусов нет
Телефон служит год, ни разу не заглючил, падал много раз, не разбился, батарею держит двое суток, камера хорошая, памяти хватает, очень удобен в использовании, всем советую!",otzovik.com,otzovik.com,5.0,2019-12-31,https://otzovik.com/review_9244033.html,positive
"Достоинства: Надежный
Недостатки: Не нашла
Покупала год назад. Лично я перешла на него после айфона. Разочарования или ещё что то я не почувствовала. Мне он нравится в использовании. Простой надёжный. В холод не отключается. Не перегревается. 2 симкарты. Рекомендую",otzovik.com,otzovik.com,5.0,2019-12-27,https://otzovik.com/review_9228614.html,positive
"Достоинства: Из плюсов я бы отметила, большой и удобный дисплей, хорошая камера и достаточно оперативной памяти
Недостатки: Я не вижу в этом телефоне минусов
У этого телефона вполне большой и удобный дисплей, камера в 13Мп просто волшебная, фронтальная камера вполне хороша. По моему мнению honor-это одна из лучших марок телефонов, в нем достаточно оперативной памяти и удобный способ разблокировки",otzovik.com,otzovik.com,5.0,2019-12-19,https://otzovik.com/review_9194272.html,positive
"Достоинства: Качество фото, чувствительный сенсор,
Недостатки: Больших минусов нет
Телефон такой марки преобрела в сентябре 2018 года. Слышала, что многие валят эту марку. Брала в кредит и не считаю, что это вышло мне дёшево. Сам телефон стоил 7000, да плюс проценты вышел на все 10 000. Теперь о телефоне. Телефон хороший, понравилось качество сделанных фотографий в дневное время, а в ночное время качество не очень, даже вспышка не спасает. У телефона год гарантии. Как только прошёл год, у нас с ним начались проблемки. Пока небольшие, начал садиться динамик, хотя музыку я слушаю только в наушниках, самопроизвольное выключение. Но не спешу вас отговаривать от покупки данного смартфона, в целом телефон хороший.",otzovik.com,otzovik.com,4.0,2019-12-16,https://otzovik.com/review_9178585.html,positive
"Достоинства: Отличная камера, достойная цена и долго держит заряд
Недостатки: Иногда лагает
Один из лучших бюджетных вариантов, которые в принципе могут быть. Красивый интерфейс, хорошая внешняя камера, внутренняя - храмает. Батарею держит действительно долго. Можно сказать, что это так называемый дешёвый вариант передовых смартфонов. Памяти может хотелось бы и больше, но 16 гигов вполне приемлемо. К сожалению, иногда лагает, медленно грузит. В чем заключается минус, так в том, что телефон не очень удобный: достаточно большой и скользкий. Но безусловно надёжный: ронял его несколько раз, но всего лишь несколько царапин. Заряжать его тоже недолго. Если бы я был студентом, то есть денег немного, я бы купил именно этот смартфон.",otzovik.com,otzovik.com,4.0,2019-12-09,https://otzovik.com/review_9144369.html,positive
"Достоинства: Цена
Недостатки: Камера
Хороший смартфон за свои деньги. Не зависает, не тупит Камера конечно желает лучшего, но за такие деньги норм. Разблокировка с помощью функции Распознание лица лица происходит только во включённом экране Зарядки при активном пользовании хватает на 1 день",otzovik.com,otzovik.com,3.0,2019-12-09,https://otzovik.com/review_9142127.html,neutral
"Достоинства: Цена, дизайн, разнообразие цветов.
Недостатки: Нельзя использовать всю оперативную память, чувствуется что там меньше 2 гб.
Телефон не плохой, не дорогой для каких то не сложных приложений подойдёт. Пользуюсь приличное время, пока подводных камней не наблюдал кроме оперативной памяти.",otzovik.com,otzovik.com,4.0,2019-12-07,https://otzovik.com/review_9133451.html,positive
"Достоинства: Камера. Touch (касание).
Недостатки: Процессор. Динамики.
Камера 13 мп, снимает хорошо. Процессор не очень, но если телефон не для тяжёлой работы то нормальный. Хорошо держится в руке. Но динамики тут плохие по сравнению с другими телефонами. Телефон 2017 года.",otzovik.com,otzovik.com,4.0,2019-12-06,https://otzovik.com/review_9128833.html,positive
"Достоинства: Хорошая камера, удобный размер
Недостатки: Иногда тормозит экран при наборе номера
При выборе нового телефона определяющим фактором был для меня небольшой размер, компактность и качественная фотокамера. Как раз для таких параметров подошел смартфон Huawei Honor 7А. Своя память-2 Гб, немного, но карта памяти сразу решает эту проблему. Есть небольшой недостаток: иногда тормозит экран, т. е. при нажатии на контакт вызов осуществляется, но этого не видно, набор номера появляется на экране через секунд 5-7. Причем такое зависание появилось где-то недели через две после начала использования. Больше ничего не тормозит, и в целом меня этот телефончик устраивает, камера хорошая, не смазывает, громкость динамиков нормальная, легко помещается в карман.",otzovik.com,otzovik.com,4.0,2019-12-06,https://otzovik.com/review_9127146.html,positive
"Достоинства: Хорошо держит заряд, камера за свою цену полностью удовлетворяет
Недостатки: Каких-то минусов не обнаружили.
Покупала дочке, она осталась довольна. Уже роняли несколько раз, не разбился даже без защитного стекла. Прекрасный бюджетный вариант для молодёжи! Советую.",otzovik.com,otzovik.com,5.0,2019-12-05,https://otzovik.com/review_9124070.html,positive
"Достоинства: Получил в подарок колонку портативную.
Недостатки: Нету
Купил себе не давно телефон honor 7А. Мне он понравился. Очень удобный, связь ловит хорошо, не требует постоянной подзарядки, снимает качественные фотографии и дизайн самого телефона тоже отличный.",otzovik.com,otzovik.com,5.0,2019-12-03,https://otzovik.com/review_9113460.html,positive
"Достоинства: Камера Екран Скорость работи Не лагает Батарея
Недостатки: Пам'ять
Один из бюджетних смартфонов, за свою цену очень даже хорош, пользуюсь уже больше года, отличний смартфон, не лагает, отлично фоткает, нормально держит батарея. Единственний минус-ето пам'ять 16гб очень мало. А так для простого смартфона отлично подойдет, игри большие не тянет, лагают, но посидеть в инсте, посмотреть ютуб, саме оно!",otzovik.com,otzovik.com,4.0,2019-11-28,https://otzovik.com/review_9086938.html,positive
"Достоинства: Хороший звук. Хорошая камера.
Недостатки: Не поиграть в игры. Говорите в динамик и слышите с него.
Скажу так, что падал он не раз и нет ни одной трещины. Иногда глючит зарядка, может не заряжать или на зарядке разряжается. Камера очень хорошая, быстро фокусируется. Не сказал бы, что на нем можно поиграть в крутые игры. Динамик хороший. Быстро заходит в приложения и загружает файлы. Дизайн не удивляет",otzovik.com,otzovik.com,4.0,2019-11-28,https://otzovik.com/review_9082437.html,positive
"Достоинства: Достаточно большой экран. Суперски лежит в руке. Все сенсоры работают отлично. Работает довольно шустро.
Недостатки: Батарея не соответствует ожиданиям и описаниям.
Очень хороший и простой телефон. Приемлемая цена. Приличная камера. Пользовался 2 года, и отлично мне служил. Но не очень подходит для требовательных игр. Динамик хороший, и чистый звук.",otzovik.com,otzovik.com,4.0,2019-11-28,https://otzovik.com/review_9082225.html,positive
"Достоинства: Соотношение цена-качество, стильный, модный, молодежный.
Недостатки: Пока не нашел
Доброго времени суток, хочу рассказать о таком смартфоне как honor 7a. Пользуюсь телефоном больше года, и скажу что он мне очень понравился. Покупался телефон за 8тыс. сейчас цена чуть меньше. Материал телефона -пластик, рекомендую сразу после покупки хранить в чехле и защитном стекле т. к появляются небольшие коцки и царапины. Доступно 16гб памяти под файлы и 2гб оперативной памяти, можно увеличить память вставив карту памяти до 256гб. Андроид-8 не тупит, не лагает. Тыловая камера на 13-мегапикселей с фокусировкой и HD расширением позволяет сделать четкие и яркие фото, фронтальная камера 5МП с вспышкой.",otzovik.com,otzovik.com,4.0,2019-11-26,https://otzovik.com/review_9074515.html,positive
"Достоинства: Компактный смартфон
Недостатки: Слабый процессор и плохая камера
Не советую покупать такой смартфон 1- большой процент брака 2- процессор и память уже недотягивают до своей цены 3- телефон весь пластиковый 4- старый дизайн 5- очень плохая камера 6- маленькая батарея 7- тихий и не чистый динамик 8- плохая защита телефона нету сканера отпечатков пальцев 9- старый разъем для зарядки 10- лучше возьмите какой нибудь xiaomi redmi 7 (note 7) Я реальный пользователь смартфона и не могу терпеть его",otzovik.com,otzovik.com,2.0,2019-11-25,https://otzovik.com/review_9068024.html,negative
"Достоинства: Имеется 2 слота сим карты. Выгодная цена. Хорошая камера. Мощная батарея
Недостатки: Крышка скользкая, может легко выскочить из рук
Телефон не плохой, покупался как для работы, так и для игр. Очень удивила цена. Хорошая характеристика, батарея держит долго, хорошая камера. Безрамочный экран, очень удобно и реалистично.",otzovik.com,otzovik.com,5.0,2019-11-18,https://otzovik.com/review_9033029.html,positive
"Достоинства: Долго работает и не глючет
Недостатки: Их нет
Телефон хороший работает уже 2 года, много раз падал не разбивается, за свои деньги очень хороший телефон для ребенка 11-14 лет да.",otzovik.com,otzovik.com,5.0,2019-11-05,https://otzovik.com/review_8974068.html,positive
"Достоинства: Хорошая камера,Хороший дизайн,маленькие рамки,мощность
Недостатки: Маленькая батарея,яркость экрана не очень,мало памяти.
Приобрёл смартфон почти год назад, но до сих пор хорошо работает, неплохой дизайн, но батарея иногда подводит. Особой мощности от него не следует ждать из-за его цены, но довольно тяжёлые игры он тянет на минимальных настройках. У телефона небольшой размер поэтому он хорошо лежит в руке, корпус из пластика по этому царапается на ура. В целом смартфон неплохой в своем ценовом сегменте и заслуживает внимания в свою сторону",otzovik.com,otzovik.com,4.0,2019-11-04,https://otzovik.com/review_8968893.html,positive
"Достоинства: Цена
Недостатки: Камера
Купил Honor 7А месяц назад. На мой взгляд он оправдывает свои деньги, отличный вариант для тех кто не хочет переплачивать. Телефон прост в использовании, заряжается быстро у меня за 2 часа зарядился на 100 процентов. В игры играть можно, но на низкой графике. Динамик впринципе не плохой, есть пара недочетов но не так страшно, точно знаю звонок вы не упустите, не беспокойтесь) Камера не плохая, передняя более менее. Телефон грубо говоря не плохой, для своих денег он даже я бы сказал идеальный.",otzovik.com,otzovik.com,4.0,2019-10-29,https://otzovik.com/review_8939590.html,positive
"Достоинства: Цена и качество, камера
Недостатки: Не обнаружены
Телефоном этим пользуюсь 1 год серьёзных нареканий нет. Камера хорошая, поддерживает 4 джи интернет. Если за телефоном следить то его на 3 4 года активного пользования хватит.",otzovik.com,otzovik.com,5.0,2019-10-28,https://otzovik.com/review_8936787.html,positive
"Достоинства: Внешний вид, камера.
Недостатки: Один минус это работа телефона отвратительная.
Решила приобрести мужу в подарок на день рождения сотовый телефон. Выбирала более бюджетный вариант и в то же время чтоб характеристики хорошие. Мой выбор пал на смартфон honor 7a, внешний вид не плохой, камера достаточно неплохая за такую цену, памяти тоже достаточно. Первое время решила сама попользоваться телефоном, посмотреть как он ведёт себя в работе. И... И меня короче очень все разочаровало, таких телефонов я не встречала. При использовании телефона постоянно путались контакты, то есть имя одного человека, а номер совсем другого. Чтоб позвонить это вообще беда, при попытке набрать номер надо подаждать секунд пять а то и дольше, что очень мне не нравилось и напрягало. Бывает даже при входящем вызове у меня просто пустой экран. В общем телефон работал очень медленно, что не оправдало моих надежд.",otzovik.com,otzovik.com,2.0,2019-10-27,https://otzovik.com/review_8931674.html,negative
"Достоинства: Хорошая камера, держит заряд, удобный.
Недостатки: Немного великоват по размеру. Привыкла небольшим телефонам.
Мне телефон подарил будущий муж на день рождения. Сначала опасалась, что долго буду с ним разбираться, до этого пользовалась старенький Нокией. Телефон нравится, батарея держится долго, если не сидеть в интернете, камера отличная, фото получаются яркие, чёткие. Пользуюсь с удовольствием.",otzovik.com,otzovik.com,5.0,2019-10-25,https://otzovik.com/review_8921917.html,positive
"Достоинства: Было б нормально,если б не косяк с экраном
Недостатки: Экран стал гаснуть через 2 месяца после покупки
Гаснет экран во время входящих звонков, его не ремонтируют . ошибка производителя, тянут резину, перепрошивают, а толку никакого. не возможно увидеть, кто звонит и невозможно ответить на звонок!",otzovik.com,otzovik.com,1.0,2019-10-24,https://otzovik.com/review_8918761.html,negative
"Достоинства: Яркий дисплей Хорошая батарея Не плохая громкость
Недостатки: Мало оперативной памяти Отсутствует гарнитура в комплекте
Недавно купил. В принципе телефон не плохой за эти деньги. Брал по акции за 600. Хорошо держит батарея, но гарнитуру можно было и положить в комплект.",otzovik.com,otzovik.com,4.0,2019-10-24,https://otzovik.com/review_8916952.html,positive
"Достоинства: Камера, память
Недостатки: Батарея
На телефон по началу вообще не жаловался всё устраивало, но со временем понял что его недостаток это батарея, которая постоянно нагревается. Носил в ремонт телефон по гарантии батарею заменили, первые два месяца всё было хорошо, но потом снова столкнулся с проблемой перегреве. Он начал работать сам по себе, выключался когда хотел, мог не включатся вообще, а потом под вечер включиться как ни в чём не бывало... Насчёт остального телефон довольно неплох если вы не прогадаете с батареей.",otzovik.com,otzovik.com,3.0,2019-10-19,https://otzovik.com/review_8896954.html,neutral
"Достоинства: Удобный, лёгкий, современный дизайн, хороший звук, 2 сим-карты, карта памяти, неплохая камера
Недостатки: Нет наушников в комплекте
Купила телефон для ребёнка 9 лет. Свою цену телефон более чем оправдывает. Смартфон лёгкий, красивый дизайн. Довольно-таки неплохая камера, большой экран. Есть функция безопасности: Face-ID. Хороший звук. В телефон можно вставить 2 сим-карты и микро-СД карту памяти. Встроенная память 16 ГБ. Для любителей кучи приложений, памяти маловато. Зарядку держит хорошо.",otzovik.com,otzovik.com,4.0,2019-10-12,https://otzovik.com/review_8864004.html,positive
"Достоинства: Камера, большой экран
Недостатки: Иногда! Редко лагает
Замечательный телефон за эти деньги! купила за 8 тысяч. Год пользуюсь, нарадоваться не могу. Камера отличная, особенно фронтальная нравится, плюсом есть вспышка.",otzovik.com,otzovik.com,5.0,2019-09-28,https://otzovik.com/review_8806765.html,positive
"Достоинства: Зарядка
Недостатки: Нет
Нормальный телефон в своей ценовой категории. Телефон нормально ловит связь так ж и не плохо работает когда его загружаешь. Так ж версия андроида 8.0 это в полне нормально для такого телефона.",otzovik.com,otzovik.com,5.0,2019-09-20,https://otzovik.com/review_8771396.html,positive
"Достоинства: Хорошее качество, не виснит
Недостатки: Не создать прикреплённый аккаунт к телефону.
Муж подарил телефон honor7A. Удобный в использовании, памяти 16 гб, много функций для работы в интернете, не виснит. Грузит видео, фильмы, картинки, и прочее очень быстро. Хорошая камера. Мне очень понравился. Пользуюсь с удовольствием. Советую всем кто хочет преобрести honor.",otzovik.com,otzovik.com,5.0,2019-09-12,https://otzovik.com/review_8738735.html,positive
"Достоинства: Удобный в обращении, хороший звук,в место стандартных мелодий можно установить свою
Недостатки: Шрифт клавиатуры не очень большой. Писать не очень удобно.
В принципе телефон очень понравился. Хорошо держит зарядку батареи. Камера хорошая. Есть функция скриншот. Интернет шустрый. Громкий звонок, хорошая вибрация, в кармане хорошо чувствуется при звонке",otzovik.com,otzovik.com,4.0,2019-09-12,https://otzovik.com/review_8737214.html,positive
"Достоинства: Цена, батарея, камера.
Недостатки: Не съёмная батарея.
Купил себе этот телефон около года назад. Зарекомендовал он себя с очень хорошей стороны. Классная камера, батарея держит достаточно много времени и не требует частой подзорядки. Месяц назад купил ещё один для мамы. Советую его как экономичный и надёжный вариант.",otzovik.com,otzovik.com,5.0,2019-09-02,https://otzovik.com/review_8699630.html,positive
"Достоинства: Хорошая память, хорошоя оперативка, нет лагов, хорошая камера
Недостатки: Их нет
Купил себе этот телефон и не капельки пожалел! Советую вам купить!!! Очень хорший, без преувеличенние, зарядка долго стоит, быстро заряжается, нечего плохого об этом телефоне я не могу сказать!!",otzovik.com,otzovik.com,4.0,2019-08-23,https://otzovik.com/review_8658262.html,positive
"Достоинства: Хорошая камера, не тормозит
Недостатки: Пока не нашла
Отличный телефон за свои деньги. Качественный. Легок в использовании, хороший отклик экрана, быстрая зарядка, хватает зарядки на пол дня при плотном использовании. Впринципи нравятся телефоны Honor",otzovik.com,otzovik.com,4.0,2019-08-04,https://otzovik.com/review_8568754.html,positive
"Достоинства: Аккумулятор, хорошая сборка,вспышка не селфи, большой хороший дисплей,
Недостатки: Иногда виснет, один динамик, нет NFC,
Смартфон не дорогой хорошая сборка... Не чего не скрепит, монолитный... Ботарея не съёмная 3000 mh хватает на день, полтора... Лоток для двух сим карт и флешка до 128 Gb... Процесса 1500... 4 ядра... Оперативка 2 Gb... Внутренняя память 16 Gb...Android 8.1.0... Камера фронтальная одна 13 мп и тыловая 5 мп с обоих сторон вспышки... Качество фото на хорошем освещении отличное а в темноте плохое... Видео съемка так же... Разрешение 1080р 16.9(стерео) обе камеры... NFC нет... Есть радио... Один микрофон... Микрофон USB... Мини Джек под наушники... разрешение экрана 1440 720 IPS устойчивое от царапин... Хороший обзор со всех сторон... Динамик один... Звук можно... Датчики освещения, приближения...",otzovik.com,otzovik.com,4.0,2019-08-04,https://otzovik.com/review_8566535.html,positive
"Достоинства: ночная съемка, безрамный экран
Недостатки: не очень большая память
Хороший телефон, отличная камера, радует, что можно фотографировать даже ночью. Приятная цена, только маленькая цена, хотя за такую цену самое то. Так же в данный телефон встроены советы по пользованию телефона. Советую.",otzovik.com,otzovik.com,4.0,2019-07-24,https://otzovik.com/review_8518383.html,positive
"Достоинства: Стильный дизайн, хорошая камера
Недостатки: Память
После полугода использования качество работы абсолютно не изменилось. Единственное что динамик стал играть чуть тише но это скорее всего из за того что я немножко небрежно обращалась с ним. Подключается абсолютно к любой блютуз гарнитуре. 16 гб памяти конечно маловато если вы через телефон проводите большое количество информации и файлов но для ребёнка самое то. Рекомендую сразу же поставить стекло, а вот чехол найти проблема! В целом за телефон ставлю 8 баллов из 10",otzovik.com,otzovik.com,4.0,2019-07-24,https://otzovik.com/review_8515703.html,positive
"Достоинства: Зарядку держит долго, память, экран, понятный интерфейс
Недостатки: Только в 3-х расцветках
Телефон очень удобный, для учебы самое то. Прочный, много раз роняла. Зарядку держит долго, если в интернете не сидеть то вообще долго. Дипломную работу писала именно в этом телефоне. Классный телефон рекомендую",otzovik.com,otzovik.com,5.0,2019-07-24,https://otzovik.com/review_8515656.html,positive
"Достоинства: Цена,слот на 2 сим и карту памяти,батарея
Недостатки: дешевый пластик,подтупливает
Речь пойдет о моделе с 2 Gb оперативной памяти и 16 Gb встроенной. На мой взгляд, вполне достойный аппарат. Хороший, большой(не безрамочный, конечно), с не большими рамками экран. Легкий, приятный ощупь, хотя и сделан из дешевого пластика. Производительность порадовала для телефона данной ценовой категории. Камеры очень даже неплохо снимают(особенно порадовала фронтальная камера), на мой взгляд. Есть разъём 3,5 мм, который находится сверху. Динамики так себе(что можно хотеть за такие деньги). Операционка android 8.1 (ничего не могу сказать про данную операционку, так как редко пользуюсь телефонами на android и по мне они все одинаковые), иногда лагает, как и все андроиды. Батарея на 3020 MAh, хорошо держит заряд. Вобщем, подводя итог, хороший телефон для своей ценовой категории и цена это его главное достоинство( 7000 рублей средняя цена)",otzovik.com,otzovik.com,4.0,2019-07-23,https://otzovik.com/review_8512188.html,positive
"Достоинства: Звук, камера, дизайн, меню
Недостатки: Всё отл5
Приобрёл себе этот смартфон, отличный дизайн, качество, чёткий звук, хорошая камера, очень удобный. И цена, приятно удивила! Всего восемь тысяч рублей. Советую этот смартфон! Меню очень удобное, да и не плохой помощник, для тех кто связывает свою работу с интернетом. В этом случае, советую этот телефон всем, кто ищет отличный и бюджетный смартфон!",otzovik.com,otzovik.com,5.0,2019-07-19,https://otzovik.com/review_8490811.html,positive
"Достоинства: Камера
Недостатки: Зависание
В общем телефон не плохой, но при запуске нескольких тяжелых приложений начинает виснуть, глючить, пищать) камера в полне достойная, но если снимать чисто в приложении камера, при съёмки в каком либо другом приложении фото или видео получаются не чёткие и размытые",otzovik.com,otzovik.com,4.0,2019-07-09,https://otzovik.com/review_8443495.html,positive
"Достоинства: память,качество фото.
Недостатки: тормозит
приобрела смартфон Хонор 7А, т. к. вокруг знакомые твердили что фирма хорошая. в итоге телефон стл ""думать"" долго... при любой команде ""Вызов"" или выход в интернет... секунд по 15-20. и Откат к заводским настройкам делала. потом у коллег по работе выяснилась такая же ситуация, причем приобретали с разницей в полгода (я раньше) и в разных магазинах. приходится постоянно чистить кэш, а это не удобно.",otzovik.com,otzovik.com,3.0,2019-06-12,https://otzovik.com/review_8323231.html,neutral
"Достоинства: Лично в моём плюсы отсутствуют
Недостатки: В моём более чем хватает. Не думал, что такая марка может производить такие дефекты.
Сильно тормозит автоповорот. Тухнет экран при просмотре видео. Ставишь в настройках чтоб не тух, а он автоматом переключается на 30 секунд света экрана. При покупке проверяйте эти функции сразу.",otzovik.com,otzovik.com,1.0,2019-06-08,https://otzovik.com/review_8304150.html,negative
"Достоинства: Стоимость
Недостатки: Плохо держит зарядку
Купила мужу. Телефон не очень большой с округлыми краями, удобно лежит в руке. Яркий дисплей. Фронтальная камера 5 Мп, основная - 14 Мп (маловато), вспышка. Громкий динамик, Wi-fi. Встроенная память 16 Гб. Не греется. Прочный. Поддерживает две сим карты. Сенсоры реагируют отлично, но иногда на некоторых играх начинает тормозить. На мой взгляд не очень удобно, что нет основного меню, все инструменты находятся на главном и добавочных экранах. Зарядку держит не очень хорошо, часто даже не хватает до конца рабочего дня, но может от того что муж пользуется Bluetooth гарнитурой. В целом, за эти деньги очень даже не плохой телефон.",otzovik.com,otzovik.com,4.0,2019-06-06,https://otzovik.com/review_8294607.html,positive
"Достоинства: легкий, компактный.
Недостатки: слабая батарейка, камера на 3 из 5
Данный телефон подойдет только для тех кто любит сидеть дома. Так как заряд он держит мало. Камера так себе. Это мой второй телефон одинаковый. На экране появилось желтое пятно, как и на первом. после обновления системы, начинает очень сильно тормозить и появляется реклама после каждой блокировки экрана.",otzovik.com,otzovik.com,3.0,2019-01-29,https://otzovik.com/review_8261017.html,neutral
"Достоинства: Хорошая камера, мощный процессор.
Недостатки: Скользящий корпус.
Huawei Honor 7A. Благодаря своим техническим способностям может получить роль игрового телефона. Играя на нём я не испытывал не приятных ощущений. Так же работая в графическом приложении по типу ""Photoshop"" тоже не возникло проблем. В плане дизайна корпуса телефон выглядит очень хорошо. Но есть одна проблема, корпус очень скользкий, поэтому рекомендую докупить чехол, дабы не произошло случайных падений смартфона. Двойная камера имеет очень большой плюс. Если вам нужно чтоб определённый объект в кадре выделялся, а задний фон был размыт, то данная камера очень хорошо с этим справляется. Телефон может использоваться для всего что вам нужно.",otzovik.com,otzovik.com,4.0,2019-01-28,https://otzovik.com/review_8254995.html,positive
"Достоинства: Хорошая камера, взаде фонарик, на экране тоже, хорошая батарея
Недостатки: Хрупкий экран, а так всё устраивает.
Смартфон Honor 7a очень удобный, надёжная и долгая батарея. Хорошо лежит в руке т. к. не сильно большой и не сильно маленький. Громкий динамик. Купить можно от 7000 рублей, за такие деньги очень хороший телефон. Сама пользуюсь уже второй год и все устраивает. Отличная камера, фонарик, на переднем экране есть вспышка чтобы фотографироваться в тёмное время суток. В набор входит зарядное устройство, провод очень хороший. Купить можно в любом городе.",otzovik.com,otzovik.com,5.0,2019-01-25,https://otzovik.com/review_8241321.html,positive
"Достоинства: Батарея
Недостатки: Звук, скорость работы
Когда-то пользовался данным смартфоном, сейчас купил другой. Камера норм, память 16 2 гб. Работает нормально. Покупать, сами решайте, если есть смарт круче не берите.",otzovik.com,otzovik.com,4.0,2019-01-24,https://otzovik.com/review_8238763.html,positive
"Достоинства: Цена
Недостатки: Внешний вид, глючный дисплей(скорее всего брак)
Телефон очень бюджетный, не большой экран, дизайн мне не понравился, но тут как говорится, на вкус и цвет. По сравнению с Honor 7A Pro выглядит не очень, т. к Honor A Pro больше и есть отпечаток пальца, я пользовался данным телефоном, не знаю как у других, но у меня глючил экран, он жил сам по себе, перелистывал страница и т. д, да и сам телефон жил своей жизнью, открывал и закрывал приложения, иногда даже сам включал музыку.",otzovik.com,otzovik.com,3.0,2019-01-15,https://otzovik.com/review_8195847.html,neutral
"Достоинства: Хороший телефон, камера супер
Недостатки: Нет наушников в комплекте
Купил я себе этот телефон потому что мой сломался, но мне нужен был новый и мой выбор пал на этот телефон. Дизайн очень красивый, синий цвет. Чёткая камера как задняя так и фронтальная. Комплектация телефона была из: коробки, документация, блок зарядки, провод зарядки. В игры можно хорошо поиграть, не виснит. Зарядку держит долго часов 6 без прерывной работы. Также есть защита глаз что-бы ваше зрение не падало. Есть обновления системы как только оно выйдет. Также телефон много падал но не разбивался либо я визучий или у телефона хороший экран:). В целом телефон хороший",otzovik.com,otzovik.com,5.0,2019-01-09,https://otzovik.com/review_8168603.html,positive
"Достоинства: Неплохая камера, объёма батареи хватает почти на весь день, функция защиты зрения.
Недостатки: При долгом использовании нагревается, что свойственно всем смартфонам, не крепкий разъём для сим карты.
Пользуюсь телефоном только два месяца, в целом доволен. Потерял штуку чтобы вытаскивать, то куда нужно вставлять сим карту. Доставал саморезом и немного её поломал.",otzovik.com,otzovik.com,4.0,2019-01-06,https://otzovik.com/review_8157048.html,positive
"Достоинства: Дешевая цена, камера неплохая, хорошо сидит в руке, тянет большинство новых игр.
Недостатки: Один динамик, иногда зависает иза чего приходится перезапускать.
На первый взгляд телефон выглядит симпатично, легкий вес и размер идеально сочетаются. Когда узнаешь о характеристиках понимаешь, что телефон очень хорош, а за такую цену в 7000-8000 ничего лучше просто не найдешь. Хорошая камера в 13 мп делает фото очень насыщенным и ярким. Батареи хватает на полный рабочий день, долго в телефоне не посидишь, батарея сильно нагревается. Очень бесит когда он начинает сильно виснуть и его приходится перезапускать, хотя это мелочи жизни. Так же сильно понравилось, то что в основном он ловит 4G, хотя когда у моих знакомых H. С такой дешевой ценой и хорошими характеристиками поставлю 5, если бы не цена поставил бы 4.",otzovik.com,otzovik.com,5.0,2019-01-06,https://otzovik.com/review_8154895.html,positive
"Достоинства: Дизайн, держит хорошо заряд, память, камера.
Недостатки: Не обнаружены
Это подарок на нг от мужа. Я в восторге от дизайна, зарядки хватает на весь день, при том что я активный пользователь интернета, памяти достаточно куча приложений установлено, ни разу не было никаких подтуплеваний. Камера основная конечно лучше чем фронтальная.",otzovik.com,otzovik.com,5.0,2019-04-19,https://otzovik.com/review_8076611.html,positive
"Достоинства: Много памяти. Красивый дизайн. Крепкое стекло. Есть защита зрения и много других функций.
Недостатки: Иногда долго заряжается.
Пользуюсь уже на протяжении полугода. Не разбитый. Хватает зарядки на день. Много памяти, мне лично ее достаточно. Красивый дизайн. Не виснет, все работает качественно. А за такую цену, это вообще сказка.",otzovik.com,otzovik.com,5.0,2019-04-06,https://otzovik.com/review_8011087.html,positive
"Достоинства: не глючит, быстрый интернет, камера
Недостатки: нет наушников в комплекте, слабая фронтальная камера
Пользуюсь данным телефоном почти пол года. Пока очень довольна. За это время не разу не глючил, интернет работает быстро. Камера хорошая, правда фронтальная не очень, но я селфи не увлекаюсь, так что для меня это не принципиально. Для данной ценовой категории телефон очень хороший, рекомендую.",otzovik.com,otzovik.com,5.0,2019-04-04,https://otzovik.com/review_8000746.html,positive
"Достоинства: Датчик отпечатка пальцев, Android 8.0
Недостатки: нет nfc
Бюджетный смартфон с датчиком отпечатка пальцев. Стоит на Android 8.0 (Oreo). Довольно интересный смартфон. Подойдёт больше он для игр или работы. В коробке у меня был чехол прозрачный. Были скачены игры от GameLoft. Памяти всего 16ГБ, но можно расширить её с помощью карты памяти. Сим-карты идут Nano (маленькие). Был установлен Сбербанк Онлайн. Остался доволен товаром. Покупайте его своим родным, себе. Кому угодно. Я думаю что он всем понравится как и мне, так и вам. Ставлю 100 из 100!",otzovik.com,otzovik.com,5.0,2019-03-28,https://otzovik.com/review_7964305.html,positive
"Достоинства: Работоотчетность
Недостатки: Память
Отличный телефон, особенно для работы, всё прекрасно работает, всем советую. Только памяти маловато, поэтому нужно будет ещё купить дополнительно SD-карту.",otzovik.com,otzovik.com,5.0,2019-03-18,https://otzovik.com/review_7906263.html,positive
"Достоинства: Качественная сборка, компактный размер, экран 18:9, оболочка emui.,лоток под сим-карты и ssd раздельно.
Недостатки: Заявленная камера на13 пикселей, с натяжкой на 8p,а тыльная на 3, процессор MTK. отстой, для игр непригоден, лагает по страшному, нет сканера отпечатка пальц, мало памяти, производительность, сьемка видео только при хорошем
Недавно пришлось делать выбор среди, бюджетного сегмента, выбор остановил на модели honor7a, и хочу сказать что телефон не оправдал ожидания конечно есть плюсы но минусов выявил больше, даже среди китайской ""дичи"" сейчас на рынке есть более интересные модели, которые со сканером отпечатков пальцев, NFC, большей памяти, размер экрана, а этот телефон, я считаю""днищем"" компании"" Huawei. Ведь на самом деле, предшественников снабдили лучшей начинкой. Мой вывод, если брать то 7аpro, хотябы там процессор на""драконе"" Как звонилка, и для небольшой серфинг в интернете подойдёт, про нормальные игры можно забыть.",otzovik.com,otzovik.com,3.0,2019-03-17,https://otzovik.com/review_7896082.html,neutral
"Достоинства: -хорошая цена -прочный экран -хороший дизайн -хорошая камера
Недостатки: -со временем начинает зависать -нет подсчёта шагов
Достаточно хороший телефон, оптимальная цена. Очень прочный экран, много раз его роняла, а он не разбивался. Два раза уронила телефон под воду, а ему ничего не было. Но всему хорошему приходит конец, и мой телефон перестал работать от очередного падения в воду. Но до этого, когда он ещё работал в связи с временем пользования, он начал зависать.",otzovik.com,otzovik.com,4.0,2019-03-13,https://otzovik.com/review_7873156.html,positive
"Достоинства: Распознавание лица и крепкий экран.
Недостатки: Процессор MediaTek а так зашить)
Добрый День. Я не давно пользуюсь этим аппаратом но мне он очень нравится. В работе быстрый как молодой жеребец, звук приличный хотя не дотягивает до ФЛАГМАНОВ, но это бюджетный сегмент и за свои деньги он крутой. Игры тянет не на высоких конечно и не на максималках но на средних и минималках тянет на ура, благодаря 8 ядрам и 2 Гб ОЗУ И 16 ПЗУ. Камера 13 MP снимки очень красивые и чёткие. Что хочу сказать под конец за свои деньги это очень интересный и качественный аппарат. P.S. Я пишу с этого телефона)",otzovik.com,otzovik.com,5.0,2019-03-10,https://otzovik.com/review_7855630.html,positive
"Достоинства: 1) дизайн 2) очень удобен в использовании, прекрасно помещается в руке, чуть меньше Honor 7x 3) подойдёт для звонков и соц сетей, но не для игр
Недостатки: 1) иногда лагает камера 2) качество фото не очень, а по вечерам вообще отвратительное 3) быстро разряжается, вырубается на морозе
Неплохо держит заряд, но при использовании приложений может сесть буквально за час. Камера неплохая, но не идеальная, некоторые фото не хотят показываться в галерее. Памяти достаточно для хранения множества файлов формата аудио, видео и фото. Тянет приложения, но не все. Иногда подлагивает. На морозе разряжается мгновенно и сразу же выключается. А так, заряжается хорошо, очень быстро, в комплектации изначально был только зарядник. Самое сложное было найти на него чехол, пришлось по итогу заказать в интернете. Хороший дизайн, притягивает глаз и выглядит дорого.",otzovik.com,otzovik.com,3.0,2019-03-07,https://otzovik.com/review_7843923.html,neutral
"Достоинства: Хорошая цена, замечательна камера + 16ГБ памят.
Недостатки: Я не нашёл минусов в этом телефоне.
Довольно большой экран, хороший приём сети и батарею держит достаточно долго. 16 ГБ своей памяти, идут любые приложения и игры. Хорошая цена.",otzovik.com,otzovik.com,5.0,2019-02-24,https://otzovik.com/review_7784499.html,positive
"Достоинства: Удобный, большой экран, качественные снимки с камеры
Недостатки: иногда тупит
Данной моделью пользуюсь три месяца. По большому счёту нравится. Удобно лежит в руке, правда кнопка выключения получается как раз под пальцами и бывает нечаянно выключаю экран. Большой экран. Встроенная память 16 ГБ, слот для карты памяти, две сим-карты. Камера основная 13МП, качество фотографий очень даже на высоте, фронтальная камера 5МП, ну для меня качество снимков нормальное. Динамики не плохие - звук чистый и довольно громкий. Навигация не очень удобная, некоторые настройки приходиться ""с фонарями "" искать. Интернет 4G. И не знаю - только у меня или это свойственно всему модельному ряду - но ряд операций выполняется с задержкой. Допустим делаю вызов из телефонной книги, нажимаю на выбранный контакт в общем ряду - секунды 3-4 тупит, потом высвечивает выбранного абонента. Жму вызов - снова секунды 3-4 тупит, потом пошёл вызов. Откровенно это раздражает, особенно когда торопишься. Зарядку держит в районе суток - но я пользуюсь довольно интенсивно. Для своей цены достойный аппарат. В целом модель нравится. Рекомендую.",otzovik.com,otzovik.com,4.0,2019-02-18,https://otzovik.com/review_7750441.html,positive
"Достоинства: 1)удобство 2)удобен в использовании 3)при падении не трескается стекло (умеренно падение, на асфальте проверяла)
Недостатки: Их просто нет
Купил мне муж телефон хонор красного цвета, телефон очень клёвый, он просто огромный, по цене приемлемо, заряжаю всего раз в день, при том, что работаю онлайн, из телефона практически не вылезаю, мног раз роняла телефон, но слава богу, что он не разбился",otzovik.com,otzovik.com,5.0,2019-02-18,https://otzovik.com/review_7747072.html,positive
"Достоинства: Хороший телефон для своей цены.
Недостатки: Пока не нашёл.
Недавно (около месяца назад) купил себе телефон Honor 7a. Телефон неплохой, для такой цены хорошая камера, поддерживает почти все приложения. Неплохая батарея. Вообщем, хороший телефон для такой цены.",otzovik.com,otzovik.com,5.0,2019-02-12,https://otzovik.com/review_7717473.html,positive
"Достоинства: Недорого
Недостатки: Мало памяти
Honor 7a заявлен как без рамочный, рамки есть небольшие, заметно прибавляет в чехле. Оперативной памяти хватает, процессор справляется со стандартными функциями. Внутренней памяти мало, немалую долю съедает система. Внешний накопитель (флешку) надо проверять в магазине и при этом пару раз включить выключить, потому что иногда жалуются на не работу накопителя. Просмотр видео удобен, качество фотографий хорошее, не тупит если во время чистить ( есть базовый антивирус и диспетчер). 4g работает достойно, в комплекте только зарядка. Чехлы заказать можно где угодно и стекло, модель распространенная. Аккумулятор нормальный, если сильно не грузить телефон дердит, на супер пупер игры не рассчитан. Вообще хороший телефон, без заморочек, отпечаток пальца как на след модели лишний, удобный, не тупой, цена 7400, вполне себя оправдывает, более он не стоит. Вид сзади в чехле Рекомендую!",otzovik.com,otzovik.com,4.0,2019-02-10,https://otzovik.com/review_7703243.html,positive
"Достоинства: В комментарии
Недостатки: маловато оперативной памяти
Решил купить новый смартфон на замену старого MEIZU m5c. Долго думал чтобы купить на сэкономленные деньги, нужно было что-то не дорогое и в полне хорошее устройство. Мой выбор остановился на смартфоне Honor 7A. Меня приятно удивила цена этого смартфона всего 7500 рублей. Приятный девайс, хорошая камера, яркий фонарик, очень удобно лежит в руке, батареи хватает на весь день(12 часов) при том что Я постоянно слушаю музыку и не вылазию с социальных сетей.",otzovik.com,otzovik.com,5.0,2019-02-04,https://otzovik.com/review_7667901.html,positive
"Достоинства: Быстродействие ,Бюджетность ,не маркий , яркий , хорошая камера
Недостатки: нет отпечатка пальца , слабый аккумулятор
Очень хороший и быстрый смартфон от компании Huawei, служит мне уже 2 года и пока у меня нет нареканий. За свою цену это отличный выбор",otzovik.com,otzovik.com,5.0,2019-02-02,https://otzovik.com/review_7659693.html,positive
"Достоинства: Цена, 4G, объем памяти
Недостатки: Видео, фото
Маленький сын утопил мой смартфон в унитаз, поэтому срочно пришлось менять. Выбирала из бюджетных. До этого тоже был Хуавей, поэтому особо выбор был не затруднен. Сначала все хорошо: объем памяти для моих требований хороший, есть 4G, цена доступна, работает быстрее, чем мой прошлый аппарат, хороший микрофон. Но вот камера, она меня очень расстроила. Невероятно плохой фокус. Больше половины сделанных фотографий получаются смазанными. То же самое с видео. Не получается начать съемку быстро, сначала нужно выждать время, пока смартфон ""прицелится"". Сначала я подумала, что мой телефон с браком. Но мама решила за мной повторить и тоже купила себе смартфон такой модели. Один в один (а покупали мы с ней в разных местах). В общем, разочарована полностью. Спустя 3 месяца от момента покупки я уже всерьез подумываю о другом телефоне.",otzovik.com,otzovik.com,3.0,2019-01-27,https://otzovik.com/review_7618225.html,neutral
"Достоинства: Внешне приятный
Недостатки: Слабая батарея
Выбирали между самсунгом. за 6.5 тысяч но продовец оооочень порекомендовал этот. Дочке конечно очень понравился... но за 7.5 мог бы быть и понадежнее Видео можно записывать только если не менее 60 % зарядки. (брали упакованный. .)Меньше не тянет на моем самунге за 6.5 тысяч камера даже при 10% пишет. Вообщем я бы поменяла на проверенный самсунг... но увы...",otzovik.com,otzovik.com,2.0,2019-01-20,https://otzovik.com/review_7582723.html,negative
"Достоинства: Батарея
Недостатки: Камера, память, прошивка.
Купили жене взамен старого и умершего, приоритеты были - 2 сим, хорошая камера, ёмкая батарея. Сим и правда 2 +отдельный слот для флешки. Камера оставляет желать лучшего, при плохом освещении фото получаются размытыми и качество страдает, автофокус очень долго настраивается. Батарея держит заряд около суток при активном использовании. Ну и основные проблемы и недостатки - Мало встроенной памяти! 16гб из которых 10гб забито предустановленными приложениями и уже при остатке свободной памяти в 2гб телефон начинает жестко тупить! В общем не прошло и месяца пользования и жену он стал раздражать.",otzovik.com,otzovik.com,3.0,2019-01-14,https://otzovik.com/review_7548303.html,neutral
"Достоинства: Крепость, надежность, практичность.
Недостатки: нет
Владею 7А уже почти год, за последнее время маленький ребенок помог ему чуть-чуть поплавать, но не проблема высох и работает дальше, сегодня он выпал у меня из рук и упал с 3 этажа на кафельный пол, и пока он летел я думал кокой телефон куплю следующим, когда я услышал стук понял, что телефон приземлился, посмотрел вниз, он открылся но не весь, лежал стеклом вниз, я спустился к телефону поднял его и удивился, экран был цел, мало того он работал, но был слегка погнут, я закрыл его и стал пользоваться дальше. Все хорошо работает, но теперь он слегка изогнут и причем удобно для руки )",otzovik.com,otzovik.com,5.0,2019-01-10,https://otzovik.com/review_7524493.html,positive
"Достоинства: Красивый, очень много памяти и он достаточно хорош для качественных игр и пригоден для разных игр.
Недостатки: Зарядку держит не очень долго, у меня он один раз не принял звонок. Иногда наблюдаются небольшие приостановки, при игре в масштабные игры.
Смартфон имеет отличные характеристики, также очень удобно управляется и работает очень быстро. Этот телефон достаточно хорош при маленькой температуре, не переохлаждается и не перегревается. Он очень многофункциональный, имеет большое количество памяти и выдерживает даже самые масштабные игры. Отличная камера.",otzovik.com,otzovik.com,4.0,2018-12-27,https://otzovik.com/review_7464628.html,positive
"Достоинства: дизайн,качество,цена
Недостатки: иногда виснет
купили 2 месяца назад этот телефон, за свои деньги даже очень неплохой телефон. Всё работает, правда когда ребенок много играет в игры, то пару раз зависал, приходилось перезагружать и всё становилось на свои места. В телефоне уже загружены самые популярные приложения, а ребенок загрузил много игр, но памяти еще достаточно. Не нашли только как поставить на режим ""вибро"", есть только ""громкий режим"" и режим""не беспокоить"", получается, что среднего не дано. Я думаю, что этот телефон лучшее сочетание цена-качество. Ды и дизайн хороший, большой экран, красивый телефон. Батарею держит долго, заряжается где-то за 1.5 часа полностью.",otzovik.com,otzovik.com,5.0,2018-12-27,https://otzovik.com/review_7461812.html,positive
"Достоинства: оперативная работа, стоит недорого, красивый дизайн
Недостатки: монолитный корпус, фронтальная камера шумит, батарея быстро разряжается
Купила месяц назад за 8 тыс. р. Пока работает оперативно, не зависает. Камера фронтальная шумит в помещении, а на улице качество фото хорошее получается. Заряжается до полной часа 2,5. Хватает только на день. Есть встроенная программа, которая экономит батарею, очищает лишние файлы в памяти, сканирует вирусы. Еще несколько бесполезных, на мой взгляд, программ встроенных. Их удалить нельзя, а место занимают. Удивило наличие функции разблокировки распознаванием лица. Смущает монолитный корпус, раньше смартфоны у меня были с открывающейся задней крышкой. Если заглючит - можно было вытащить батарею. Теперь ничего не сделаешь. Надеюсь, таких проблем не будет! В целом, обычный смартфон. Конечно, месяц еще не показатель, поделюсь мнением через полгодика)",otzovik.com,otzovik.com,4.0,2018-12-17,https://otzovik.com/review_7412037.html,positive
"Достоинства: - большой экран - хорошо держит зарядку - прост в использовании - доступная цена
Недостатки: Пока не увидела минусов
Телефон очень хороший. Работает отлично, без проблем. Заряд держит больше суток при активном использовании. Экран большой, удобно смотреть видео. Прост в использовании.",otzovik.com,otzovik.com,4.0,2018-12-11,https://otzovik.com/review_7379829.html,positive
"Достоинства: Стильный, функциональный, хороший телефон.
Недостатки: Экран не очень прочный, поэтому лучше сразу покупать защитное стекло.
Для своей стоимость очень даже не плохой телефон. Покупала где то за 7-8 тысяч рублей что в принципе нормально. Вкратце о телефоне: Хороший телефон, не лагает. Заряда хватает на долго. Дисплей удобный и вообще сам телефон удобный. Стильный, на данный момент хожу с ним и меня устраивает. Как подарок тоже отличный. Мне купил его брат и я была в восторге. Всё лучше чем с какой нибудь ""деревяшкой"" ходить.",otzovik.com,otzovik.com,4.0,2018-12-04,https://otzovik.com/review_7346893.html,positive
"Достоинства: Недорогая цена, хороший интерфейс, удобно держать, есть сенсорные кнопки, тонкий и легкий
Недостатки: Ужасная камера, быстро нагревается, не съёмная батарея, мало памяти
Купили новенький Honor 7a. Критерием моего выбора была хорошая камера. В характеристика телефона было заявлено: 13 мм задняя, 5 передняя. Ладно, купили. Дома начала пользоваться -пару раз слетела программа сообщений. Ошибка. Решила испробовать камеру - на заявленные 13 мп точно не тянет. От силы 8. Фото зачастую несфокусированныеНа, размытые, хотя долго снимала. На передней камере вообще нет фокусировки, сразу делается снимок. Продавец Е* на хвалил фирму Honor, мол никто не жаловался и не возвращал. Раньше пользовалась Samsung j1, коробка ему пухом. Имея, не ценим, потеряв - плачем... Разочаровалась в Honor в первый же день. Собственно, цена соответствует качеству. Покупала за 7550 При покупке телефона, пожалуйста, внимательно проверяйте, подходит он вам или нет.",otzovik.com,otzovik.com,3.0,2018-11-24,https://otzovik.com/review_7292968.html,neutral
"Достоинства: Отличная камера, топово выглядит со стороны, хорош в работе,.
Недостатки: Лично у меня, с подборкой защитного стекла.
Очень хороший телефон, думает быстро. Приобрёл его вначале девушке, она его очень расхвалила, пришлось и себе взять) Фотографии получаются отличного качества, хорошая замена фотоаппарату) Всем советую)",otzovik.com,otzovik.com,4.0,2018-11-21,https://otzovik.com/review_7279453.html,positive
"Достоинства: Внешний вид,камера,характеристики
Недостатки: Корпус
Пользуясь этим телефоном около 7 месяцев могу точно сказать что телефон - огонь. За свою скромную стоимость вы получаете прекрасный дизайн, не плохую камеру как переднюю так и заднюю. На этом телефоне можно играть в большинство игр на максимальных настройках . Он очень качественно собран, устойчив к падениям . Этот телефон падал у меня меня около 5 раз на асфальт и почти не получил повреждений за исключением пары царапин. Телефон очень просто в использовании подойдёт как пожилому человеку так и ребёнку . Имеет очень удобный слот под сим карту. Что мне не очень понравилось так это то что на корпусе остаются отпечатки от пальцев, но плюсы этого телефона перекрывают это на все 100. Вообщем всем советую телефон классный.",otzovik.com,otzovik.com,4.0,2018-11-18,https://otzovik.com/review_7262201.html,positive
"Достоинства: Очень много плюсов, он сам один огромный плюс, в вашей коллекции продвинутых и современных гаджетов, смело берите, хоть ребёнку, хоть себе!
Недостатки: Минус есть, это тот самый трек для симок и карты памяти, нужно обладать руками ювелира, но зато он внешний, хорошо закрывается
В эпоху колоссального выбора, я предпочла приобрести чудо гаджет honor 7 А, я в восторге от экрана, интерфейса, удобный поиск (по самому телефону), быстрый, две камеры(качественные), всего один трек для аж 2х снимок и карты памяти, причём сам телефон обладает 16 гб памяти, тянет все игры, приложения, главное демократичная цена, так же для удобства долгослужения я приобщитьсярела удобный чехол книжку, а для тех, у кого случайно упал-есть возможность сразу поставить защитное стекло, очень все компактно и продумано! всем советую, особенно для школьников, за цену всего в 8 тыс рублей, выполучаете удобный гаджет, которомуподсилу, благодаря процессору mediatek mt6739, обладает высокой многозадасностью, есть все в нем начиная от игр, заканчивая бизнесом!",otzovik.com,otzovik.com,5.0,2018-11-15,https://otzovik.com/review_7245101.html,positive
"Достоинства: Хорошо работает в играх и в интернете.
Недостатки: Мало чехлов. И через два месяца начинает подвисать.
Данный смартфон очень хороший для своих денег. Стоит он примерно семь - восемь тысяч рублей. Это смотря в каком магазине брать. Лично я покупал за семь с половиной тысяч рублей. Данный телефон хорошо работает. Нет никаких лагов. В интернете всё быстро грузит. Так же хочу отметить, что этот телефон очень хороший в играх. То есть он подойдет как людям, которые хотят поиграть в игры и кто хочет посидеть в интернете. Есть так же и минусы. Не такой важный минус этого телефона - это то, что у него почти нигде нет чехлов. Так же хочу отметить, что где то после двух месяцев работы этого телефона - он начинает немного подвисать. А так в целом очень хороший телефон. Ставлю ему 4 звезды.",otzovik.com,otzovik.com,4.0,2018-11-14,https://otzovik.com/review_7242148.html,positive
"Достоинства: Хоть и телефон 5.7 диймов в руке лежит хорошо, все игры тянет не лагает
Недостатки: Быстро греется и со времен быстро кончается зарядка
Телефон заказывал с китайского интернет магазина, всё пришло хорошо всё работает, в комплект положили чехол и защитное стекло, теперь про сам телефон своих денег он явно стоит, хороший экран, хорошая производительность, современный дизайн 18:9, отличная батарея, отличный процессор всё современные игры тянет, и ещё есть face ID распознавания лица быстро и удобно, вообщим телефон своих денег стоит",otzovik.com,otzovik.com,5.0,2018-11-13,https://otzovik.com/review_7236016.html,positive
"Достоинства: Дешёвый и многофункциональный
Недостатки: Зависает
Купил в конце августа. Всё в принципе работает, но - камера для своих мрх слабовата, настраивал кучу времени и толку нет. Далее он часто лагает при работе с приложениями такими как - ВКонтакте и Инстаграм.",otzovik.com,otzovik.com,4.0,2018-10-28,https://otzovik.com/review_7158287.html,positive
"Достоинства: Бюджетный, хороший процессор, хорошая камера, безрамочный экран
Недостатки: Процессор не очень мощный, но для бюджетного топ
В телефоне много функций, напиример: экран может делиться на две части, камера 13 мегапиксилей, фронтальная камера 5, безрамочный экран, много функций.",otzovik.com,otzovik.com,5.0,2018-10-23,https://otzovik.com/review_7137198.html,positive
"Достоинства: камера, цена, процессор, качество звука, все характеристики
Недостатки: отпечаток пальца для его разблакировки
Всем у кого небольшой бюджет советую купить этот телефон. Компания хонор отличный смартфон. При его первом обновлении улучшается качество звука во время вызова. Также появляется функция распознования лица для его разблокировки. Камера тоже очень хорошая фронтальная 5 мп а задняя 13 мп.",otzovik.com,otzovik.com,5.0,2018-10-22,https://otzovik.com/review_7132497.html,positive
"Достоинства: Недорогой, хороший дизайн, удобен в использовании.
Недостатки: Притормаживает когда скачано много приложений (30 и более)
Купила Хонор после поломки айфона 6s, финансы пели романсы, 7490 вписывались в мой бюджет. Долго ходила выбирала, выбор пал на Хонор. Камера очень даже неплохая за такие деньги!!! Немного тормозит по сравнению с айфоном. Но это нормально, так как много приложений скачала на него. Память 16 гб, можно вставить карту памяти любого объёма (гб), в чем огромный плюс))) Мне все нравится!",otzovik.com,otzovik.com,5.0,2018-10-18,https://otzovik.com/review_7114352.html,positive
"Достоинства: У телефона хорошая камера и мощный процессор игры летают.
Недостатки: В телефоне всего 2 гигабайта оперативной памяти,это мало.
Я хожу с ним более 7 месяцев и до сих пор доволен, я его ронял раз 5 и нечего страшного, работает быстро не лагает, процессор хоть и старенький но до сих пор актуален даже в 2018 году.",otzovik.com,otzovik.com,4.0,2018-10-07,https://otzovik.com/review_7064721.html,positive
"Достоинства: много озу, много памяти, приятный интерфейс, быстрая зарядка, поддерживает 2 симкарты
Недостатки: местами плохой интернет, хотя на другом телефоне(тот же оператор) в этом месте все отлично.
Пользуюсь им уже полгода, приятный интерфейс, много памяти, много ОЗУ. Все приложения запускаются без лишних хлопот, все быстро, я доволен! Рекомендую всем! Обожаю компанию Huawei!",otzovik.com,otzovik.com,5.0,2018-10-01,https://otzovik.com/review_7036583.html,positive
"Достоинства: Удобный, яркий, симпатичный, недорогой.
Недостатки: Звук не громкий,камера не четкая.
Покупала смартфон данной модели на д. р. маме! Выбирала из соображения простоты в использовании и внешнего вида. Общие впечатления: яркое и удобное меню, красивый дизайн, удобно держать в руках, звук не очень громкий, камера на 13 Мп не тянет. Достойный вариант за такие деньги!!!",otzovik.com,otzovik.com,5.0,2018-09-17,https://otzovik.com/review_6977731.html,positive
"Достоинства: Доступная цена, стильный дизайн, отлично работает
Недостатки: Минусы? Да они отсутствуют!
Недавно купил себе этот смартфон. На вид очень стильный, работает без нареканий, зарядку держит хорошо, не ""тормозит"", а главное - доступная цена и хорошее качество.",otzovik.com,otzovik.com,5.0,2018-09-12,https://otzovik.com/review_6958872.html,positive
"Достоинства: легкий, компактный.
Недостатки: устарел
Доброе время суток! Сегодня поделюсь мнением о смартфоне Honor 7a. Пользовался данным телефоном достаточно продолжительное время. Очень легкий и удобный. Компактный телефон легко помещался в карманах брюк. Это меня очень радовало. По характеристикам конечно он не флагман. Процессор MT6739, Версия Android 8.1.0, оперативная память 2ГБ, внутренняя память 16ГБ. То есть фото, видеосъемка на него велась. Но ни на что серьезное эти изображения претендовать не могут. Игры не устанавливались, потому что память телефона была забита приложениями, которые нужны в повседневной жизни. Это различные банки, маркетплейсы и т. д. Но, как оказалось, памяти много не бывает. Телефон с кучей приложений не успевал справляться. Поэтому был куплен другой смартфон. Телефон рекомендую как звонилку. Не подводил.",otzovik.com,otzovik.com,4.0,2024-08-17,https://otzovik.com/review_16439116.html,positive
"Достоинства: Экран и батарея
Недостатки: Память
Приобретённым смартфоном в принципе доволен, так как экран у данного аппарата шикарный для своей цены. Разочаровала только память, спустя неделю начал требовать флешку, но это не критично. А так собран товар достойно. Рекомендую к покупке!",otzovik.com,otzovik.com,5.0,2022-01-23,https://otzovik.com/review_13400209.html,positive
"Достоинства: Миниатюрный, многообразие цветов, 2 сим карты, 2 камеры, 16г памяти
Недостатки: Пластмассовый корпус
Купила телефон в этом году и очень довольна. Ноnоr 7А бюджетный вариант со всеми необходимыми функциями для работы и учёбы. Лёгкий интерфейс, память 16 г, чего вполне достаточно для среднестатистического пользования. Пока недостаток только в том, что корпус пластмассовый. Динамик хороший, камера справляется, кстати 2 камеры, одна из них фронтальная. У некоторых Хоноров знаю, что есть возможность ""любого пульта, "", Т. К. есть ИК-порт, а это очень удобно, но к сожалению в моем такой функции нет. Телефон ещё ни разу меня не подвёл, но бывает тормозит на холоде, не приучено ""железо"" к нашему зимнему климату, а так вполне себе стоящяя вещь.",otzovik.com,otzovik.com,4.0,2018-12-14,https://otzovik.com/review_7398453.html,positive
"Достоинства: Цена
Недостатки: Камера, материалы корпуса и лаги
Здравствуйте, сегодня расскажу про Huawei honor 7A. Приобрёл его отцу на день рождения за семь тысяч рублей в связном. Обычный бюджетный смартфон, ничем не отличается от других андроидов. Имеет 2 слота под мини сим-Карты, а также разъём для sd Карты. Корпус сделан из не очень хорошего пластика, однако собран достаточно хорошо и на корпусе нет никаких зазоров. Экран яркий, но цвета не сильно насыщены. Сенсор хорошо реагирует на касание. Камера так себе, сама программа подтормаживает, фотографии получаются среднего качества. Сеть ловит отлично. Батареи хватает на 1,5 дня. Больше про этот смартфон нечего сказать. Стандартный бюджетник, ничем не удивил, та и впрочем не огорчил. Отец пользуется уже 3 месяц и не жалуется.",otzovik.com,otzovik.com,3.0,2018-09-26,https://otzovik.com/review_7016415.html,neutral
"Достоинства: Со временем не портится, сразу есть пленка и чехол, вполне легкий телефон, очень высокое разрешение камеры.
Недостатки: Что в этот телефон надо Nano SIM , то что нету стабилизатора для изоброжения, очень просто можно разбить.
Этим устройством, я пользуюсь уже почти год. За это время не сколько не испортился, работает быстро как будто новый, очень радует в этом телефоне то что в нем есть вспышка с задней стороны телефона так и с передней возле фронтальной камерой. Весит это устройство совсем немного всего 150 грамм. В комплекте с телефоном идет зарядка, инструкции к телефону, на разных языках, радует что даже есть на русском языке. В этот телефон подходит Nano SIM. С телефоном идет уже наклеенная пленка и чехол силиконовый. Я очень рад что купил этот телефон так как он мне очень нравится и он очень удобный, советую купить и вам и стоит совсем немного. Батарея держит очень хорошо если играть в телефоне примерно 4 часа подряд то тогда зарядки уйдет только половина. Я этим товаром очень доволен, и буду им пользоваться до последнего.",otzovik.com,otzovik.com,4.0,2018-12-27,https://otzovik.com/review_7465049.html,positive
"Достоинства: ОТличный телефон
Недостатки: нет
Привет всем читателям Отзовика! Сегодня хочу поделиться отзывом о подарке мужа. Мой леново А6010, (про него я писала отзыв) пробыл со мной 3 года, вчера внезапно перестали работать сенсорные кнопки, перестали приходить оповещения, от них остался только звук, а кто что написал так и не могу увидеть, в итоге решил мне муж купить телефон. Покупали в Мегафон, выбор был между Honor 7A и Huawei. Цена была одинаковая 8990. Я решила взять первый. телефон очень удобно лежит в руке, не большой. Экран очень яркий, камера 13 мп.(5 мп) ( к сожалению уже было поздно, ничего не фоткала, завтра днем обязательно попробую, и поделюсь с Вами фотками). Телефон не тормозит, быстро откликается. Звук громкий, чистый. Внутренняя память 16 гб. Здесь уже обновленная версия андроид 8.0. Процессор - Qualcomm Snapdragon 430. Вообщем телефон очень нравится, продается в симпатичном темно синем цвете. В комплекте зарядное устройство, инструкция, и иголочка) Я бы рекомендовала его к покупке) спасибо что прочитали мой отзыв)",otzovik.com,otzovik.com,5.0,2018-10-16,https://otzovik.com/review_7106466.html,positive
"Достоинства: Отличный вид, прочность
Недостатки: Маленькое количество памяти
Купила этот телефон, так как у многих моих друзей такие же. Внешний вид пушка, выглядит круто Достаточно долго держит зарядку, качество фотографий отличное. Один минус, я как девушка скажу что 16 Гб памяти мало, но так де плюс в том что можно вставить флэшку. Прошёл месяц, а работает как новенький. Не капли не лагает, а это огромный плюс. Очень компактный, удобно взять в руку или положить в небольшой карманчик. Так же очень прочный, за месяц я много раз успела его уронить, но он не как не пострадал, более того купила только по тому что он действительно прочный, подруга покупала тут и он упал в туалет, так он пролежал там 6 часов и всё равно после этого работал",otzovik.com,otzovik.com,5.0,2020-07-17,https://otzovik.com/review_10361039.html,positive
"Достоинства: Процессор, цена, экран
Недостатки: Батарея
Копил денюжки на хороший телефон, долго думал, какой телефон покупать. Друзья посоветовали эту марку телефона, ну я и взял. Цена просто супер! За такой хороший телефон цена, ну очень маленькая. Этот телефон запускает тяжелые игры, такие как Asphalt 8, Gta San Andreas и без зависаний, правда только на средних настройках игры, можно наслаждаться игрой на таком телефоне. Что касаемо фотографий, то тут спорно конечно. Фотографии не супер, но все же грех жаловаться за такие деньги) Экран большой и смартфон хорошо держится в руках. Однако, помимо плюсов есть и минусы. Батарея разряжается быстро, если играть в игры. Рекомендую выбирать синий цвет, так как он кажется очень дорогим и привлекательным. Уверен, такой телефон понравиться всем) Фото не могу прикрепить, т. к нету другого телефона.",otzovik.com,otzovik.com,4.0,2019-08-10,https://otzovik.com/review_8594578.html,positive
"Достоинства: Мощная батарея Высокая версия Android Внутренняя память 16GB Имеет слот с двумя sim-картами и картой памяти Симпатичный дизайн Безрамочный экран Мощный динамик Фронтальная и основная камеры хорошего качества(5 и 13 МП) Есть функция ""Защита зрения
Недостатки: Нет сканера отпечатка пальцев и некоторых функций камеры, как в Honor 7A Pro
После того, как мой старенький Lenovo перестал работать, я задумалась приобрести новый смартфон. Я долго выбирала, сравнивая цены, функционал, дизайн, качество камеры и остановилась на Huawei Honor 7A. На момент приобретение он стоил 7 490 рублей. Я немного разочаровалась, когда увидела, что в коробке нет наушников, потому что когда в последний раз покупала смартфон, они были. Но это не столь важно. Вытащив телефон из коробки, я его осмотрела. К сожалению, не было сканера отпечатка пальцев, которого мне хотелось. Интерфейс вполне симпатичный. Меню напоминает iPhone(и иконки тоже). Было установлено несколько игр и социальные сети(Instagram, Facebook и т. д.)Их в любой момент можно удалить, если мешают. В первую очередь я проверила камеру. Основная камера высокого качества. Фронтальная тоже, если выбирать правильное освещение, но и в тёмном помещении можно сделать более-менее качественные фото. Вспышка очень мощная. Фонарик вполне можно использовать как светильник. Меня огорчило то, что нет функции замедленной съёмки, а скачивая другие приложения, эффект ""слоу-мо"" выглядит не очень. Есть хорошее приложение, которое называется HiCare. Это своего рода служба поддержки. Там есть советы, в случае, если что-то может не работать. Версия Android 8.1 Oreo Хорошо поддерживает игры. Качество хорошее. Батарея быстро заряжается(примерно 2-4 часа) и долго держится в течение дня. Но не стоит часто разряжать и заряжать телефон, таким образом можно испортить батарею и телефон будет разряжаться быстрее. Если вы хотите недорогой, но хороший смартфон, то этот вариант для вас. Советую всем!!!!",otzovik.com,otzovik.com,5.0,2019-06-20,https://otzovik.com/review_8358332.html,positive
"Достоинства: Надежный, камера хорошо снимает.
Недостатки: Иногда зависает и выключается при долгой работе
Смартфон Honor 7A сделан качественно, пользуюсь им уже 3 года и до сих пор все в порядке, памяти хватает, камера снимает хорошо, несколько раз падал на асфальт и ничего не было корпус целый. Стекло крепкое, но советую постаить защитное стекло.",otzovik.com,otzovik.com,4.0,2021-07-16,https://otzovik.com/review_12178250.html,positive
"Достоинства: Камера отличная, экран яркий и достаточно большой.
Недостатки: Очень мало чехлов на этот телефон
Телефон стоит своих денег, камера отличная, экран яркий, динамик громкий. 2 сим-карты (микро), очень удобный. Зарядка держится хорошо, всем советую, очень хороший телефон)",otzovik.com,otzovik.com,4.0,2019-11-05,https://otzovik.com/review_8974722.html,positive
"Достоинства: камера, батарея, память
Недостатки: нет
Брал телефон 2 года назад за 14000р, за свои деньги хороший телефон, хорошая камера, объема памяти хватает на множество приложений, объема батареи и хватит на 3 дня. Советую, но лучше поднакопить деньги и взять что-нибудь получше!",otzovik.com,otzovik.com,4.0,2022-10-28,https://otzovik.com/review_13930840.html,positive
"Достоинства: Нету
Недостатки: Лаги,камера
Данному телефону более трех лет, за это время ухудшилось качество работы, но состояние в порядке. Хочется начать с того, что телефон со временем перестал держать заряд и разряжается за довольно короткое время, объем батареи 3000 mAh, возможно со временем количество ампер уменьшилось. Встроенной памяти в 32 гигабайта не в целом хватает на полноценное скачивание игр. Ужаснейшая камера на 13 мегапикселей, не хочется говорить о фронтальной на 5 мп. При покупке телефон вёл себя без сбоев, но сейчас он до жути зависает и с таким аппаратом трудно работать. Телефон не советую никому, потому что невозможно ходить с ним.",otzovik.com,otzovik.com,2.0,2022-10-11,https://otzovik.com/review_13872876.html,negative
"Достоинства: Хороший функционал Небольшая стоимость Хорошая камера Неплохое качество фотографий Быстрая зарядка Медленно разряжается На морозе не разряжается
Недостатки: Иногда глючит Бывают сложности с установкой времени сбивается после перезагрузки Особо много минусов не найдёшь.
Неплохое качество смартфона за небольшие деньги. Продаётся в разных цветах. Хорошо и быстро заряжается, долго держит заряд. Есть очень нужные функции например:Энергосбережение-хорошая функция особенно в дороге.",otzovik.com,otzovik.com,4.0,2019-09-03,https://otzovik.com/review_8702506.html,positive
"Достоинства: Качественно собранный корпус, заряд держит долго,удобный в использовании, качество камеры и звука отличное.
Недостатки: Из минусов только то, что чехлы найти трудно, но на просторах интернета это найти не трудно
Взяла на свой день рождения, очень долго выбирала между моделями, в конечном итоге взяла Хонор 7а и не пожалела! Очень удобный и не виснет, заряд держит долго и качество сборки хорошее",otzovik.com,otzovik.com,4.0,2018-11-19,https://otzovik.com/review_7267229.html,positive
"Достоинства: ✅ приятный дизайн ✅ удобство в использовании ✅ адекватная для такого качества цена
Недостатки: ✖ подлагивает порой, но не критично ✖ аккумулятор разряжается очень быстро ✖ качество фотографий
Приобрела телефон в июне прошлого года. Цена очень привлекательная, так что он будет по карману и тем людям, которые не могут себе позволить покупать более дорогие модели. Начну с, пожалуй, самого важного для меня аспекта — камеры. Качество съёмки оставляет желать лучшего, к сожалению. Часто снимки получаются расплывчатыми, а при приближении «рассыпаются» на пиксели. Иногда выходит сделать симпатичную фотку, но это скорее исключение. Дизайн мне нравится, симпатичный. Корпус моей модели золотистый, цвет приятный, в этом плане всё устраивает. Аккумулятор быстро разряжается. К концу дня остаётся в лучшем случае 10%. Несмотря на количество минусов, с уверенностью могу заявить, что он не так уж и плох. Рекомендовать кому-либо не хочу, тут уже вам самим придётся решать :D",otzovik.com,otzovik.com,4.0,2021-02-07,https://otzovik.com/review_11426631.html,positive
"Достоинства: Очень прочный, мощный аккумулятор, хорошая камера.
Недостатки: Быстро нагревается
Лично я с Honor 7A ходил 3года, и не пожалел! Телефон очень удобный, не тяжёлый, батарею держит вполне нормально. Единственный ньюанс это быстро нагревается. 16Гб мне вполне хватало. Все приложения тянет. Камера отличная, так же как и звук. Тянет 4G. У него отсутствует отпечаток пальца для разблокировки, но есть хорошая безопасность такая как пин код, пороль, графический ключ, и функция которая разблокирует телефон по узноваемости лицу. Гарантия даётся на год. Телефон прочный. Сколько раз падал у меня, не одной царапинки. Советую преобрести этот прекрасный телефон тому, кому он нужен для просмотра разных видео, для общения и для развлечения.",otzovik.com,otzovik.com,4.0,2020-03-17,https://otzovik.com/review_9646436.html,positive
"Достоинства: Цена.
Недостатки: 16 GB, часто виснет и вылетает, медленно заряжается и быстро разряжается, быстро разогревается
Доброго времени суток пользователи Отзовика! Это отзыв о телефоне который у меня был в 6-8 лет. Когда я был ребёнком, то тогда у меня столько радости было на лице когда мне его дарили, а сейчас я понимаю то, что он очень ужасный. Зарядка заряжается очень долго, мало памяти всего 16 GB, для игр и работы вообще не подходит, часто вылетает, быстро разряжается и быстро разогревается, маленький телефон сам по себе. единственный плюс в нём это его цена, а всего то он стоит 7-8 тысяч рублей Но в целом, то можно его подарить ребёнку на день рождение, и денег мало затратите, и ребёнка порадуеете. Спасибо за просмотр моего отзыва!",otzovik.com,otzovik.com,3.0,2022-07-30,https://otzovik.com/review_13633066.html,neutral
"Достоинства: Качество + цена
Недостатки: Мало оперативной памяти
Недавно купил себе смартфон Huawei honor 7a. Покупал йог себе через интернет. Пришел мне по пять дней. Корпус состоит из пластика и стекла. Задняя пластмассовая крышка крепка к падениям. В руке телефон сидит хорошо, не падает. Сканер отпечатка пальцев расположен сзади. Работает он очень быстро и эффективно. Слот в этом устройстве гибридный. Можно сразу вставить две сим карты и карту памяти до 256 гигабайт. Звук в этом телефоне классный. Здесь установлены стерео динамики. Звук стал громче что в динамиках, что в наушниках. Диагональ экрана здесь 5.7 дюймов. Но разрешение экрана всего HD. Однако качество картинки хорошее. Также яркость экрана и цветопередачи можно менять и настраивать под себя. Также установлена функция, когда экрана набирает синих тонов. Это очень помогает при чтении. Экран имеет способность разделяться на два экрана. То есть в одном смотрите ютуб, а во втором листаете инстаграм для примера. Памяти в этом смартфоне немного маловато. Два гигабайта оперативной и 16 гигабайт встроенный. Но игры на этом телефоне идут плавно и без глюков. Но с условием, если будут установлены только средние настройки. На максимальных будет глючить, так как малый объем оперативной памяти. Процессор здесь хороший, восьмиядерный. Также разработчики установили сканер распознавания лица в бютжетний смартфон. Скажу честно он работает прекрасно что на солнце, что вечером, что при нормальном освещении. Не глючит, не тормозит. Камера обычная на 13 мегапикселей. Снимает хорошо. Передает натуральные цвета, но немного просветляет. Фронтальная камера рассчитана на восемь мегапикселей. Снимает также неплохо, но не идеально. Батарея в этом телефоне на 3000 миллиампер. На первый взгляд мало, но на самом деле в день активного использования хватает. Смартфон действительно классный. Хорошее сочетание цены + качества . Всем рекомендую этот смартфон!",otzovik.com,otzovik.com,5.0,2018-10-22,https://otzovik.com/review_7129906.html,positive
"Достоинства: цена
Недостатки: качество
Телефон очень дешевый, но и его качество соответствует. Покупался 2 года назад на день рожденье. Начал лагать через 6-7 месяцев. Телефон в играх выдает 30-40 fps комфортно играть очень сложно. Камера неплохая для базовых задач. В телефоне мало памяти и ее постоянно не хватает. Зарядка тут mikrousb которая достаточно устарела",otzovik.com,otzovik.com,3.0,2023-03-31,https://otzovik.com/review_14546184.html,neutral
"Достоинства: - По нынешнему курсу доллара довольно дёшево - Можно использовать на крайний случай
Недостатки: - Плохая камера - Низкая производительность - Плохая защита
Телефон ужасен по многим критериям. Во-первых, ужасная камера. Внешняя и фронтальная имеют низкое качество съёмки. Во-вторых, ужасные внутренние характеристики. Мне кажется, что даже старый iphone 5s превосходит по своей производительности. В-третьих, ужасные защита корпуса и экрана. Если упадёт с маленькой высоты, то с большей вероятностью будут трещины. Покупал я сие чудо за 8.000 русских рублей. При этом, я бы дал этому телефону 5.000 рублей, не более. Внешний вид у него более-менее. Если прям всё время сидеть в телефоне, то батареи хватит на пол дня. В руке лежит неплохо. По 10-ти бальной шкале данный аппарат тянет на твёрдую четвёрку.",otzovik.com,otzovik.com,3.0,2020-03-22,https://otzovik.com/review_9675136.html,neutral
"Достоинства: Цена, большой дисплей
Недостатки: Лаги, плохой экран с пикселями.
Пользуюсь телефоном 9 месяцев, за это время телефон конечно лагал (процессор слабый), но по сравнению с nokia 2, honor 7a лучше. Экран в данном телефоне показал себя плохо: если присмотреться то можно обнаружить пиксели, экран телефона пожелтел и стал запоминать текст(если 15 сек экран будет на одной и той же заставке то тот текст выгорит, но потом уберётся), по сравнению с nokia 2, то у ней экран без единого пикселя и цвета насыщеные.",otzovik.com,otzovik.com,4.0,2020-01-06,https://otzovik.com/review_9270070.html,positive
"Достоинства: Красивый дизайн, удобно лежит в руке, наличие Face ID.
Недостатки: Ужасная камера, малый объем памяти, как оперативной, так и встроенной.
Начну с того, что покупала данный аппарат в спешке, так как старый резко сломался. Наверное, это моя вина, что я не до конца посмотрела характеристики смартфона и не смогла выбрать что-то лучшего качества. Так вот, перейдем к смартфону. Общее впечатление от него - не особо хорошее. Почему? Во-первых, хоть камера и 13 мегапикселей, но качество фотографий ужасное как на основной камере, так и на фронтальной. Во-вторых, очень маленький (лично для меня) объем встроенной памяти. 16 гигабайт мне хватает с трудом. И в-третьих, очень-очень сильно тормозит, иногда сам перезагружается. Не знаю, в чем дело, возможно, моя вина, но смартфон меня не устраивает. И так, из плюсов, так это то, что есть Face ID, то есть распознавание лица. А также, аппарат красивый внешне, небольшой и удобно лежит в руке. Посоветовать данную модель вряд ли кому-то могу, но я сказала все недостатки и достоинства, поэтому решать только вам!",otzovik.com,otzovik.com,2.0,2019-08-21,https://otzovik.com/review_8647421.html,negative
"Достоинства: Дизайн, удобный и приятный на ощупь, не разбиваемый.
Недостатки: Плохая камера, не держит заряд, глючит и тупит.
Этот телефон был очень хорошим когда-то, где-то в 2017-2018 году, но после им просто невозможно пользоватся. У меня был этот телефон в то время, и я тогда думал, что это самый лучший телефон который мог просто существовать. В моем хоноре 7, было всего 16гб, памяти сперва хватало, но потом нет. Камера отстой, серьёзно, заряд не держит совсем, очень тормозит и ни на что не годится. После хонора 7 я очень резко перешел на 7 айфон, это было самым лучшим решением в моей жизни. Даже у 7 айфона камера намного лучше и заряду держит тоже лучше, производительность, дизайн, состояние аккумулятора. Все было офигеть каким. Я никому не рекомендую брать этот телефон, даже дарить особенно ребенку. Единственное, что мне нравилось в этом телефоне, что он удобный и приятный на ощупь, в самом начале еще нравился его дизайн и его почти невозможно разбить.",otzovik.com,otzovik.com,5.0,2023-09-12,https://otzovik.com/review_15186843.html,positive
"Достоинства: -нет
Недостатки: -камера, память, производительность, батарея.
Пользуюсь 1,5 года, очень плохо, постоянно фризит(лагает), нижние кнопки иногда просто напросто залипают. Камера не очень, памяти мало, для его цены это очень плохо.",otzovik.com,otzovik.com,2.0,2022-06-07,https://otzovik.com/review_13456474.html,negative
"Достоинства: Красивый звук
Недостатки: перегрев лагает
Пользовался им в 2019 году. Постоянно перегревался и зависал смог им по пользоваться только месяц. За этот месяц я понял что в этом телефоне есть плюс - он хорошо греет руки зимой так как не каждый телефон может разогреться зимой до 37 градусов по цельсию. Ещё нужно добавить что этот телефон красивый и можно смотреть на его дизайн пока он зависает, а зависает он обычно на минут 5 минимум. Как итог хочу сказать что это один из самых ужасных телефонов от фирмы хонор которые у меня были.",otzovik.com,otzovik.com,1.0,2022-04-03,https://otzovik.com/review_13244799.html,negative
"Достоинства: Прекрасная максимальная и минимальная яркость. Приятный интерфейс.Хорошая громкость, большое разрешение, отличная чёткость картинки.
Недостатки: Фронтальная камера слабоват.
Мне очень нравиться Huawei и Honor. Они выпускают прекрасную электронику. Купив эту модель, я сразу понял, что потратил деньги не зря, а наоборот, я потратил их с пользой. Этим телефоном приятно пользоваться, так как большое разрешение и чёткость картинки позволяют разглядеть даже самые мелкие детали. Отличная громкость звука. Слушать на нём музыку одно удовольствие. Фото получаются просто фантастические. Заряд держится довольно долго. Цена во всех магазинах нашей страны приемлемая, а главное что он долго прослужит до первой неполадки, ну а на этот случай есть гарантийный талон. Рекомендую всем этот телефон",otzovik.com,otzovik.com,5.0,2019-03-03,https://otzovik.com/review_7823292.html,positive
"Достоинства: В описании
Недостатки: В описании
Всем привет! Пользуюсь смартфоном Honor 7A уже с октября 2020 года и за это время телефон меня пока не подводил. Да, он немного тормознутый для некоторых программ, камера не очень хорошая, памяти не так много. Но тем не менее, в целом не вызывает нареканий. Одним из плюсов я считаю то, что после нескольких падений, хоть и с незначительной высоты он по-прежнему жив и работает без косяков (видимо, надо уметь ронять). К примеру, у меня был планшет другого бренда, который после первого падения перестал нормально функционировать и полностью отказался это делать через полгода. Тут с этим пока проблем не видно. Посмотрим, как будет дальше. Ах, да. Также минусом является отсутствие NFC. Но сейчас, в нынешних условиях по стране эта функция не имеет значения) так что отсутствие этой функции не играет никакой роли абсолютно))) может, скоро на кнопочные перейдём обратно. Батарея держится нормально, но хотелось бы получше. А в целом сам телефоном доволен",otzovik.com,otzovik.com,4.0,2022-01-03,https://otzovik.com/review_13340733.html,positive
"Достоинства: неплохая камера, цена
Недостатки: спустя время очень плохо держит заряд, тормозит, невозможно скачать приложения из гугла, только плей маркет. это все сейчас. в начале было лучше, но недолго
Покупала три с половиной года назад, так что опыт использования большой. Не самое худшее, тем более за такую цену. Но точно не для тех, кому он нужен на долгое время.",otzovik.com,otzovik.com,3.0,2022-01-08,https://otzovik.com/review_12899572.html,neutral
"Достоинства: Нормально держит заряд
Недостатки: Качество камеры,маленькая память,качество работы телефона
Доброго времени суток, не так давно мой телефон украли и пришлось быстро приобретать новый, бюджет оказался небольшой. Выбор пал на данный Honor было много положительных отзывов и я надеялась на хороший телефон, но я в нем полностью разочарована. Во первых, 16 гб это очень маленький объем памяти, так ещё и оперативка по какой то причине занимает 8 вместо заявленных 4. Во вторых качество камеры нулевое, у сименса по моему и то лучше. Фотографии даже на штативе получались размытые. В третьих спустя месяц пользования он стал глючить, выходил из приложений, зависал и горел чёрный экран. Могу отметить единственный плюс это то, что он нормально держит заряд и на этом все, плюсы окончены. Никому не советую, лучше немного добавить и купить самсунг, чем такую фигня брать.",otzovik.com,otzovik.com,1.0,2021-11-29,https://otzovik.com/review_12734343.html,negative
"Достоинства: Сам смартфон это уже большой плюс
Недостатки: Минусов этому устройству не дам
Пожалуй я порекомендую вам этот смартфон, так как у самого было 2 таких смартфона. Удобный в использовании, памяти конечно не много, но хватает. Бывает батарея подводит, но у кого как, кто как использует данный смартфон. В данном устройстве присутствует камеры с неплохим качеством съемки. Экран не маленький, но и не большой, вот в чем самая главная фишка данного устройства, удобно лежит в руке, в кармане. Так же присутствует 4G сеть. Еще у него пожалуй самый удобный и понятный интерфейс. Дизайн телефон выполнен на хорошем уровне. Данный телефон стоит своих. Подойдет он для любого поколения нашего времени. Советую вам данный аппарат.",otzovik.com,otzovik.com,5.0,2021-07-28,https://otzovik.com/review_12232967.html,positive
"Достоинства: Очень хороший и качественный
Недостатки: Плохая передняя камера, нету отпечатков пальцев, мало памяти, память составляет 16 гб, что очень мало, качество ни плохое и не хорошее, на этот телефон самому найти чехлы и защитное стекло будет тяжело, проще заказать.
Телефон хороший, живучий, пользуюсь ею год, есть некоторые недостатки, но пользуюсь, всем рекомендую)) Задняя камера очень даже хорошая и надёжная Телефон падал много раз и не ломался вообще, она как новая ;)",otzovik.com,otzovik.com,5.0,2019-08-22,https://otzovik.com/review_8650569.html,positive
"Достоинства: Хорошая камера, внешний вид, поначалу быстродействие
Недостатки: Лаги процессора спустя короткое время использования
Этим телефоном я пользуюсь 4 месяца. Покупал в августе 2018 года и поначалу всё было очень даже хорошо. Телефон летал, переходы из приложений были очень быстрыми, что чрезмерно радовало. Плюсом ко всему была хорошая производительность. Я мог общаться в скайпе, пользоваться гуглом с 20-ю открытыми страницами и на второй половине экрана сидеть в вк и все было супер. Так ещё и камер была очень хорошей и делала качественные кадры. В общем я был рад данной покупкой как никогда. Однако позже он как и все смартфон начал подлагивать, при том сильно. Приложения могли просто не завуститься а о выполнении нескольких. Действий одновременно я мог вообще забыть. Естественно я ожидал этого, но не через 2 месяца использования! Потом постоянные обновления, от которых толку zero и только память забивают. Позже было вообще невозможно установить приложения. Якобы на телефоне не было свободного места, но потом через сам телефон я видел что свободно около 4 гб памяти, чего явно хватало для установки приложения весом в 100мб. И это не вирусы, телефон чист как никогда. За цену предлагаемую в магазинах я ждал боле долговечный продукт",otzovik.com,otzovik.com,3.0,2018-12-03,https://otzovik.com/review_7341975.html,neutral
"Достоинства: Батарея камера музыка
Недостатки: Память
Всем доброго времени суток и я оцениваю хонор. Прежняя версия как по дизайну так и по качеству была лучше. Мне не очень понравилось что память маленькая и даже меньше чем в той версии. Камера здесь очень хорошая и она меня радует. Отпечатка пальцев нет и это печально, потому что мне очень нравится эта функция это быстро и удобно. Еще есть разъем для двух сим-карт. Интернет ловит хорошо. Батарея очень долго держит заряд, и это круто. Для музыки тоже хорошо подходит, есть басы. Оперативная память тоже хорошая 2 гб. Есть хороший фонарик но можно было сделать и лучше. Сам телефон мне понравился но оцениваю его на 4 из-за памяти маленькой.",otzovik.com,otzovik.com,4.0,2018-11-23,https://otzovik.com/review_7287002.html,positive
"Достоинства: Нету
Недостатки: Производительность,Камера
К сожалению, у меня остались негативные впечатления от Huawei Honor 7a. Этот смартфон имеет неудовлетворительную производительность, часто тормозит и подвисает при использовании различных приложений. Камера также не соответствует моим ожиданиям - фотографии получаются размытыми с недостаточным количеством деталей. Кроме того, аккумулятор недостаточно емкий, и часто приходится заряжать устройство несколько раз в день. Мне также не понравилась операционная система - она не такая интуитивная, как у других смартфонов. К сожалению, Huawei Honor 7a не оправдал моих ожиданий, и я бы не рекомендовал его своим друзьям и знакомым.",otzovik.com,otzovik.com,1.0,2023-12-27,https://otzovik.com/review_15601314.html,negative
"Достоинства: Дизайн, Батарея, Кастомизация на уровне иконок и шрифтов, вспышка у фронтальной камеры
Недостатки: 16гб памяти, не очень мощный процессор за такую стоимость.
Доброго вам времени суток. Сам по себе телефон хорош... Если у вас потребности на уровне Соц. сетей, камеры и мессенджеров. Перед покупкой этого телефона запомните, прошить его не получится и в случае если вам надоест стоковая прошивка, стороннюю прошивку вам не поставить. Понравился дизайн, он не вызывает сильного ""Вау"" эффекта, но он не плох. Батареи хватает на полный день. Есть возможность ставить другие шрифты без root-прав (что собственно относится и к другим телефонам на EMUI, но не упомянуть я этого не мог). Спустя время, я у этого телефона нашёл фронтальную вспышку у камеры, это вроде и мелочь, а приятно. Из недостатков могу отметь ещё малый объем памяти, всего-лишь 16гб на всю жизнь телефона. По началу будет казаться что этого много, но потом оказалось довольно мало, когда установил 5-6 приложений. Не сильно порадовал процессор, за такую цену можно было и запихать камушек по мощнее.",otzovik.com,otzovik.com,4.0,2019-12-20,https://otzovik.com/review_9195141.html,positive
"Достоинства: Цена Дисплей Батарея
Недостатки: Нет
Куплен телефон был около года. За это время отмечено много плюсов: Классный и эргономичный дизайн Сильная, мощная батарея, которая хорошо работает как на морозе, так и в тепле Телефон при активном использовании на протяжении года ни разу не зависал и не делал Много памяти, которое почти не занимается системой Звук очень чистый и мягкий Камера фотографирует хорошо - фото четкие и резкие К сожалению, камера разбилась и теперь фото делать не получается Отдельно хочу поблагодарить за дисплей, так как очень хороший, цвета передает отлично, хроший диапазон яркости - ночью не слепит, днём не темнеет. Вцелом впечатление о телефоне хорошее.",otzovik.com,otzovik.com,4.0,2019-11-19,https://otzovik.com/review_9036877.html,positive
"Достоинства: Стоимость.
Недостатки: Небольшой объём памяти
Данный смартфон был приобретен мною три года назад, для того времени это была средняя модель в своем ценовом сегменте, этим он меня и привлек. Объем памяти был равен 32 Гб, изначально мне этого вполне хватало, но со временем начались проблемы, смартфон стал виснуть и постоянно не хватало памяти. В целом данный смартфон больше подходит ребенка, для выполнения более сложных задач и работы с документами как то не очень. В данный момент в некоторых магазинах он встречается в продаже, приобретают его скорей всего из за невысокой стоимости. Ну а так в целом впечатление среднее, для своего времени он был нормальный, но на данный момент я его не советую.",otzovik.com,otzovik.com,4.0,2021-10-04,https://otzovik.com/review_12500550.html,positive
"Достоинства: Много функций, удобный, много памяти, хорошая камера.
Недостатки: Автоматически может добавить мобильный контакт в черный список.
Мне нравится этот телефон. В нем много функций, он удобный для использования, достаточно памяти, не глючит, не виснет, хорошая передняя и задняя камера, можно настроить под себя. Больших минусов в телефоне нет, единственное в том что может автоматически отправить мобильный контакт в черный список, а так все хорошо. Я рекомендую телефон Honor 7а, потому что он очень удобный и хорош в использовании. Если вы хотите приобрести себе телефон и у вас есть определенный бюджет в размере десяти тысяч рублей - то я вас убеждаю, этот телефон идеально подходит. Он хорош за свою цену. Если вы его купили - то я надеюсь вы довольны своей покупкой.",otzovik.com,otzovik.com,5.0,2019-07-06,https://otzovik.com/review_8431173.html,positive
"Достоинства: Большой экран, красивый корпус, много памяти и камера хорошая
Недостатки: При моем использовании минусов не было замечено, все как мне нравится и то что я искал.
Понравились телефоны Honor из-за большого экрана, и очень красивого дизайна корпусов, дизайн просто иделен каждый оценит. Но внешний вид, не единственное, что привлекло меня. В телефоне присутствует множество новых возможностей которых нет на других телефонах. Телефон не лагает, хорошо поддерживаются приложения без лагов. Любителям съёмок он подойдёт, т. к камера у него хорошо, да и памяти много, что упрощает работа с данным телефоном Если, до этого не слышали про Honor, то советую попробовать попользоваться телефоном, я уверен что он вам понравится, в нем есть всё что так любят в 2019 году, удачи и приятного пользования телефоном.",otzovik.com,otzovik.com,5.0,2019-01-19,https://otzovik.com/review_7576297.html,positive
"Достоинства: Дёшево
Недостатки: Не ловит интернет, маленький дисплей, мало памяти, плохая камера.
Покупала я этот ультра бюджетник недавно, но до сих пор жалею. Постоянно глючит, не ловит, постоянно не хватает памяти хотя на телефоне скачен только тг, раздел прочее весит 10гб, ужасно одним словом.",otzovik.com,otzovik.com,3.0,2022-08-20,https://otzovik.com/review_13705928.html,neutral
"Достоинства: Нету совсем плюсов полная бяка, гадость не советую не кому!
Недостатки: Много минусов много много много много ну незнаю памяти мало телефон мелкий неудобный итд
У сомой хонер 7а, так как у меня еще и стекло разбитое очень неудобно, а стекло пока купить не могу, мало памяти, батарея не очень хорошая, вобщем советую только самсунг, самсунг самый лутший даже лутше всяких там айфонах...",otzovik.com,otzovik.com,3.0,2021-11-04,https://otzovik.com/review_12630152.html,neutral
"Достоинства: Ну классная система для тех лет.
Недостатки: Вздутая батарея, маленькая вместимость зарядки, а так же тупит после полторагода использования.
Здравствуйте сегодня расскажу о телефоне Huawei Honor 7A. Я купил его в белом цвете. Покупал его давно еще в 2018 году. Я пользовался им полтора года, пока не вздулась батарея на этом телефоне. Но у меня есть предположение, что это из за меня, так как я заряжал его не только его зарядкой а так же зарядкой для самсунга, а это для таких телефонов на сколько я знаю не допустимо, поэтому может быть это было из за меня. Ну вот, спустя полтора года, отдал жене, она им отпользовалась пол года и выставила на продажу. Ну сказать честно телефон на 6.5/10. Зарядка садится быстровато. После полтора года использования он подтупливал. Решать вам. Но сама фирма не плохая.",otzovik.com,otzovik.com,3.0,2021-07-24,https://otzovik.com/review_12212187.html,neutral
"Достоинства: Камера, батарея.
Недостатки: Закругленный экран, медленный процессор и память. Лагает видео
Сперва, когда подбирал мобильный телефон, почитав рецензии об Honor 7, я огорчился, т. к. постоянно найдутся те, кого что-то никак не удовлетворяет, но это так отвратительно преподносится, то что могу сказать так - дети, в случае если вы хотите от телефонного аппарата за 6 тыс всего и одновременно, наворотов, как в минувших дорогостоящих новшествах, и камеры как у зеркалок - в таком случае подобного не бывает! Не нужно приобретать недорогой мобильный телефон и потом на 10 стр расписывать, какой он некачественный - это неразумно. Если хотите мобильный телефон посильнее и покруче, то тогда и будьте готовы за него оплатить никак не 6 тыс, а в 2, а то и в 3-4 раза больше... Данный мобильный телефон брал как рабочую лошадку, ну и чтобы прилично выглядел. До этого у меня тоже был Honor, и я тоже им доволен - именно по этой причине и взял вновь данную марку... Конкретно советую! Яркий, шустрый, удобный, современный В целом нареканий нет Весьма сбалансированный, законченный аппарат. Привлекательный, удобный, многофункциональный... Очевидных недостатков отсутствует. Выглядит недешево-роскошно, с ним не стыдно. Прогуливаюсь с ним уже никак не 1-ый месяц получается - очень доволен. Давайте правде в глаза... iPhone сразу в слив по соответствию цена/качество (за стилем никак не гонюсь). Samsung безусловно хорошо, но только лишь в лучших Note. Вся серия S - это остаток с Note и чем бюджетнее, тем похуже огрызок. А топ иррационально дорогой. Huawei - интересно, но за подороже. Что там осталось? Sony? LG? Вот выбирал в ТЦ где в Пятнадцати метрах друг от друга: фирменные торговые центры Xiaomi, Samsung и большой российский ритейл-торговый центр электроники... Все возможные претенденты в руках покрутил, сравнил стоимость, внешний вид тип, перечень возможностей и в том числе и промоакции... Выбор был очевиден как никогда",otzovik.com,otzovik.com,4.0,2020-04-08,https://otzovik.com/review_9783290.html,positive
"Достоинства: качество, быстродействие, цвет, цена
Недостатки: рамка внизу экрана
Всем привет. Сегодня я хотел описать новенький смартфон Honor 7a. На вид смартфон смотрится неплохо, но мне не нравится вот эта полоска внизу экрана с символикой Honor. Хотя бы если бы там были кнопки было бы получше, а так просто пустое место. Стандартные кнопки назад, домой... расположенный на экране. О грустном поговорили теперь о более приятном. Андроид обновленный версии 8.1, по мне так это приятный момент. Корпус естественно пластиковый, но не скрепит и тем более без люфта, опять же это приятно. Экран разработчики поставили 5.45 дюймов, только не комплексуйте. Цвето передача цвета при 295 пикселей на дюйм, дает нам картинку практически с эффектом погружения. Что еще можно сказать о внешнем виде?? ах, да. забыл рассказать про камеру. Камеры на смартфоне всего две. Догадались какие?? Да, вы правы тыловая на 13 МП и Фронтальная на 5МП. Фотографии получаются красивые и красочные. Теперь немного о начинке: Смартфон поддерживает стандарты LTE для более быстрого просмотра станиц в интернете... Процессор на данном смартфоне стоит 4 ядерный и 2-мя Гб оперативной памяти. На мой взгляд больше и не нужно. Ну и на последок хочу сказать немного о аккумуляторе который на 3020 МаЧ можно было бы и больше конечно, но тогда смартфон был бы тяжелее. Цена смартфона Honor 7A - 7000 тыс. руб.",otzovik.com,otzovik.com,4.0,2018-07-05,https://otzovik.com/review_6671018.html,positive
"Достоинства: Нет
Недостатки: Весь телефон
Ужасный телефон. Не соответствует своей цене. Постоянно глючит и зависает. Всё время не хватает памяти. Подходит для сидения в инете. Иногда лагает чертов ютуб. Мало оперативки. Плохая камера. Подходит маленьким детям до 6 лет",otzovik.com,otzovik.com,1.0,2021-01-08,https://otzovik.com/review_11242046.html,negative
"Достоинства: Цена, экран, быстродействие.
Недостатки: Нет отпечетка пальца.
Приветствую вас, дорогие читатели. Данный телефон покупал жене для работы в декабре 2019го за 6500 руб... Сейчас он стоит даже дешевле. Остановился именно на этой модели, так как сам пользуюсь Honor 6a (предыдущая модель) уже 2.5 года и считаю, что вполне удачный выбор за небольшие деньги. Хотя 7а является аналогом, но всё же имеет небольшие отличия- чуть больше экран, но отпечаток пальца почему-то наоборот разработчики решили убрать. Во всём остальном они одинаковы. Итак, что касается комплектации. Коробка синего цвета, что стандартно для Honor. В комплекте всё стандартно- зарядное устройство, скрепка для слота под Sim карты, инструкция. По функциональности и качеству всё вполне не плохо. 2 Гб оперативки, 16 встроенной, 4 ядра процессор- минимально для нашего времени, что комфортно пользоваться сёрфингом, соц сетями. Матрица, на мой взгляд, яркая и красочная. Камера снимает почему-то хуже, чем у предыдущей модели Honor 6a, что нас конечно разочаровало. Возможно установлена более дешевая матрица, либо брак, не знаю. Ну а в общем смартфон стоит своих денег.",otzovik.com,otzovik.com,4.0,2020-01-05,https://otzovik.com/review_9965695.html,positive
"Достоинства: доступная цена, хорошее качество, удобное использование, хорошая камера, большой экран, много настроек
Недостатки: быстрое захламление памяти, даже если регулярно проводишь очистку, со временем начал много зависать и глючить
Покупала телефон ещё в 2019 году, за новый телефон, чехол и защитное съело в салоне отдала 15 тысяч всё вместе. 16 Гб быстро расходуются, но также можно быстро очистить память, удалив кэш. Хорошо проработал вплоть до 2021 года, потом появились зависания и баги.",otzovik.com,otzovik.com,3.0,2022-07-17,https://otzovik.com/review_13591090.html,neutral
"Достоинства: Очень удобен в использовании.
Недостатки: Маловата батарея.
Сегодня я хочу вам рассказать о моих впечатлениях о honor 7a. Очень красивый телефон хороший дизайн. Несколько цветов на выбор. Камера четка снимает хорошая вспышка. Уже падал на плитку раз 5 и всё равно как новенький. Возможность поставить 2sim-карты. Хорошее хранилище на 16 г. Скачал кучу приложений и немного игр и всё ещё осталось много места. Защитное стекло на него стоит около 600 руб., бампер в магазинах Евросеть, МТС, Билайн и т. д. 300 руб., в интернет магазинах от 50 до 300 руб... Очень удобный интерфейс. Яркий экран. Батарея относительно нормальная. Сначала пожелел, но потом понял что сделал правильный выбор. Всем советую покупайте.",otzovik.com,otzovik.com,5.0,2020-02-24,https://otzovik.com/review_9536856.html,positive
"Достоинства: Неплохая камера, большой объем памяти, доступен по цене.
Недостатки: Через некоторое время стал ""глючить"".
Добрый день читатели сайта ""Отзовик""! Давайте поговорим о электронике, а точнее о смартфоне Honor 7A. Телефон сам по себе не плохой. Разберёмся в технических настройках и вообщем о возможностях этого телефона. Функции: - Безрамочный экран -Камера очень хорошая. -Двойная сим-карта + слот для SD карты. Большой объем памяти Хорошо держит заряд батареи. Производитель естественно Китай. Модели разных расцветок, начиная от чёрной и заканчивая золотой. Так же при использовании нашлись и минусы. Примерно через год использования, телефон мягко говоря начал глючить. Стал очень очень ""долго думать"". Исходя из всего выше перечисленного, я рекомендую этот телефон. 9/10",otzovik.com,otzovik.com,4.0,2020-01-19,https://otzovik.com/review_9339726.html,positive
"Достоинства: -Удобно держать в руке -Приемлимая цена -Хороший дизайн -качество фотографий
Недостатки: Небольшой объем памяти
Хороший телефон. Не маленький и небольшой, удобно держать в руке и прекрасно помещается в карман. Служит уже 2 года и нету никаких проблем. Небольшой объем памяти, но хватает, время от времени надо чистить, как и любой телефон. За свою цену работает прекрасно. Хорошее качество камеры, как передней, так и задней. Батарею держит нормально. Надеюсь отзыв помог! Рекомендую!",otzovik.com,otzovik.com,5.0,2019-11-09,https://otzovik.com/review_8992798.html,positive
"Достоинства: Дисплей, мощность, объем памяти, прочный корпус
Недостатки: Не обнаружил
Пользуюсь данным телефоном 1 год, мощность устраивает, хороший дисплей, достаточное кол-во памяти. Хороший корпус, пару раз ронял на твердую поверхность, однако он остался цел",otzovik.com,otzovik.com,5.0,2018-09-29,https://otzovik.com/review_7029171.html,positive
"Достоинства: Цена и качество!
Недостатки: Нет
Всем доброго времени суток! Хочу поделиться с вами своими впечатлениями о данном товаре! Телефон мне подарил муж в замен разбитого айфона(((. Сначала была расстроена, но после знакомства с системой андроид и самим телефоном осталась довольна! Цена для тонкого телефона без все составляющих как защитное стекло, гарнитура, чехол составляет где-то от семи до восьми тысяч, если со всеми комплектующими где-то в районе тринадцати тысяч! Дизайн привлекательный, экран большой, что позволяет смотреть фильмы! Камера четкая не размывает! Думает быстро не тормозит! Через плэй маркет можно скачать любое интересующее вас приложение! На данном фото представлена начинка телефона (память процессор, и тогдалее!",otzovik.com,otzovik.com,5.0,2019-01-27,https://otzovik.com/review_8250725.html,positive
"Достоинства: Отличная цена, хорошая камера.
Недостатки: Их и нету.
Самого начала телефон очень хорошо работает, но с годами она начинает терять свою производительность, конечно так может случится с любым телефоном, но за такую цену грех жаловаться, использую уже 2 месяца, для общения и работы в интернете сойдёт конечно же",otzovik.com,otzovik.com,4.0,2021-11-15,https://otzovik.com/review_12673580.html,positive
"Достоинства: Дизайн. Камера 13мп. Не глючит. Хорошая клавиатура. Достаточно памяти
Недостатки: Немного тупит, не мгновенно выполняет операции (в принципе не удивительно для Android)
Телефоном Honor 7a, а уже пользуюсь более полу года, и скажу честно, телефон меня до сих пор радует. До приобретения этого телефона в меня был ужасный телефон (не буду озвучивать молель). Он ужасно тупил, глючил, включался без повода и тп. Я понимаю, что мне нужен другой, но я уже обожглась с первым, и очень сильно боялась покупать. Но рискнула. Не пожалела о покупке. Телефон довольно бюджетный, но за свою стоимость отличный. Не глючит. Красивый дизайн. Хорошая клавиатура. Также есть ощущение безрамочности. Отличная камера, как на профессиональном фотоаппарате. 16 гб вполне хватает. Скачано 20 приложений, и ещё свободно 4гб В общем, если хотите приобрести довольно хороший, бюджетный телефон, то советую.",otzovik.com,otzovik.com,4.0,2019-09-11,https://otzovik.com/review_8736049.html,positive
"Достоинства: Дизайн, быстродействие.
Недостатки: Плохие камеры.
Приятный глазу экран, прикольный дизайн. Есть полезные функции типа разблокировка по лицу, ночной режим и улучшение звука BesLoundness. Но то как работают камеры, такое чувство, что купил телефон за 2000 рублей. В характеристиках заявлено, что основная камера 13мп, а по чувству 8мп и то с интерполяцией.",otzovik.com,otzovik.com,3.0,2019-02-10,https://otzovik.com/review_7703291.html,neutral
"Достоинства: Много различных чехлов, небольшая цена.
Недостатки: Мало памяти, постоянно глючит, камера ужасная.
Ребёнку подойдёт данный смартфон для связи с родителями, просмотра мультиков. Но снимать фото и видео, работать во многом количестве приложений не получится. У меня в последнее время если и удавалось зайти в какое либо приложение, то не надолго. Это очень огорчило. Ведь ему всего 2 года с момента покупки. Качество видео ужасное. При увеличении вообще не было что-либо понятно. Я брала за 8000. По моему это дороговато для данной модели. Ведь памяти всего 16 Гб. Из низ 6 это заранее установленные приложения, которые невозможно удалить. Взрослым для работы не рекомендую.",otzovik.com,otzovik.com,2.0,2021-03-31,https://otzovik.com/review_11718190.html,negative
"Достоинства: дизайн, цена
Недостатки: Камера и батарея не очень, но что ещё ожидать за такую цену
Телефон нужен был срочно и выбор упал на хонор 7А, о чём позже я пожалела. Дизайн был более-менее хорошим по сравнению с другими бюджетными вариантами. При использовании для меня был плюс в том что он не разбивался после каждого падения. Заряжать не его зарядником не стоит ведь из за этого он сломался у меня 1 раз, просто разрядился и больше не заряжался. За его починку после этого отдала пол цены за весь телефон. Камера откровенно говоря плохая, даже за такую цену. Без карты памяти с ним делать вообще нечего, скачала 2-3 приложения, 100 фоток и всё. Ячейка держит плохо, сим карта проволилась в телефон. Пришлось снова отдавать в ремонт, всего 200 рублей, но всё же. В общем думаю что лучше переплатить несколько тыс. и купить более надёжный телефон.",otzovik.com,otzovik.com,3.0,2019-11-17,https://otzovik.com/review_9028763.html,neutral
"Достоинства: смартфон замечательный
Недостатки: слабая батарея
Пару слов о ХОНОРе 7А... И так, начнем... Купил я его в рассрочку себе в подарок 23 февраля этого года! С момента его первого включения, он ни единого раза не глючит, не просил что -либо обновить! Очень восхищён! Камера снимает на ура... Динамик громкий, глаза от экрана не устают! Начинка в смарфоне оправдывает свою цену! Не дорогой, хороший смартфон! Который понравится каждому! И разбить не жалко, так как он сравнительно не дорогой! Часто смотрю на нём видео через интернет! Изображение огонь! Просто огонь... Если разговаривать с кем по телефону, то нет каких-либо помех, искажений в разговоре и т. д... Смартфон на столько прост, что в нём разберётся даже ребёнок!",otzovik.com,otzovik.com,5.0,2019-03-21,https://otzovik.com/review_7923067.html,positive
"Достоинства: Долго держит батарею. Не дорогой.
Недостатки: Без чехла на корпусе появляются царапины Долго загружается при включении Слабая фронтальная камера
НУ очень бюджетный телефон, свою цену оправдывает, меня устраивает. Камера мне нравится, это было важное условие, но не главное. Работает не очень шустро, но терпимо. Глючит редко. Динамик громкий, но его не использую почти. Единственное, расположение микрофона неудобное и кнопка выключения сама выключается.",otzovik.com,otzovik.com,4.0,2020-04-24,https://otzovik.com/review_9894226.html,positive
"Достоинства: Цена, бренд.
Недостатки: Не имеет отпечаток пальца
Я пользуюсь смартфоном honor 7a. Он отлично подходит для повседневной жизни. Благодаря батареи в 3000мАп смартфона хватает на активный день использования, камера 13 мегапикселей снимает отличные снимки, фронтальная 5 мегапикселей при плохом освещение выдаёт много шумов. В плане игр смартфон не может похвастаться хорошими показателями в требовательных играх требуется ставить средние низкие настройки графики",otzovik.com,otzovik.com,4.0,2018-12-18,https://otzovik.com/review_7416778.html,positive
"Достоинства: Цена
Недостатки: Хрупкий экран
Телефон был куплен в 2020 году, ни разу не ломался, память и камера неплохие, также есть птддержка NFC, но кабель мирко USB все портит. Качество звука не на высоте конечно же, но за саою относительно небольшую цену неплохо. Спустя 3 года эксплуатации телефон начал выдавать ложные показания а конкретно: мало памяти и SD карта не работает. Рекомендую этот телефон как первое мобильное устройство ребенку, или же пенсионерам.",otzovik.com,otzovik.com,3.0,2023-10-12,https://otzovik.com/review_15299704.html,neutral
"Достоинства: Цена удобность простота
Недостатки: Хрупкость
Привет ребятишки, пишу я этот отзыв с сомого Honor 7 A. Девайс мне по нраву. Цена 6 599 российских рублей. Как по мне цена себя оправдывает, так как телефон хороший. Корпус стильный в моем случае из алюминия. Экран чувствует все касания пальцев. Но есть большой минус, его любовь к царапинам, так что рекомендую взять защитное стекло. Прочность у девайса хорошая, падал много раз и все прекрасно(на плитку, бетон, землю). Звук хороший и звонкий, но если в динамик попадёт вода- это приведёт к печальным последствиям. Камера. Передняя камера присутствует и со своими обязанастями справиляется, бонусом к ней есть передний фонарь. Задняя камера так же справляется со своими обязанастями. Хотя стекло, защищающее её хрупкое.",otzovik.com,otzovik.com,4.0,2020-03-20,https://otzovik.com/review_9663237.html,positive
"Достоинства: Камера хорошая, а самое главное батарея держится сутки, то что мне надо было!
Недостатки: Динамик не такой громкий как хотелось, но за такие деньги пойдёт
За такие деньги хороший смартфон, пользуюсь полтора года, все приложения которые скачивала поддерживает, в игры не играю (на счёт и х сказать не могу) камера соответствует 13 мп,",otzovik.com,otzovik.com,5.0,2020-03-08,https://otzovik.com/review_9601363.html,positive
"Достоинства: Держит хорошо зарядку, не разбивается экран при падении, не виснит
Недостатки: Нет
Покупала телефон год назад, все работает исправно, один раз тонул, но на работу смпртфона не повлияло, экран крепкий, даже без защитного стекла, при падении не разбивается, заряд держит хорошо",otzovik.com,otzovik.com,5.0,2020-02-15,https://otzovik.com/review_9488590.html,positive
"Достоинства: легкий, поддерживает множество приложений!
Недостатки: не очень компактный
Всем привет! Хочу поделится с вами своим опытом покупки смартфона Honor 7A! Внешний вид ничем не отличается от остальных! Размер стандартный 73 x 152.4 x 7.8 мм, весит 150 г, довольно таки легкий, но не очень компактный! Самим смартфоном легко пользоваться, поддерживает множество функции, включая наш любимый ватсап! В приложении googl play вы можете установить множество приложений, которые будут работать быстро и качественно!",otzovik.com,otzovik.com,4.0,2019-10-17,https://otzovik.com/review_8888540.html,positive
"Достоинства: Приличная цена, хороший дисплей.
Недостатки: Средненький дизайн. Плохой динамик.
Не дорогой, бюджетный смартфон. При долгом использовании сильно нагревается. Заряжается очень долго, так же быстро разряжается. Стоит примерно 7-9 тыс рублей. Дизайн плохой. Нет сканера отпечаток пальца. Когда покупал, всё работало нормально, прошло несколько месяцев, стал подзависать. Потом вообще не включался. Пойдёт только на временное использование.",otzovik.com,otzovik.com,3.0,2018-12-25,https://otzovik.com/review_7454356.html,neutral
"Достоинства: Камера, дисплей и экран, возможность работать в двух приложениях сразу, возможность работать в спящем режиме (не режет глаза), память
Недостатки: Не думаю, что они есть, но небольшой - если перегрузить приложениями, будет виснуть
Пользуюсь сама лично Honor 7A уже 3 месяца! Дисплей и экран. Возможно, это ещё мало, вы скажете, но нет, этот телефон не перестаёт удивлять. Много интересных и удобных функций (например, работа в двух приложениях сразу, только бы тогда экран и больше, но в целом - удобно). Кстати, цветопередача хорошая (был у меня телефон, и как только перешла на этот - как будто увидела цвета по-новому) Также можно сделать в спящем режиме, что очень удобно, особенно рано утром или поздно ночью, ничего не режет глаза. Камера. Камера достойная, и это даже лучшее, что есть в этом телефоне. Правда, в ночное время суток не такая чёткая, как в дневное, но все же! Ребята, если кто-то еищет телефон с хорошей камерой - смело берите данный телефон, не пожалеете. Сама работа телефона тоже радует, ничего не виснет (конечно, можно и перегрузить телефон множеством приложений и прочего, будет расходоваться быстро заряд, и чуточку зависать). Кстати, о батарее Очень хорошо держит заряд. Опять же отмечу, если не открыть много приложений :) Но и кнопка по экономии заряда также присутствует, что тоже является плюсом этого телефона. Две сим-карты, очень удобно переключать, интернет 4G, ловит очень хорошо (конечно, если это город, где действительно ловит эту сеть), работает быстро. Короче говоря, хороший телефон, не жалею",otzovik.com,otzovik.com,5.0,2018-11-26,https://otzovik.com/review_7305369.html,positive
"Достоинства: Экран, камера
Недостатки: Процессор
Доброво времени суток. Хочу поделится своим мнением о телефоне honor 7a Из плюсов выделю хорошую камеру, хорошой айпиэс экран, и дизайн, и не только Из минусов это плохой процессор 2016 года MT 6739 Также не очень нравится что нету отпечатка пальцев. Pubg и другие тежелые игры телефон тянет на низких настройках. При работе с телефоном более 15 минут, начинает нагреваться, поэтому каждые 30-35 минут нужно охлаждающей процессор. В прочем как рабочий телефон он пойдёт, но если вы хотите поиграть в Pubg или world of tanks, то придётся задуматься. За свои деньги телефон не плохой но очень слабый, Спасибо что прочитали этот отзыв.",otzovik.com,otzovik.com,4.0,2020-06-09,https://otzovik.com/review_10175917.html,positive
"Достоинства: Дизайн,камера
Недостатки: Батарея,тормозит
Вообще не представляю для кого этот телефон?! Им невозможно пользоваться из-за тормозов. Советую обойти стороной этот смартфон!!! Ужасный аппарат, не советую!!!",otzovik.com,otzovik.com,3.0,2021-07-22,https://otzovik.com/review_12205898.html,neutral
"Достоинства: Не очень дорогой телефон. Достаточно долго работает, даже после падения. Есть возможность в выборе цвета.
Недостатки: Материалл из которого сделан телефон очень плохой некачественный.Так как я все эти года ходила с этим телефоном без чехла, он у меня весь поцарапанный.
Я купила этот телефон ещё в 2020 году. И до сих пор он у меня работает. Скажу так минусов конечно в этом телефоне больше, чем плюсов, но ещё раз повторяю для бюджетного телефона это норма. Несмотря на то что телефон все ещё работает, он очень сильно лагает. Уже через год у меня стало вылетать из приложений. Фильмы смотреть не возможно постоянно все вылетает. Камера на этом телефоне ужасная. Особенно передняя. Фоткаешь себя и лицо твоё оказывается жёлтым. Звук в хоноре также очень плохой, лучше, конечно, слушать в наушниках. Играть на хоноре 7а также не получится так как все зависает и памяти очень мало, всего 16 гигабайт.",otzovik.com,otzovik.com,3.0,2023-06-13,https://otzovik.com/review_14838078.html,neutral
"Достоинства: Стоимость, есть все что нужно, неплохая камера.
Недостатки: Советую вставить симку и проверить перед покупкой.
Здравствуйте. Приобрела маме в подарок этот смартфон. Купила в мтс. на второй день после покупки поставили симку, сразу обнаружили проблему первую. Нет интернета. Настройки все проверила, все в порядке. Потом подумала что дело в симке, так как старая и ее просто обрезали. Заменили, та жа история. После начались другие проблемы. Телефон очень сильно нагревался, и включался только на зарядке. Пришлось возвращать. И ждать более 20 дней для замены. И то хотели тот же телефон отдать. Второй такой же смартфон, был без проблем. Работает все исправно. Интернет ловит, камера очень даже хорошая для такой стоимости. Всё свои функции выполняет на 5+. В данной модели все стандартные функции бюджетной модели телефона. Все что нужно есть и даже больше)) Советую перед покупкой вставить симку и все проверить))",otzovik.com,otzovik.com,5.0,2019-07-29,https://otzovik.com/review_8540995.html,positive
"Достоинства: динамики сканер лица андроид 8.1.0 хотя есть и 9.0 размеры
Недостатки: пластик крышка задняя не тянет игры(большинство) система обновляется часто, память не понимаю куда так быстро засоряется не советую смартфон, но поставлю твердую 4 из 5 samsung g2 поинтереснее выглядит за такую же цену!
Где-то пару месяцев назад, из за неполадок старого телефона, мне подарили HONOR 7A. ЧТО могу сказать сразу, телефон не для игр 100%! Такие игры как шутеры или танки он не потянет! Бывало, что даже HILL CLIMB подвисал!!! Просмотр видео на YOUTUBE тоже оставляет желать лучшего! Иногда смотришь и когда присутствуют фризы это порядком не удобно! У телефона есть сканер лица, что является не столь большим, но плюсом(можно похвастаться перед друзьями) Не на всяком современном телефоне есть эта функция. Компактный(небольшой, не маленький) Диагональ 5.5 вроде. КАМЕРА НИКАК У SAMSUNG или у IPHONE, у него 13мп Оставляет желать лучшего, но все равно качество фотографии по шкале от 1 до 10 ставлю 7! КОРПУС ПЛАСТИК, ХОТЕЛОСЬ БЫ МЕТАЛЛ! Современный дизайн, очень нравится! БРАЛ ПО ЭТОМУ ЕГО(ХАХА)! Не дорогой 7490 стоит! Как по мне смартфон оправдывает свои деньги! ДИНАМИКИ ТОЖЕ ХОРОШИЕ! Вопрос у вас! СТАЛ бы я его советовать? Хм... думаю нет! Хотя решайте сами! ХОРОШИЙ СМАРТФОН, НО Я БЫ ПОСМОТРЕЛ ИНЫЕ ВАРИАНТЫ!!! IPHONE SE ближайшие пару лет, как по мне будет не плохо смотреться, у него очень классно оптимизировано система! ПЕРЕХОДИМ К ПЛЮСАМ И МИНУСАМ!",otzovik.com,otzovik.com,4.0,2019-02-04,https://otzovik.com/review_7668717.html,positive
"Достоинства: бюджетен
Недостатки: батеря
Когда узнал про такой смартфон как Honor 7A, подумал, что в нем ничего особенного. Но стоило немного попользоваться им, и мнение изменилось: цветопередача у него потрясающая – картинка получается яркой и выразительной. Еще меня подкупила быстрая загрузка и работа приложений, браузера и других программ. Сейчас это редкость, поскольку многие смартфоны подвисают в самый неподходящий момент. И контрольным аргументом стала его цена. Она ниже, чем у аналогичных устройств от более раскрученных брендов, а «начинка» почти такая же. Единственный минус в том, что телефон разряжается очень быстро! Если работать в режиме «экран не гаснет ни на секунду», хватает часа на три! Советую купить этот смартфон, если вам важна высокая скорость работы. Желательно сразу с павербанком)) По моему мнению, за свою цену, это в полне не плохой себе аппарат Не смотря на то что батарея очень часто разрежается, в целом им хорошо так можно пользоваться, стоит конечно поносить с собой какое то зарядное устройство и он будет казаться очень даже хорошим телефоном Что говорить по играм, когда играешь то дисплей немного нагревается, но на производительности это не влияет, ну смотря кака игра еще. Слишком требовательные игры я думаю он не потянет, да и как я писал выше, что батарея очень быстро садится, то поиграть в игрушки на нем долго не получится. Для звонков, сидеть в соц. Сетях, фотографировать, для этого телефон хорошо пригоден. Памяти в телефоне предостаточно, так что можно об этом не беспокоится, а если все же мало, то пожалуйста слот для флеш карты)) что говорить про процессор, то он желает лучшего. А так можно сказать что он хороший аппарат для тех у кого нету денег на более стоящий телефон. Как многие говорят ""Бюджетен"", если кому то не по карману",otzovik.com,otzovik.com,3.0,2019-08-01,https://otzovik.com/review_8552697.html,neutral
"Достоинства: Не зависает, поддерживает 4G. Разумная цена.
Недостатки: Отцутствует отпечаток пальца.маленькая батарея.
Мне этот телефон очень понравился этот телефон. Всем советую этот крутой телефон за смешную цену. Ещё могу добавить что это лучший телефон в этом году. Но всё же есть ведь и другие многофункциональные смартфоны, но смартфон honor 7a лучший, потому что этот телефон не зависает, как другие телефоны. Поэтому этот крутой смартфон очень крутой. Также и говорит мой друг Андрей у него тоже смартфон honor 7a он тоже утверждает что этот смартфон лучший лучший флагмен 2017-2018 года поэтому мы с моим лучшим другом считаем что этот крутой флагмен достоит своей цены, и он поправку называется лучший флагмен этого года!",otzovik.com,otzovik.com,5.0,2018-11-25,https://otzovik.com/review_7296513.html,positive
"Достоинства: Цена, сборка.
Недостатки: Производительность.
Я считаю, что этот телефон идеально подходит ребёнку, сам купил своему брату 8 лет. Ребёнок доволен и будет не так обидно если потеряет или разобьёт, т. к стоит он не особо много. Из минусов могу выделить производительность большинство современных игр подлагивают или вообще не запускаются, но телефон подходит для просмотра ютубе и контакта. Так же выполняет все свои функции по типу:фотографии, звонки, серфинг в интернете. Подводя итог хочу сказать, что не покупайте детям дорогие телефоны, потому что на нем у моего брата появилась трещина через полгода. За неё не так обидно, как если бы телефон стоил 20 тысяч рублей.",otzovik.com,otzovik.com,4.0,2021-08-15,https://otzovik.com/review_12303596.html,positive
"Достоинства: Хорошая камера, Прикольный дизайн, Хорошая ботарея и также цена=качество
Недостатки: Не доступность рут прав, 16г памяти для кого-то может быть мало
Заказывал себе такой даже сейчас пишу с него очень нравится прикольный и крутой телефон. Если думайте о заказе то можете смело заказать. Но есть один минус если для комфортного пользования вам необходимы рут права но я бы не стал заказывать данный смартфон, так как установщик на хоноре нельзя разблокировать и следовательно рут права являются не доступными. Если нужны рут прова я бы посоветовал какой нибудь самсунг.",otzovik.com,otzovik.com,4.0,2020-02-12,https://otzovik.com/review_9473298.html,positive
"Достоинства: Простое меню , цена адекватная
Недостатки: нет
На день рождения сын заказал телефон. Я не стала сама покупать ( он очень привередливый ) взяла его и мы поехали в магазин. Он долго смотрел выбирал, но телефон бы такой один который ему понравился. Мне если честно он тоже понравился ( позже я и себе такой взяла только в золотом цвете ). Дизайн очень модный для молодежи. И цвет насыщенный синий. Долго держит заряд батарее ( если не играть ). Лично мне хватает до двух дней без зарядки. Ну ребенок конечно же заряжает его каждую ночь. Я пока лучшего варианта не встречала. Мы и мужу взяли такой же только А 8. Для детей самое то. И модно и стильно. Меню не замороченное. Что я считаю большим плюсом. Ну и цена вполне нормальная. Я уже свой покупала за 7990. Для такого телефона думаю нормально ?",otzovik.com,otzovik.com,5.0,2019-09-25,https://otzovik.com/review_8791709.html,positive
"Достоинства: + батарея + дизайн + цена + удобство + камера + звук
Недостатки: Данный смартфон не имеет недостатков!
Хороший смартфон за неплохие деньги. Стоит в районе 7-9 тысяч. Дизайн хороший, немного напоминает айфон. Качество соответствует цене. Батарея держится очень долго. Хватает на целые сутки, даже если переодически в нем засидать на несколько часов. Камера чёткая. Фронтальная 5МП, Основная 13МП. Фокус просто вышка. В работе не имеет никаких багов и прочих лагов. Удобный, симпатичный, бюджетный смартфон! Очень рекомендую!",otzovik.com,otzovik.com,5.0,2018-11-01,https://otzovik.com/review_7179671.html,positive
"Достоинства: Не тормозит, камера
Недостатки: Память
Телефон хороший, купил недавно за 17к. Работает он очень хорошо, лагов не было при покупке был очень доволен сама упаковка выглядила идеально сам цвет упаковки очень отличный. Все было в комплекте очень хорошо. Телефон не тормозил. Левых приложений не было на телефоне. Камера телефона приятная фотки хорошие получаются. Сама память телефона средняя, не то что я ожидал не то что хотел но её хватает. В фотопленке можно редактировать фотографии представлено много фильтров и интерес от редактирования и в фотографий получаешь расширенные возможности. Сам дизайнн отличен линии формы интересны и те нравиться с ним ходит очень современный дизайн",otzovik.com,otzovik.com,4.0,2019-01-06,https://otzovik.com/review_7503885.html,positive
